CODGEO,pct_femmes_pop,pct_cadres_pop,age_median_pop
01001,49.13,17.44,42.0
01002,47.62,13.64,42.0
01004,51.84,11.76,42.0
01005,49.95,12.09,42.0
01006,47.37,8.33,42.0
01007,51.03,14.85,42.0
01008,49.85,11.63,42.0
01009,47.38,2.94,42.0
01010,49.75,7.83,42.0
01011,46.32,23.33,42.0
01012,51.18,3.57,42.0
01013,40.58,11.11,42.0
01014,50.85,6.83,42.0
01015,48.6,25.0,42.0
01016,51.75,10.56,42.0
01017,50.24,3.45,42.0
01019,38.46,0.0,42.0
01021,50.54,19.54,42.0
01022,52.41,5.66,42.0
01023,47.37,10.0,42.0
01024,50.18,11.78,42.0
01025,49.69,8.12,42.0
01026,53.31,5.8,42.0
01027,44.53,8.66,42.0
01028,51.1,7.74,42.0
01029,49.04,8.2,42.0
01030,51.99,10.18,42.0
01031,50.29,9.73,42.0
01032,51.84,13.07,42.0
01033,50.85,9.1,42.0
01034,52.51,8.73,42.0
01035,50.18,6.1,42.0
01036,49.7,11.32,42.0
01037,40.84,8.0,42.0
01038,49.41,11.25,42.0
01040,48.79,3.53,42.0
01041,50.6,8.99,42.0
01042,43.45,16.22,42.0
01043,51.04,24.6,42.0
01044,51.19,9.37,42.0
01045,47.99,25.81,42.0
01046,50.17,5.05,42.0
01047,47.75,9.73,42.0
01049,49.75,15.92,42.0
01050,49.86,5.41,42.0
01051,49.51,0.0,42.0
01052,50.29,29.03,42.0
01053,52.56,12.3,42.0
01054,48.66,21.43,42.0
01056,48.8,17.14,42.0
01057,48.69,4.3,42.0
01058,49.67,5.14,42.0
01060,51.08,14.58,42.0
01061,51.35,13.02,42.0
01062,49.99,16.3,42.0
01063,52.79,8.51,42.0
01064,50.56,7.27,42.0
01065,50.13,17.45,42.0
01066,47.19,0.0,42.0
01067,50.72,6.45,42.0
01068,50.45,10.0,42.0
01069,49.93,11.59,42.0
01071,51.72,20.9,42.0
01072,51.8,14.42,42.0
01073,49.82,17.35,42.0
01074,50.71,9.91,42.0
01075,48.78,13.12,42.0
01076,51.94,0.0,42.0
01077,48.65,20.0,42.0
01078,51.84,24.59,42.0
01079,53.25,6.18,42.0
01080,49.9,0.0,42.0
01081,47.7,3.41,42.0
01082,52.12,9.62,42.0
01083,48.51,6.73,42.0
01084,48.19,8.85,42.0
01085,49.62,10.26,42.0
01087,48.92,31.03,42.0
01088,48.24,18.45,42.0
01089,50.78,9.85,42.0
01090,50.85,8.91,42.0
01092,50.39,12.32,42.0
01093,53.06,9.86,42.0
01094,47.86,6.25,42.0
01095,50.12,8.22,42.0
01096,49.18,8.04,42.0
01098,50.36,4.81,42.0
01099,49.89,19.86,42.0
01100,48.09,16.67,42.0
01101,48.68,5.56,42.0
01102,46.62,4.21,42.0
01103,49.94,22.59,42.0
01104,50.46,3.7,42.0
01105,50.08,20.82,42.0
01106,49.16,6.67,42.0
01107,45.14,16.67,42.0
01108,51.21,3.92,42.0
01109,50.89,17.69,42.0
01110,51.92,0.0,42.0
01111,43.18,23.08,42.0
01112,48.41,1.9,42.0
01113,51.18,9.98,42.0
01114,51.51,8.47,42.0
01115,49.08,5.56,42.0
01116,50.34,7.01,42.0
01117,50.99,5.88,42.0
01118,48.88,3.54,42.0
01121,42.61,6.67,42.0
01123,49.1,8.11,42.0
01124,49.12,8.46,42.0
01125,49.14,5.87,42.0
01127,48.6,6.25,42.0
01128,50.36,17.86,42.0
01129,51.23,17.08,42.0
01130,50.56,11.73,42.0
01133,50.89,14.27,42.0
01134,50.92,15.03,42.0
01135,48.54,22.81,42.0
01136,49.26,11.13,42.0
01138,50.59,7.34,42.0
01139,50.49,5.13,42.0
01140,48.44,6.25,42.0
01141,51.06,2.78,42.0
01142,50.54,18.38,42.0
01143,53.27,35.22,42.0
01145,48.98,10.17,42.0
01146,51.59,10.62,42.0
01147,49.82,6.67,42.0
01148,51.21,10.38,42.0
01149,49.75,17.38,42.0
01150,48.13,4.0,42.0
01151,49.46,6.98,42.0
01152,48.45,15.0,42.0
01153,49.97,34.93,42.0
01155,47.89,7.69,42.0
01156,48.44,20.65,42.0
01157,50.59,23.77,42.0
01158,48.04,19.26,42.0
01159,50.2,9.35,42.0
01160,52.49,25.12,42.0
01162,52.31,40.0,42.0
01163,49.56,8.87,42.0
01165,48.91,16.55,42.0
01166,50.22,16.33,42.0
01167,52.22,13.85,42.0
01169,49.97,15.07,42.0
01170,48.73,6.19,42.0
01171,47.96,12.36,42.0
01173,50.35,18.32,42.0
01174,48.86,17.65,42.0
01175,50.99,13.34,42.0
01177,48.09,11.11,42.0
01179,50.67,6.77,42.0
01180,50.69,31.54,42.0
01181,51.6,17.86,42.0
01183,48.97,9.63,42.0
01184,49.3,12.16,42.0
01185,51.04,7.35,42.0
01187,49.04,4.33,42.0
01188,49.11,5.89,42.0
01189,48.04,7.74,42.0
01190,49.47,0.0,42.0
01191,48.77,10.53,42.0
01192,49.78,8.77,42.0
01193,53.36,0.0,42.0
01194,52.38,11.77,42.0
01195,53.26,17.92,42.0
01196,48.59,8.74,42.0
01197,52.19,23.08,42.0
01198,50.76,20.83,42.0
01199,50.7,11.82,42.0
01200,48.84,8.7,42.0
01202,51.92,12.41,42.0
01203,51.39,4.92,42.0
01204,48.0,11.84,42.0
01206,50.23,10.0,42.0
01207,48.21,9.09,42.0
01208,54.81,0.0,42.0
01209,50.0,14.04,42.0
01210,48.62,8.0,42.0
01211,50.13,15.27,42.0
01212,49.9,9.84,42.0
01213,51.02,13.79,42.0
01214,50.93,5.88,42.0
01215,47.83,4.93,42.0
01216,51.52,14.29,42.0
01219,50.0,7.14,42.0
01224,51.2,11.11,42.0
01225,49.5,33.33,42.0
01227,50.07,8.6,42.0
01228,49.9,3.25,42.0
01229,51.27,9.24,42.0
01230,49.09,3.03,42.0
01231,50.27,9.78,42.0
01232,50.75,6.53,42.0
01233,43.07,11.11,42.0
01234,52.66,10.53,42.0
01235,48.78,9.94,42.0
01236,49.54,10.52,42.0
01237,50.17,9.15,42.0
01238,50.15,20.21,42.0
01239,51.15,4.92,42.0
01240,46.83,8.2,42.0
01241,50.5,11.99,42.0
01242,42.06,11.11,42.0
01243,50.37,13.52,42.0
01244,52.25,16.6,42.0
01245,50.81,11.76,42.0
01246,51.45,6.44,42.0
01247,46.54,16.11,42.0
01248,49.21,21.12,42.0
01249,51.03,18.76,42.0
01250,50.2,13.78,42.0
01252,48.09,17.15,42.0
01254,50.94,19.9,42.0
01255,51.78,1.73,42.0
01257,46.4,15.8,42.0
01258,49.08,17.05,42.0
01259,52.39,11.93,42.0
01260,45.69,8.82,42.0
01261,48.7,16.67,42.0
01262,52.05,14.23,42.0
01263,50.5,16.4,42.0
01264,51.61,9.55,42.0
01265,50.86,4.47,42.0
01266,54.31,7.01,42.0
01267,49.23,10.62,42.0
01268,50.17,3.85,42.0
01269,51.16,10.9,42.0
01272,52.84,6.67,42.0
01273,49.22,9.2,42.0
01274,50.42,3.7,42.0
01275,49.16,25.71,42.0
01276,49.85,12.5,42.0
01277,46.83,16.67,42.0
01279,46.48,0.0,42.0
01280,40.4,22.22,42.0
01281,50.34,25.06,42.0
01282,46.79,25.18,42.0
01283,50.32,7.49,42.0
01284,49.81,7.89,42.0
01285,49.03,20.31,42.0
01286,50.97,12.64,42.0
01288,49.21,21.28,42.0
01289,52.29,15.03,42.0
01290,49.86,15.89,42.0
01291,48.77,11.54,42.0
01293,48.37,26.67,42.0
01294,49.56,6.59,42.0
01295,51.22,13.51,42.0
01296,48.75,9.09,42.0
01297,48.92,22.54,42.0
01298,48.67,12.5,42.0
01299,49.45,15.64,42.0
01301,50.37,10.74,42.0
01302,47.27,6.25,42.0
01303,50.67,11.95,42.0
01304,50.43,12.15,42.0
01305,52.15,6.92,42.0
01306,54.08,5.95,42.0
01307,49.17,14.69,42.0
01308,50.84,6.63,42.0
01309,44.16,0.0,42.0
01310,36.33,0.0,42.0
01311,51.92,0.0,42.0
01313,51.16,29.99,42.0
01314,51.08,20.45,42.0
01317,52.14,5.71,42.0
01318,50.19,16.9,42.0
01319,49.03,9.27,42.0
01320,50.25,10.64,42.0
01321,48.67,15.62,42.0
01322,50.89,20.99,42.0
01323,49.55,3.19,42.0
01325,49.78,18.81,42.0
01328,55.19,16.67,42.0
01329,44.51,19.05,42.0
01331,47.92,4.55,42.0
01332,51.53,7.31,42.0
01333,52.69,14.47,42.0
01334,51.08,17.19,42.0
01335,47.61,15.15,42.0
01336,51.06,7.61,42.0
01337,50.87,8.77,42.0
01338,50.11,5.56,42.0
01339,51.06,28.24,42.0
01342,49.44,26.4,42.0
01343,48.62,10.37,42.0
01344,51.24,15.62,42.0
01345,50.85,7.6,42.0
01346,51.87,1.24,42.0
01347,50.23,22.61,42.0
01348,50.68,7.77,42.0
01349,51.23,19.15,42.0
01350,49.62,8.11,42.0
01351,50.24,10.71,42.0
01352,46.46,8.7,42.0
01353,50.93,16.77,42.0
01354,49.02,29.59,42.0
01355,49.18,15.69,42.0
01356,48.76,17.39,42.0
01357,47.6,6.03,42.0
01358,50.12,13.95,42.0
01359,47.71,16.67,42.0
01360,50.13,20.21,42.0
01361,50.56,23.73,42.0
01362,48.94,16.88,42.0
01363,51.96,10.69,42.0
01364,49.03,5.41,42.0
01365,49.91,12.15,42.0
01366,48.17,12.61,42.0
01367,48.91,7.58,42.0
01368,47.49,5.62,42.0
01369,52.15,16.87,42.0
01370,54.16,6.82,42.0
01371,50.37,12.18,42.0
01372,51.51,13.95,42.0
01373,49.53,9.48,42.0
01374,48.6,11.05,42.0
01375,49.65,7.21,42.0
01376,51.43,12.79,42.0
01378,49.93,18.55,42.0
01379,50.42,9.41,42.0
01380,45.55,3.63,42.0
01381,46.82,7.78,42.0
01382,48.46,28.12,42.0
01383,49.65,6.99,42.0
01384,52.15,5.64,42.0
01385,49.67,17.43,42.0
01386,49.92,16.84,42.0
01387,50.0,17.39,42.0
01388,52.09,9.2,42.0
01389,50.2,6.92,42.0
01390,49.71,11.01,42.0
01391,51.0,5.0,42.0
01392,51.49,7.35,42.0
01393,48.44,6.9,42.0
01396,48.46,2.94,42.0
01397,51.12,24.5,42.0
01398,51.06,16.67,42.0
01399,51.25,31.9,42.0
01400,52.24,21.43,42.0
01401,50.35,22.51,42.0
01402,49.91,4.62,42.0
01403,50.72,5.36,42.0
01404,42.96,0.0,42.0
01405,48.53,2.33,42.0
01406,48.69,5.88,42.0
01407,52.7,10.41,42.0
01408,49.67,7.35,42.0
01410,45.96,19.04,42.0
01411,48.67,11.54,42.0
01412,48.86,12.9,42.0
01415,54.97,9.45,42.0
01416,49.79,5.19,42.0
01418,48.73,20.56,42.0
01419,50.35,31.03,42.0
01420,56.8,8.38,42.0
01421,47.99,5.93,42.0
01422,49.79,14.06,42.0
01423,49.72,7.5,42.0
01424,49.4,29.02,42.0
01425,48.63,19.23,42.0
01426,48.7,8.83,42.0
01427,50.47,17.37,42.0
01428,48.41,10.0,42.0
01429,49.52,9.09,42.0
01430,46.7,13.29,42.0
01431,48.27,12.93,42.0
01432,52.23,7.69,42.0
01433,49.64,3.13,42.0
01434,49.37,23.15,42.0
01435,51.02,24.15,42.0
01436,48.93,23.21,42.0
01437,45.74,4.35,42.0
01439,45.83,13.33,42.0
01441,47.88,9.21,42.0
01443,52.21,14.74,42.0
01444,49.06,11.71,42.0
01445,48.67,4.62,42.0
01446,50.22,11.66,42.0
01447,50.69,4.0,42.0
01448,50.53,8.89,42.0
01449,48.75,21.62,42.0
01450,50.51,20.94,42.0
01451,49.93,12.59,42.0
01452,51.34,7.94,42.0
01453,47.69,5.69,42.0
01454,51.43,9.29,42.0
01456,52.11,100.0,42.0
01457,51.25,6.51,42.0
02001,49.67,1.96,42.0
02002,49.49,11.32,42.0
02003,50.94,11.96,42.0
02004,47.57,7.69,42.0
02005,51.35,7.69,42.0
02006,48.15,7.41,42.0
02007,46.61,6.25,42.0
02008,46.75,15.15,42.0
02009,48.79,3.92,42.0
02010,45.4,0.0,42.0
02011,50.04,9.71,42.0
02012,46.48,0.0,42.0
02013,46.3,4.88,42.0
02014,48.63,1.85,42.0
02015,50.0,0.0,42.0
02016,50.46,8.33,42.0
02017,50.89,17.39,42.0
02018,51.59,7.49,42.0
02019,51.14,10.34,42.0
02020,49.45,6.23,42.0
02021,51.95,14.29,42.0
02022,50.34,19.44,42.0
02023,52.13,15.38,42.0
02024,48.89,0.0,42.0
02025,52.08,2.86,42.0
02027,48.6,9.29,42.0
02028,52.46,10.47,42.0
02029,48.19,9.43,42.0
02030,51.76,3.85,42.0
02031,48.4,0.0,42.0
02032,51.08,7.41,42.0
02033,50.98,9.09,42.0
02034,49.04,0.0,42.0
02035,50.04,4.35,42.0
02036,47.22,0.0,42.0
02037,50.71,5.01,42.0
02038,53.97,0.0,42.0
02039,49.99,13.33,42.0
02040,51.43,0.0,42.0
02041,52.5,10.29,42.0
02042,48.92,12.82,42.0
02043,47.69,0.0,42.0
02044,45.83,0.0,42.0
02046,50.55,3.7,42.0
02047,46.3,0.0,42.0
02048,50.0,7.69,42.0
02049,50.2,3.45,42.0
02050,51.57,7.44,42.0
02051,49.61,7.91,42.0
02052,55.3,0.0,42.0
02053,49.08,11.32,42.0
02054,49.81,11.1,42.0
02055,50.0,0.0,42.0
02056,47.62,0.0,42.0
02057,51.03,4.1,42.0
02058,50.03,3.49,42.0
02059,51.3,4.19,42.0
02060,45.14,3.57,42.0
02061,48.14,0.0,42.0
02062,49.62,0.0,42.0
02063,51.19,0.0,42.0
02064,53.59,5.07,42.0
02065,50.45,3.77,42.0
02066,55.1,3.85,42.0
02067,50.24,0.0,42.0
02068,50.0,20.0,42.0
02069,51.92,9.09,42.0
02070,50.6,10.06,42.0
02071,51.03,11.27,42.0
02072,47.46,0.0,42.0
02073,45.0,8.93,42.0
02074,50.71,0.0,42.0
02075,50.0,0.0,42.0
02076,42.07,5.26,42.0
02078,48.48,0.0,42.0
02079,50.76,8.33,42.0
02080,50.51,6.26,42.0
02081,48.98,12.29,42.0
02082,45.83,0.0,42.0
02083,49.41,15.49,42.0
02084,48.08,2.86,42.0
02085,51.06,9.17,42.0
02086,51.0,4.65,42.0
02087,44.12,0.0,42.0
02088,52.5,0.0,42.0
02089,49.6,12.22,42.0
02090,49.23,18.18,42.0
02091,47.37,25.0,42.0
02093,49.38,12.5,42.0
02094,48.78,15.56,42.0
02095,51.87,2.54,42.0
02096,52.13,11.11,42.0
02097,48.89,7.69,42.0
02098,48.82,20.41,42.0
02099,51.13,9.09,42.0
02100,44.2,0.0,42.0
02101,53.8,0.0,42.0
02102,48.37,7.14,42.0
02103,50.23,5.45,42.0
02104,50.51,0.0,42.0
02105,50.78,4.76,42.0
02106,54.05,6.67,42.0
02107,42.31,0.0,42.0
02108,51.43,21.43,42.0
02109,49.42,9.71,42.0
02110,51.56,9.68,42.0
02111,52.44,10.0,42.0
02112,50.36,3.92,42.0
02114,55.1,10.83,42.0
02115,50.75,14.29,42.0
02116,49.62,0.0,42.0
02117,50.79,14.29,42.0
02118,52.31,10.0,42.0
02119,46.26,4.67,42.0
02120,50.0,5.56,42.0
02121,44.29,0.0,42.0
02122,50.91,25.0,42.0
02123,52.38,9.32,42.0
02124,48.86,6.9,42.0
02125,49.73,5.0,42.0
02126,50.57,7.41,42.0
02127,46.8,4.76,42.0
02128,52.63,16.2,42.0
02129,47.62,0.0,42.0
02130,49.51,0.0,42.0
02131,50.21,11.6,42.0
02132,52.41,6.67,42.0
02133,53.69,10.53,42.0
02134,49.19,6.35,42.0
02135,49.87,7.45,42.0
02136,46.09,0.0,42.0
02137,48.85,10.0,42.0
02138,46.86,15.79,42.0
02139,50.76,2.33,42.0
02140,45.8,5.0,42.0
02141,52.89,4.26,42.0
02142,48.18,13.04,42.0
02143,51.08,0.0,42.0
02144,46.53,0.0,42.0
02145,48.41,1.97,42.0
02146,54.22,25.0,42.0
02148,48.99,3.85,42.0
02149,51.67,25.0,42.0
02150,53.23,10.0,42.0
02151,51.38,20.0,42.0
02152,47.19,36.36,42.0
02153,50.63,18.24,42.0
02154,49.61,15.21,42.0
02155,48.22,5.88,42.0
02156,51.34,10.53,42.0
02157,50.91,3.75,42.0
02158,46.67,13.51,42.0
02159,48.64,4.37,42.0
02160,51.91,9.76,42.0
02162,48.99,0.0,42.0
02163,53.31,6.42,42.0
02164,53.89,3.19,42.0
02165,51.9,6.98,42.0
02166,50.04,2.93,42.0
02167,47.17,9.25,42.0
02168,52.63,9.76,42.0
02169,44.58,0.0,42.0
02170,49.19,16.67,42.0
02171,45.65,16.67,42.0
02172,48.92,9.68,42.0
02173,52.45,8.07,42.0
02174,50.1,6.67,42.0
02175,44.9,11.76,42.0
02176,51.46,4.55,42.0
02177,46.76,18.18,42.0
02178,45.67,10.0,42.0
02179,47.98,13.94,42.0
02180,50.01,16.39,42.0
02181,48.45,0.0,42.0
02182,53.68,0.0,42.0
02183,47.78,17.65,42.0
02184,51.54,2.94,42.0
02185,49.25,18.44,42.0
02186,52.91,6.92,42.0
02187,51.24,17.58,42.0
02188,55.32,0.0,42.0
02189,48.2,0.0,42.0
02190,51.88,3.85,42.0
02191,51.84,8.33,42.0
02192,46.61,2.63,42.0
02193,45.0,20.0,42.0
02194,48.55,27.78,42.0
02195,48.47,9.3,42.0
02196,51.7,9.38,42.0
02197,50.55,2.0,42.0
02198,49.38,19.05,42.0
02199,47.4,1.66,42.0
02200,47.17,25.0,42.0
02201,56.44,8.82,42.0
02203,48.95,15.65,42.0
02204,51.56,0.0,42.0
02205,47.95,11.11,42.0
02206,45.07,0.0,42.0
02207,52.07,4.17,42.0
02208,50.29,15.63,42.0
02209,51.37,13.85,42.0
02210,48.4,4.91,42.0
02211,49.85,0.0,42.0
02212,51.32,7.81,42.0
02213,47.31,6.25,42.0
02214,42.62,0.0,42.0
02215,51.84,5.26,42.0
02216,49.08,15.38,42.0
02217,51.52,5.96,42.0
02218,51.3,6.15,42.0
02219,55.11,23.56,42.0
02220,49.66,17.95,42.0
02221,42.86,0.0,42.0
02222,51.28,50.0,42.0
02223,51.41,2.75,42.0
02224,52.0,5.56,42.0
02225,50.0,37.5,42.0
02226,50.95,7.28,42.0
02227,40.83,7.14,42.0
02228,49.01,16.67,42.0
02229,50.0,0.0,42.0
02230,53.45,16.67,42.0
02231,50.97,9.89,42.0
02232,35.11,4.09,42.0
02233,50.39,0.0,42.0
02234,54.76,14.29,42.0
02235,46.49,12.5,42.0
02236,47.58,0.0,42.0
02237,52.05,6.43,42.0
02238,51.87,11.23,42.0
02239,50.04,4.9,42.0
02240,49.49,5.0,42.0
02241,46.11,20.0,42.0
02242,50.08,11.76,42.0
02243,51.53,11.84,42.0
02244,37.5,0.0,42.0
02245,48.07,13.16,42.0
02246,49.48,5.26,42.0
02248,43.33,0.0,42.0
02249,41.18,18.18,42.0
02250,50.0,20.0,42.0
02251,44.44,0.0,42.0
02252,47.89,0.0,42.0
02253,48.64,6.98,42.0
02254,45.6,15.79,42.0
02255,47.06,7.69,42.0
02256,53.66,0.0,42.0
02257,48.97,29.03,42.0
02258,53.2,6.98,42.0
02259,50.36,10.0,42.0
02260,49.72,8.06,42.0
02261,46.75,2.95,42.0
02262,48.82,11.11,42.0
02263,43.75,0.0,42.0
02264,47.2,7.01,42.0
02265,52.44,0.0,42.0
02266,53.33,14.29,42.0
02267,48.17,17.39,42.0
02268,49.46,9.34,42.0
02269,46.62,17.65,42.0
02270,47.62,0.0,42.0
02271,49.25,16.67,42.0
02272,46.67,14.29,42.0
02273,51.26,4.0,42.0
02274,50.61,5.0,42.0
02275,50.58,0.0,42.0
02276,45.9,0.0,42.0
02277,49.93,3.68,42.0
02278,44.12,33.33,42.0
02279,48.99,15.37,42.0
02280,47.11,19.11,42.0
02281,45.76,0.0,42.0
02282,51.16,7.89,42.0
02283,50.44,14.09,42.0
02284,41.84,0.0,42.0
02286,50.41,0.0,42.0
02287,52.81,8.99,42.0
02288,52.72,6.26,42.0
02289,48.41,9.21,42.0
02290,48.69,9.29,42.0
02291,48.04,8.11,42.0
02292,52.3,6.79,42.0
02293,49.35,6.25,42.0
02294,49.04,11.11,42.0
02295,48.76,3.85,42.0
02296,51.69,8.02,42.0
02297,52.85,11.11,42.0
02298,49.65,2.38,42.0
02299,49.18,4.36,42.0
02302,48.28,11.9,42.0
02303,50.0,19.12,42.0
02304,55.47,4.88,42.0
02305,53.0,5.12,42.0
02306,49.34,0.0,42.0
02307,50.93,9.36,42.0
02308,47.29,4.55,42.0
02309,52.33,6.49,42.0
02310,45.09,4.0,42.0
02312,49.93,4.27,42.0
02313,48.55,4.77,42.0
02315,50.51,10.37,42.0
02316,51.56,18.18,42.0
02317,52.02,4.17,42.0
02318,49.41,5.8,42.0
02319,50.58,6.49,42.0
02320,48.93,12.5,42.0
02321,49.99,14.34,42.0
02322,45.91,16.22,42.0
02323,47.83,9.09,42.0
02324,46.94,7.41,42.0
02326,51.51,13.61,42.0
02327,57.23,0.0,42.0
02328,50.33,20.83,42.0
02329,48.56,6.67,42.0
02330,50.09,12.77,42.0
02331,48.11,0.0,42.0
02332,48.01,12.36,42.0
02333,51.25,0.0,42.0
02334,51.26,4.17,42.0
02335,41.9,11.11,42.0
02336,49.88,8.69,42.0
02337,51.03,0.0,42.0
02338,51.73,3.57,42.0
02339,46.44,8.97,42.0
02340,52.43,5.61,42.0
02341,46.94,0.0,42.0
02342,51.49,0.0,42.0
02343,56.79,0.0,42.0
02345,43.24,0.0,42.0
02346,50.0,8.33,42.0
02347,48.76,5.41,42.0
02349,52.31,0.0,42.0
02350,48.94,0.0,42.0
02351,50.0,25.0,42.0
02352,48.25,6.25,42.0
02353,50.62,10.72,42.0
02354,47.5,0.0,42.0
02355,51.88,13.59,42.0
02356,46.58,10.0,42.0
02357,46.43,0.0,42.0
02358,47.65,4.02,42.0
02359,49.91,7.48,42.0
02360,51.65,15.05,42.0
02361,53.55,5.0,42.0
02362,51.05,8.7,42.0
02363,48.04,8.27,42.0
02364,47.15,14.29,42.0
02366,46.3,0.0,42.0
02367,49.43,0.0,42.0
02368,50.25,3.51,42.0
02369,47.96,0.0,42.0
02370,51.0,4.55,42.0
02371,53.09,7.14,42.0
02372,49.62,9.37,42.0
02373,49.52,7.69,42.0
02374,50.11,3.85,42.0
02375,54.72,5.68,42.0
02376,50.0,5.68,42.0
02377,42.22,6.67,42.0
02378,51.13,0.0,42.0
02379,56.17,0.0,42.0
02380,42.86,0.0,42.0
02381,53.0,6.11,42.0
02382,50.01,12.28,42.0
02383,51.86,14.49,42.0
02384,51.79,0.0,42.0
02385,53.33,0.0,42.0
02386,49.76,0.0,42.0
02387,49.81,14.61,42.0
02388,49.32,4.55,42.0
02389,49.13,7.57,42.0
02390,51.76,11.11,42.0
02391,47.77,8.7,42.0
02392,50.4,10.69,42.0
02393,52.11,18.75,42.0
02395,42.5,8.33,42.0
02396,44.07,0.0,42.0
02397,50.77,8.11,42.0
02398,51.5,4.58,42.0
02399,49.08,3.33,42.0
02400,49.32,0.0,42.0
02401,46.91,0.0,42.0
02402,48.65,0.0,42.0
02403,51.88,13.04,42.0
02404,52.38,5.88,42.0
02405,51.24,12.82,42.0
02406,48.06,0.0,42.0
02407,53.37,10.0,42.0
02408,51.98,9.53,42.0
02409,52.67,7.14,42.0
02410,47.08,11.11,42.0
02411,48.0,4.35,42.0
02412,47.37,20.0,42.0
02413,48.67,14.81,42.0
02414,49.75,13.33,42.0
02415,48.08,18.75,42.0
02416,50.0,0.0,42.0
02417,51.72,11.11,42.0
02418,52.02,11.11,42.0
02419,50.66,9.69,42.0
02420,51.55,15.38,42.0
02421,57.14,20.0,42.0
02422,50.99,1.41,42.0
02423,48.58,14.29,42.0
02424,40.59,10.0,42.0
02425,47.59,7.69,42.0
02426,52.31,10.17,42.0
02427,42.76,26.65,42.0
02428,48.33,0.0,42.0
02429,46.02,0.0,42.0
02430,54.93,0.88,42.0
02431,48.58,2.94,42.0
02432,50.53,6.25,42.0
02433,52.03,6.67,42.0
02435,52.44,0.0,42.0
02438,48.63,9.9,42.0
02439,49.27,9.52,42.0
02440,53.15,8.33,42.0
02441,47.93,5.56,42.0
02442,46.99,11.11,42.0
02443,46.8,9.09,42.0
02444,48.51,11.11,42.0
02445,47.57,0.0,42.0
02446,48.31,8.33,42.0
02447,48.41,0.0,42.0
02448,51.38,0.0,42.0
02449,51.52,0.0,42.0
02450,48.21,3.22,42.0
02451,50.0,0.0,42.0
02452,55.32,22.73,42.0
02453,47.67,4.75,42.0
02454,48.45,5.26,42.0
02455,49.72,0.0,42.0
02456,48.81,7.14,42.0
02457,52.02,7.38,42.0
02458,50.67,8.56,42.0
02459,52.35,25.0,42.0
02460,44.66,5.56,42.0
02461,49.12,6.98,42.0
02462,47.98,11.11,42.0
02463,46.34,0.0,42.0
02464,48.93,2.63,42.0
02465,51.23,12.77,42.0
02466,48.82,0.0,42.0
02467,45.1,0.0,42.0
02468,51.82,6.62,42.0
02469,51.14,4.88,42.0
02470,47.89,7.5,42.0
02471,49.63,20.0,42.0
02472,46.13,9.72,42.0
02473,47.0,10.53,42.0
02474,50.07,8.82,42.0
02476,52.32,5.36,42.0
02477,51.21,21.95,42.0
02478,48.24,14.29,42.0
02480,45.57,3.7,42.0
02481,50.03,15.0,42.0
02482,46.3,0.0,42.0
02483,52.67,7.97,42.0
02484,47.19,0.0,42.0
02485,50.0,7.69,42.0
02486,50.47,22.22,42.0
02487,49.72,7.66,42.0
02488,53.16,0.0,42.0
02489,49.99,21.89,42.0
02490,50.0,20.0,42.0
02491,46.62,10.37,42.0
02492,49.34,12.71,42.0
02493,46.12,5.26,42.0
02494,49.61,0.0,42.0
02495,50.94,3.26,42.0
02496,54.08,7.14,42.0
02497,50.47,18.18,42.0
02498,49.48,3.75,42.0
02499,51.28,0.0,42.0
02500,48.12,1.49,42.0
02501,52.38,10.0,42.0
02502,51.06,4.42,42.0
02503,48.83,5.56,42.0
02504,51.52,9.37,42.0
02505,45.93,0.0,42.0
02506,47.03,16.67,42.0
02507,46.67,0.0,42.0
02508,46.67,0.0,42.0
02509,56.21,4.55,42.0
02510,49.64,23.53,42.0
02511,48.9,6.45,42.0
02512,50.74,9.68,42.0
02513,49.31,17.65,42.0
02514,49.36,5.19,42.0
02515,52.73,16.67,42.0
02516,50.7,14.29,42.0
02517,50.81,3.7,42.0
02518,44.09,11.43,42.0
02519,48.92,0.0,42.0
02520,48.8,6.58,42.0
02521,49.45,13.6,42.0
02522,50.59,14.29,42.0
02523,50.0,0.0,42.0
02524,49.35,2.63,42.0
02525,52.66,6.67,42.0
02526,48.48,0.0,42.0
02527,47.1,2.5,42.0
02528,48.02,4.76,42.0
02529,52.17,0.0,42.0
02530,44.87,11.11,42.0
02531,50.36,7.14,42.0
02532,51.79,2.06,42.0
02533,52.46,0.0,42.0
02534,53.49,0.0,42.0
02535,45.69,0.0,42.0
02536,51.14,12.5,42.0
02537,40.57,15.79,42.0
02538,43.24,14.29,42.0
02539,49.41,1.39,42.0
02540,52.26,16.82,42.0
02541,51.46,9.37,42.0
02542,51.22,12.5,42.0
02543,51.7,4.81,42.0
02544,54.04,9.52,42.0
02545,44.44,0.0,42.0
02546,51.72,19.05,42.0
02547,47.54,16.67,42.0
02548,51.41,3.03,42.0
02549,50.9,11.81,42.0
02550,47.5,0.0,42.0
02551,50.86,0.0,42.0
02552,52.2,5.0,42.0
02553,46.81,0.0,42.0
02554,52.74,13.14,42.0
02555,52.7,7.97,42.0
02556,50.72,10.0,42.0
02557,54.1,17.65,42.0
02558,51.96,7.96,42.0
02559,49.9,6.98,42.0
02560,51.47,4.07,42.0
02561,50.34,20.0,42.0
02562,46.7,3.7,42.0
02563,47.73,7.69,42.0
02564,49.9,10.71,42.0
02565,52.54,7.69,42.0
02566,49.35,7.55,42.0
02567,52.93,3.23,42.0
02568,49.38,0.0,42.0
02569,48.53,2.5,42.0
02570,47.46,10.53,42.0
02571,47.83,12.26,42.0
02572,50.73,8.77,42.0
02573,49.12,0.0,42.0
02574,53.25,5.26,42.0
02575,53.0,3.51,42.0
02576,50.46,6.45,42.0
02577,47.78,0.0,42.0
02578,43.75,10.0,42.0
02579,49.25,21.43,42.0
02580,52.15,2.46,42.0
02581,45.54,10.0,42.0
02582,48.75,14.29,42.0
02583,41.27,20.0,42.0
02584,45.3,14.29,42.0
02585,50.2,3.45,42.0
02586,44.06,0.0,42.0
02587,52.14,18.18,42.0
02588,44.12,20.0,42.0
02589,47.7,7.44,42.0
02590,51.15,0.0,42.0
02591,53.47,15.38,42.0
02592,50.78,0.0,42.0
02593,52.21,18.16,42.0
02594,49.24,0.0,42.0
02595,48.18,6.25,42.0
02596,50.76,7.77,42.0
02598,48.02,14.05,42.0
02599,50.6,10.08,42.0
02600,51.71,3.33,42.0
02601,49.71,10.53,42.0
02602,51.07,4.41,42.0
02604,51.28,0.0,42.0
02605,48.96,13.33,42.0
02606,53.76,14.29,42.0
02607,50.52,0.0,42.0
02608,50.67,2.17,42.0
02609,43.48,0.0,42.0
02610,50.38,11.29,42.0
02612,49.15,0.0,42.0
02613,48.79,17.74,42.0
02614,51.77,7.74,42.0
02615,49.15,2.94,42.0
02616,50.27,6.25,42.0
02617,48.31,2.16,42.0
02618,48.93,5.16,42.0
02619,48.99,5.41,42.0
02620,50.61,0.0,42.0
02621,48.5,19.05,42.0
02622,47.27,0.0,42.0
02623,53.76,0.0,42.0
02624,51.09,7.69,42.0
02625,50.68,8.33,42.0
02626,49.95,9.76,42.0
02627,49.62,0.0,42.0
02628,52.53,12.2,42.0
02629,52.9,12.07,42.0
02631,49.72,5.26,42.0
02632,44.64,12.5,42.0
02633,51.61,20.0,42.0
02634,50.56,11.11,42.0
02635,53.06,0.0,42.0
02636,55.25,11.11,42.0
02637,54.07,13.33,42.0
02638,51.87,13.04,42.0
02639,49.89,0.0,42.0
02640,45.71,9.09,42.0
02641,50.37,25.0,42.0
02642,51.2,8.33,42.0
02643,50.5,10.71,42.0
02644,50.1,9.09,42.0
02645,43.92,5.0,42.0
02647,54.65,0.0,42.0
02648,52.75,8.39,42.0
02649,50.04,3.33,42.0
02650,48.08,0.0,42.0
02651,50.0,8.33,42.0
02652,52.88,0.0,42.0
02653,49.04,9.26,42.0
02654,46.99,0.0,42.0
02655,51.37,0.0,42.0
02656,50.24,11.36,42.0
02657,46.53,0.0,42.0
02658,52.28,15.79,42.0
02659,50.69,16.36,42.0
02660,53.33,0.0,42.0
02661,48.68,9.52,42.0
02662,50.17,11.49,42.0
02663,44.17,17.04,42.0
02664,47.15,0.0,42.0
02665,47.15,17.86,42.0
02666,50.54,10.13,42.0
02667,48.28,34.78,42.0
02668,54.85,5.32,42.0
02670,46.62,0.0,42.0
02671,50.89,11.13,42.0
02672,47.92,16.0,42.0
02673,46.9,9.05,42.0
02674,50.0,0.0,42.0
02675,51.22,15.79,42.0
02676,50.71,8.19,42.0
02677,47.75,0.0,42.0
02678,47.37,0.0,42.0
02679,47.06,10.53,42.0
02680,53.13,9.54,42.0
02681,48.96,5.33,42.0
02682,45.69,0.0,42.0
02683,44.07,0.0,42.0
02684,49.7,6.02,42.0
02685,48.54,8.33,42.0
02686,50.6,5.09,42.0
02687,49.95,10.34,42.0
02688,42.22,20.0,42.0
02689,46.34,0.0,42.0
02690,51.47,0.0,42.0
02691,53.19,11.1,42.0
02693,45.58,5.0,42.0
02694,48.83,8.45,42.0
02696,50.0,12.5,42.0
02697,51.0,10.29,42.0
02698,52.48,0.0,42.0
02699,45.43,0.0,42.0
02701,48.76,5.01,42.0
02702,48.2,4.76,42.0
02703,52.0,3.16,42.0
02704,46.38,3.7,42.0
02705,48.1,8.7,42.0
02706,50.62,3.63,42.0
02707,46.37,12.5,42.0
02708,50.23,5.56,42.0
02709,48.43,8.82,42.0
02710,49.2,1.42,42.0
02711,45.35,6.0,42.0
02712,51.41,5.56,42.0
02713,48.76,4.17,42.0
02714,50.66,3.7,42.0
02715,45.24,20.0,42.0
02716,48.97,14.81,42.0
02717,51.59,9.63,42.0
02718,46.61,33.33,42.0
02719,50.84,11.97,42.0
02720,46.92,2.62,42.0
02721,49.36,8.89,42.0
02722,53.17,10.67,42.0
02723,48.45,0.0,42.0
02724,50.0,0.0,42.0
02725,45.99,6.67,42.0
02726,51.43,0.0,42.0
02727,49.76,9.09,42.0
02728,51.13,4.76,42.0
02729,48.15,10.0,42.0
02730,50.46,8.7,42.0
02731,47.92,0.0,42.0
02732,49.41,0.0,42.0
02734,52.23,11.54,42.0
02735,37.5,0.0,42.0
02736,51.5,0.0,42.0
02737,50.22,3.48,42.0
02738,52.42,4.37,42.0
02739,49.75,5.56,42.0
02740,49.78,3.71,42.0
02741,47.05,4.76,42.0
02742,50.82,0.0,42.0
02743,48.12,6.67,42.0
02744,46.91,37.5,42.0
02745,50.43,0.0,42.0
02746,50.95,11.59,42.0
02747,55.0,12.5,42.0
02748,48.91,7.85,42.0
02749,48.82,3.57,42.0
02750,47.74,19.61,42.0
02751,49.65,8.33,42.0
02752,49.27,22.09,42.0
02753,49.93,6.25,42.0
02754,53.23,25.0,42.0
02755,47.87,1.79,42.0
02756,51.8,7.35,42.0
02757,46.87,2.86,42.0
02758,51.76,7.99,42.0
02759,46.09,4.0,42.0
02760,50.0,7.69,42.0
02761,48.34,4.55,42.0
02762,49.12,5.56,42.0
02763,47.72,0.0,42.0
02764,50.0,0.0,42.0
02765,48.95,20.0,42.0
02766,50.0,14.29,42.0
02767,48.9,9.52,42.0
02768,51.39,12.5,42.0
02769,51.03,4.76,42.0
02770,51.9,18.06,42.0
02772,48.59,7.14,42.0
02773,48.72,0.0,42.0
02774,50.0,8.33,42.0
02775,52.62,12.29,42.0
02776,49.88,7.69,42.0
02777,47.18,22.22,42.0
02778,47.52,8.33,42.0
02779,53.22,7.14,42.0
02780,52.51,8.33,42.0
02781,50.78,12.38,42.0
02782,48.11,11.76,42.0
02783,50.0,0.0,42.0
02784,50.64,21.43,42.0
02785,52.33,9.92,42.0
02786,53.17,0.0,42.0
02787,52.13,20.0,42.0
02788,51.95,9.7,42.0
02789,52.28,7.14,42.0
02790,50.84,4.76,42.0
02791,51.58,32.24,42.0
02792,46.45,14.29,42.0
02793,45.13,0.0,42.0
02794,49.46,17.65,42.0
02795,51.76,4.78,42.0
02796,48.39,12.5,42.0
02797,50.58,0.0,42.0
02798,49.68,11.02,42.0
02799,50.32,2.39,42.0
02800,47.28,6.25,42.0
02801,47.55,8.22,42.0
02802,46.31,0.0,42.0
02803,43.79,0.0,42.0
02804,49.32,11.11,42.0
02805,52.19,10.27,42.0
02806,47.76,0.0,42.0
02807,47.63,9.87,42.0
02808,48.13,9.09,42.0
02809,48.1,0.0,42.0
02810,51.45,7.49,42.0
02812,48.79,13.04,42.0
02813,45.47,16.67,42.0
02814,48.77,0.0,42.0
02815,48.69,2.62,42.0
02816,48.18,10.42,42.0
02817,46.99,16.67,42.0
02818,50.89,7.3,42.0
02819,51.46,0.0,42.0
02820,50.05,11.76,42.0
02821,50.91,18.46,42.0
02822,49.88,13.33,42.0
02823,48.65,0.0,42.0
02824,52.02,9.48,42.0
02826,47.75,4.0,42.0
02827,49.6,3.88,42.0
02828,46.07,12.5,42.0
02829,39.53,0.0,42.0
02830,51.58,2.41,42.0
02831,47.12,9.38,42.0
02832,51.12,5.0,42.0
02833,51.08,0.0,42.0
02834,50.34,6.67,42.0
03001,50.0,11.4,42.0
03002,50.76,10.16,42.0
03003,50.63,13.95,42.0
03004,49.31,12.5,42.0
03005,48.49,0.0,42.0
03006,48.63,3.85,42.0
03007,48.65,6.45,42.0
03008,47.91,3.45,42.0
03009,45.06,9.09,42.0
03010,49.02,2.7,42.0
03011,48.56,7.32,42.0
03012,48.12,6.01,42.0
03013,50.97,8.31,42.0
03014,46.32,0.0,42.0
03015,52.42,13.97,42.0
03016,51.75,0.0,42.0
03017,52.91,0.0,42.0
03018,49.55,3.19,42.0
03019,50.93,7.04,42.0
03020,47.43,16.67,42.0
03021,46.56,19.23,42.0
03022,51.82,3.66,42.0
03023,53.73,17.39,42.0
03024,48.84,0.0,42.0
03025,53.03,10.45,42.0
03026,48.7,10.14,42.0
03027,49.48,1.27,42.0
03028,49.83,0.0,42.0
03029,48.85,9.84,42.0
03030,50.16,10.11,42.0
03031,47.46,4.02,42.0
03032,46.17,0.0,42.0
03033,52.49,8.0,42.0
03034,49.59,7.27,42.0
03035,49.74,6.67,42.0
03036,55.06,8.91,42.0
03037,48.59,13.04,42.0
03038,49.94,15.91,42.0
03039,48.34,2.78,42.0
03040,51.42,20.0,42.0
03041,50.93,0.0,42.0
03042,47.46,3.64,42.0
03043,51.52,6.54,42.0
03044,51.4,7.19,42.0
03045,50.33,12.78,42.0
03046,51.02,3.56,42.0
03047,51.26,4.65,42.0
03048,51.34,5.38,42.0
03049,48.13,7.5,42.0
03050,49.11,6.25,42.0
03051,48.75,6.9,42.0
03052,49.54,5.21,42.0
03053,54.88,8.96,42.0
03054,51.48,15.0,42.0
03055,49.74,11.89,42.0
03056,46.44,14.01,42.0
03057,49.49,0.0,42.0
03058,47.37,8.0,42.0
03059,46.75,20.0,42.0
03060,50.02,10.98,42.0
03061,50.8,15.38,42.0
03062,50.19,11.12,42.0
03063,50.49,1.09,42.0
03064,53.37,0.0,42.0
03065,50.08,13.95,42.0
03066,48.9,13.67,42.0
03067,47.76,7.14,42.0
03068,49.58,21.43,42.0
03069,49.74,6.67,42.0
03070,51.8,8.33,42.0
03071,49.08,13.33,42.0
03072,46.23,0.0,42.0
03073,50.0,1.89,42.0
03074,47.12,1.92,42.0
03075,52.53,27.27,42.0
03076,47.95,4.0,42.0
03077,45.74,23.08,42.0
03078,45.01,0.0,42.0
03079,49.65,2.78,42.0
03080,50.86,4.69,42.0
03081,49.96,0.0,42.0
03082,52.39,4.3,42.0
03083,49.04,5.17,42.0
03084,52.75,5.99,42.0
03085,49.81,13.24,42.0
03086,44.33,0.0,42.0
03087,49.93,1.86,42.0
03088,52.43,3.33,42.0
03089,48.73,12.5,42.0
03090,47.85,10.53,42.0
03091,49.73,2.11,42.0
03092,51.03,6.31,42.0
03093,50.26,3.48,42.0
03094,50.96,13.36,42.0
03095,54.64,8.64,42.0
03096,53.93,0.0,42.0
03097,48.88,9.37,42.0
03098,54.13,9.87,42.0
03099,50.46,5.41,42.0
03100,46.98,3.84,42.0
03101,52.12,6.77,42.0
03102,52.05,4.42,42.0
03103,51.73,4.94,42.0
03104,51.16,5.36,42.0
03105,50.99,0.0,42.0
03106,50.96,10.02,42.0
03107,51.83,8.0,42.0
03108,54.98,8.69,42.0
03109,51.32,2.86,42.0
03110,49.94,12.18,42.0
03111,48.99,8.21,42.0
03112,50.02,9.95,42.0
03113,48.81,17.24,42.0
03114,49.85,0.0,42.0
03115,50.87,6.25,42.0
03116,50.34,23.08,42.0
03117,46.53,5.26,42.0
03118,53.22,8.39,42.0
03119,51.27,2.94,42.0
03120,50.36,1.41,42.0
03121,46.72,9.25,42.0
03122,49.73,23.81,42.0
03124,48.18,17.65,42.0
03125,47.58,0.0,42.0
03126,50.35,4.5,42.0
03127,55.5,14.29,42.0
03128,49.55,4.68,42.0
03129,50.96,9.99,42.0
03130,48.11,16.0,42.0
03131,48.83,8.62,42.0
03132,53.86,9.09,42.0
03133,51.32,8.11,42.0
03134,47.53,16.67,42.0
03135,50.94,8.57,42.0
03136,47.09,0.0,42.0
03137,47.38,0.0,42.0
03138,53.41,5.0,42.0
03139,47.49,11.54,42.0
03140,52.9,6.82,42.0
03141,47.06,0.0,42.0
03142,48.27,7.41,42.0
03143,45.65,0.0,42.0
03144,50.78,13.33,42.0
03145,49.87,13.89,42.0
03146,42.05,0.0,42.0
03147,46.67,0.0,42.0
03148,49.49,7.09,42.0
03149,51.23,9.76,42.0
03150,45.63,5.0,42.0
03151,50.79,8.33,42.0
03152,50.44,5.88,42.0
03154,46.32,10.12,42.0
03155,51.24,5.16,42.0
03156,50.52,5.81,42.0
03157,48.12,5.25,42.0
03158,51.06,4.28,42.0
03159,50.37,5.67,42.0
03160,48.94,11.76,42.0
03161,51.6,15.48,42.0
03162,47.5,4.55,42.0
03163,49.06,5.34,42.0
03164,46.56,0.0,42.0
03165,52.91,5.24,42.0
03166,50.96,0.0,42.0
03167,47.36,7.69,42.0
03168,51.11,1.23,42.0
03169,51.79,15.62,42.0
03170,44.96,11.11,42.0
03171,46.52,4.13,42.0
03172,45.11,7.14,42.0
03173,50.01,1.09,42.0
03174,51.09,11.46,42.0
03175,46.14,0.0,42.0
03176,49.38,7.69,42.0
03177,49.39,6.38,42.0
03178,44.72,8.69,42.0
03179,51.5,21.88,42.0
03180,53.04,9.64,42.0
03181,51.19,3.45,42.0
03182,49.75,3.81,42.0
03183,58.45,6.9,42.0
03184,50.37,6.0,42.0
03185,52.62,9.61,42.0
03186,51.25,9.91,42.0
03187,54.94,8.89,42.0
03188,49.28,0.0,42.0
03189,48.85,18.33,42.0
03190,55.32,12.38,42.0
03191,48.74,3.44,42.0
03192,43.71,0.0,42.0
03193,45.99,17.65,42.0
03194,46.45,7.14,42.0
03195,54.74,13.92,42.0
03196,50.51,0.0,42.0
03197,51.14,11.79,42.0
03198,47.26,0.0,42.0
03200,50.94,12.65,42.0
03201,49.88,3.23,42.0
03202,48.91,7.69,42.0
03203,50.53,2.86,42.0
03204,47.17,4.34,42.0
03205,49.19,4.44,42.0
03206,49.1,0.0,42.0
03207,48.18,0.0,42.0
03208,48.59,2.83,42.0
03209,51.66,0.0,42.0
03210,49.09,5.0,42.0
03211,50.31,9.15,42.0
03212,50.19,11.27,42.0
03213,53.23,0.0,42.0
03214,52.73,9.38,42.0
03215,49.87,4.85,42.0
03216,49.68,0.0,42.0
03217,52.06,9.77,42.0
03218,48.06,7.04,42.0
03219,51.1,23.08,42.0
03220,49.23,12.94,42.0
03221,52.87,2.19,42.0
03222,48.54,0.0,42.0
03223,49.54,8.5,42.0
03224,51.85,0.0,42.0
03225,49.3,7.14,42.0
03226,48.63,11.11,42.0
03227,47.93,11.43,42.0
03228,44.64,0.0,42.0
03229,51.55,9.23,42.0
03230,50.09,4.08,42.0
03231,47.59,0.0,42.0
03232,47.37,0.0,42.0
03233,46.53,10.97,42.0
03234,50.98,5.88,42.0
03235,50.28,8.97,42.0
03236,52.59,7.9,42.0
03237,51.44,13.94,42.0
03238,48.79,8.84,42.0
03239,50.19,5.0,42.0
03240,49.52,4.65,42.0
03241,49.87,3.33,42.0
03242,48.83,5.56,42.0
03243,48.84,0.0,42.0
03244,47.37,0.0,42.0
03245,45.97,0.0,42.0
03246,47.5,6.35,42.0
03247,50.95,10.13,42.0
03248,44.2,0.0,42.0
03249,48.15,0.0,42.0
03250,46.82,0.0,42.0
03251,49.17,13.79,42.0
03252,48.39,10.45,42.0
03253,48.57,7.63,42.0
03254,53.15,6.72,42.0
03255,42.47,0.0,42.0
03256,49.76,3.85,42.0
03257,50.27,3.85,42.0
03258,50.95,9.21,42.0
03259,49.38,9.39,42.0
03260,50.63,0.0,42.0
03261,44.69,15.0,42.0
03262,51.99,6.56,42.0
03263,48.76,10.53,42.0
03264,52.68,8.54,42.0
03265,47.47,5.26,42.0
03266,43.89,0.0,42.0
03267,50.2,6.45,42.0
03268,48.09,10.81,42.0
03269,50.0,0.0,42.0
03270,45.0,0.0,42.0
03271,50.84,22.7,42.0
03272,47.62,0.0,42.0
03273,46.91,8.52,42.0
03274,50.98,4.73,42.0
03275,51.81,7.64,42.0
03276,47.71,0.0,42.0
03277,50.07,4.0,42.0
03278,47.3,15.0,42.0
03279,50.45,11.32,42.0
03280,51.11,4.76,42.0
03281,50.96,11.32,42.0
03282,52.06,10.0,42.0
03283,48.69,7.39,42.0
03284,49.74,11.98,42.0
03285,50.0,0.0,42.0
03286,51.47,14.43,42.0
03287,47.97,2.5,42.0
03288,49.77,5.13,42.0
03289,46.5,6.38,42.0
03290,49.42,8.16,42.0
03291,53.18,0.0,42.0
03292,50.7,5.46,42.0
03293,48.12,0.0,42.0
03294,48.17,0.0,42.0
03295,55.38,0.0,42.0
03296,49.19,11.54,42.0
03297,53.07,5.15,42.0
03298,49.83,3.07,42.0
03299,47.99,0.0,42.0
03300,52.13,7.73,42.0
03301,51.21,7.09,42.0
03302,53.66,33.33,42.0
03303,47.39,0.0,42.0
03304,51.07,10.38,42.0
03305,48.4,7.39,42.0
03306,51.63,11.4,42.0
03307,48.25,17.65,42.0
03308,50.66,0.0,42.0
03309,50.42,5.56,42.0
03310,56.62,12.94,42.0
03311,49.58,10.53,42.0
03312,51.49,0.0,42.0
03313,50.41,12.5,42.0
03314,50.03,17.29,42.0
03315,49.23,1.69,42.0
03316,49.86,4.04,42.0
03317,52.2,4.22,42.0
03319,50.3,9.3,42.0
03320,51.81,10.8,42.0
03321,51.57,10.57,42.0
04001,53.08,12.24,42.0
04004,51.02,12.0,42.0
04005,48.44,0.0,42.0
04006,45.54,9.58,42.0
04007,45.83,0.0,42.0
04008,54.0,6.32,42.0
04009,57.14,0.0,42.0
04012,49.41,9.09,42.0
04013,49.7,9.71,42.0
04016,42.11,12.5,42.0
04017,50.0,0.0,42.0
04018,52.38,6.25,42.0
04019,51.5,10.48,42.0
04020,44.14,0.0,42.0
04021,48.15,0.0,42.0
04022,53.35,2.53,42.0
04023,45.5,14.49,42.0
04024,48.0,0.0,42.0
04025,50.78,3.65,42.0
04026,51.9,0.0,42.0
04027,48.05,10.0,42.0
04028,52.07,9.09,42.0
04030,42.11,0.0,42.0
04031,51.72,4.26,42.0
04032,46.21,9.09,42.0
04033,50.31,4.42,42.0
04034,50.71,5.68,42.0
04035,48.52,3.33,42.0
04036,50.35,11.68,42.0
04037,43.37,20.0,42.0
04039,50.3,4.97,42.0
04040,48.48,14.29,42.0
04041,48.85,8.0,42.0
04042,47.59,0.0,42.0
04043,46.84,25.0,42.0
04045,51.73,4.98,42.0
04046,51.15,10.61,42.0
04047,50.88,16.18,42.0
04049,52.2,8.58,42.0
04050,32.81,0.0,42.0
04051,56.12,0.0,42.0
04053,47.64,2.38,42.0
04054,51.9,0.0,42.0
04055,46.86,0.0,42.0
04057,53.93,7.14,42.0
04058,48.99,10.34,42.0
04059,46.15,0.0,42.0
04061,51.14,13.95,42.0
04062,50.0,0.0,42.0
04063,48.67,18.26,42.0
04065,48.19,13.95,42.0
04066,48.99,3.39,42.0
04067,52.78,16.67,42.0
04068,51.02,9.1,42.0
04069,48.65,10.0,42.0
04070,53.75,11.89,42.0
04072,47.27,0.0,42.0
04073,49.37,9.09,42.0
04074,42.0,22.22,42.0
04075,51.83,11.11,42.0
04076,48.88,13.95,42.0
04077,50.58,9.09,42.0
04079,49.22,14.29,42.0
04081,48.0,7.69,42.0
04084,53.37,18.91,42.0
04085,45.76,0.0,42.0
04086,48.12,8.0,42.0
04087,52.59,13.33,42.0
04088,53.29,10.18,42.0
04090,51.32,6.67,42.0
04091,43.71,0.0,42.0
04092,47.46,0.0,42.0
04093,48.39,50.0,42.0
04094,51.98,6.76,42.0
04095,54.55,0.0,42.0
04096,50.43,8.31,42.0
04097,49.59,0.0,42.0
04099,46.59,12.5,42.0
04101,46.62,0.0,42.0
04102,43.79,0.0,42.0
04104,51.25,11.37,42.0
04106,49.17,26.59,42.0
04108,50.52,9.14,42.0
04109,49.4,15.38,42.0
04110,53.05,8.79,42.0
04111,51.44,12.6,42.0
04112,52.72,17.08,42.0
04113,53.65,15.56,42.0
04115,46.28,0.0,42.0
04116,51.53,4.87,42.0
04118,46.67,37.5,42.0
04120,45.97,0.0,42.0
04121,50.23,4.29,42.0
04122,49.45,13.48,42.0
04123,49.12,9.59,42.0
04124,51.78,9.08,42.0
04126,49.91,12.92,42.0
04127,52.85,6.9,42.0
04128,48.67,30.0,42.0
04129,49.02,0.0,42.0
04130,47.65,5.88,42.0
04132,52.69,9.09,42.0
04133,48.71,10.53,42.0
04134,47.72,3.64,42.0
04135,52.39,9.52,42.0
04136,46.35,3.23,42.0
04137,48.15,14.29,42.0
04138,48.45,20.69,42.0
04139,49.02,8.64,42.0
04140,51.97,0.0,42.0
04141,46.8,0.0,42.0
04142,47.73,0.0,42.0
04143,52.95,14.43,42.0
04144,48.53,0.0,42.0
04145,53.74,9.42,42.0
04148,47.1,5.95,42.0
04149,50.77,5.69,42.0
04150,49.5,0.0,42.0
04151,50.19,16.26,42.0
04152,50.74,22.64,42.0
04154,46.88,0.0,42.0
04155,43.21,27.78,42.0
04156,48.67,3.57,42.0
04157,54.38,4.51,42.0
04158,52.7,8.11,42.0
04159,47.19,14.29,42.0
04160,51.79,12.41,42.0
04161,47.43,5.56,42.0
04162,50.09,7.69,42.0
04163,47.79,3.95,42.0
04164,45.57,0.0,42.0
04166,53.35,9.09,42.0
04167,47.97,15.38,42.0
04169,44.55,25.0,42.0
04170,38.67,0.0,42.0
04171,46.25,10.0,42.0
04172,51.35,6.15,42.0
04173,52.33,11.63,42.0
04174,51.81,9.09,42.0
04175,47.67,0.0,42.0
04176,53.78,0.0,42.0
04177,35.73,0.0,42.0
04178,51.73,6.45,42.0
04179,52.33,33.33,42.0
04180,46.27,0.0,42.0
04181,50.98,0.0,42.0
04182,47.32,6.67,42.0
04183,52.84,0.0,42.0
04184,47.18,0.0,42.0
04186,50.56,16.67,42.0
04187,51.22,0.0,42.0
04188,49.72,6.74,42.0
04189,49.63,9.39,42.0
04190,48.31,21.43,42.0
04191,14.29,0.0,42.0
04192,50.88,7.44,42.0
04193,46.98,0.0,42.0
04194,51.49,14.29,42.0
04195,48.59,5.81,42.0
04197,51.85,9.83,42.0
04199,54.14,6.67,42.0
04200,50.57,23.44,42.0
04201,53.68,16.67,42.0
04202,49.24,0.0,42.0
04203,51.42,4.34,42.0
04204,47.44,0.0,42.0
04205,51.23,8.38,42.0
04206,49.62,13.87,42.0
04207,50.5,0.0,42.0
04208,51.2,8.0,42.0
04209,50.55,8.86,42.0
04210,49.0,20.0,42.0
04211,47.19,5.56,42.0
04214,43.31,0.0,42.0
04216,53.46,11.54,42.0
04217,52.18,8.95,42.0
04218,52.4,4.76,42.0
04219,47.33,10.0,42.0
04220,48.41,2.41,42.0
04222,52.72,3.7,42.0
04224,44.0,0.0,42.0
04226,48.8,6.78,42.0
04227,49.1,4.17,42.0
04228,50.0,0.0,42.0
04229,50.29,10.34,42.0
04230,52.52,11.27,42.0
04231,50.19,4.07,42.0
04233,43.57,8.33,42.0
04234,50.47,10.95,42.0
04235,58.06,100.0,42.0
04236,47.46,12.5,42.0
04237,45.24,6.76,42.0
04240,49.69,0.0,42.0
04241,48.96,21.74,42.0
04242,50.08,10.33,42.0
04244,50.27,5.63,42.0
04245,52.43,11.47,42.0
05001,45.03,2.38,42.0
05003,49.38,13.71,42.0
05004,48.72,5.95,42.0
05006,49.98,9.96,42.0
05007,49.14,6.48,42.0
05008,49.72,6.25,42.0
05009,43.43,0.0,42.0
05010,50.42,5.57,42.0
05011,49.52,4.88,42.0
05012,50.72,3.78,42.0
05013,50.0,25.0,42.0
05014,47.92,0.0,42.0
05016,51.62,8.33,42.0
05017,51.24,7.66,42.0
05018,51.06,11.76,42.0
05019,48.67,0.0,42.0
05021,47.89,8.33,42.0
05022,45.94,14.29,42.0
05023,52.06,10.35,42.0
05024,45.58,0.0,42.0
05025,49.73,0.0,42.0
05026,47.82,7.41,42.0
05027,48.74,22.73,42.0
05028,47.93,0.0,42.0
05029,47.54,7.8,42.0
05031,46.93,0.0,42.0
05032,52.03,9.09,42.0
05033,53.66,0.0,42.0
05035,56.67,0.0,42.0
05036,50.82,11.48,42.0
05037,50.39,13.16,42.0
05038,48.14,6.47,42.0
05039,48.86,8.35,42.0
05040,49.94,8.45,42.0
05044,48.75,0.0,42.0
05045,49.65,8.42,42.0
05046,53.31,11.73,42.0
05047,50.99,10.0,42.0
05048,48.66,21.43,42.0
05049,43.14,0.0,42.0
05050,53.6,1.59,42.0
05051,45.83,0.0,42.0
05052,49.08,2.44,42.0
05053,52.13,8.12,42.0
05054,52.09,7.14,42.0
05055,48.32,13.33,42.0
05056,49.59,11.11,42.0
05057,47.54,7.41,42.0
05058,44.97,15.0,42.0
05059,49.04,7.02,42.0
05060,49.08,0.0,42.0
05061,52.34,12.29,42.0
05062,46.59,0.0,42.0
05063,46.3,4.94,42.0
05064,44.5,25.0,42.0
05065,53.65,9.84,42.0
05068,47.37,18.92,42.0
05070,53.74,7.66,42.0
05071,48.12,6.25,42.0
05072,47.19,0.0,42.0
05073,48.62,13.47,42.0
05074,47.4,5.56,42.0
05075,50.0,10.42,42.0
05076,45.71,25.0,42.0
05077,49.19,7.69,42.0
05078,48.0,3.7,42.0
05079,49.79,7.55,42.0
05080,45.95,33.33,42.0
05081,38.46,0.0,42.0
05082,52.61,12.5,42.0
05084,46.85,12.53,42.0
05085,47.79,9.85,42.0
05086,45.19,0.0,42.0
05087,48.22,11.51,42.0
05089,50.0,0.0,42.0
05090,49.76,6.67,42.0
05091,52.5,0.0,42.0
05092,51.37,22.13,42.0
05093,51.92,5.26,42.0
05094,45.45,0.0,42.0
05095,51.96,12.0,42.0
05096,48.76,4.49,42.0
05097,50.47,8.33,42.0
05098,49.58,6.92,42.0
05099,49.51,18.18,42.0
05100,49.84,21.92,42.0
05101,51.32,6.89,42.0
05102,51.22,14.29,42.0
05103,49.56,6.72,42.0
05104,50.17,30.0,42.0
05106,49.83,4.35,42.0
05107,50.74,4.55,42.0
05108,46.96,0.0,42.0
05109,49.42,20.0,42.0
05110,44.81,12.9,42.0
05111,48.68,16.0,42.0
05112,42.53,0.0,42.0
05113,48.47,6.06,42.0
05114,46.79,10.0,42.0
05115,47.18,0.0,42.0
05116,48.77,9.09,42.0
05117,48.11,7.69,42.0
05118,53.62,8.49,42.0
05119,50.58,5.48,42.0
05121,48.73,16.67,42.0
05122,51.67,9.33,42.0
05123,50.51,11.84,42.0
05124,49.35,0.0,42.0
05126,49.46,5.0,42.0
05127,50.0,0.0,42.0
05128,51.57,6.42,42.0
05129,52.53,8.33,42.0
05130,47.96,25.0,42.0
05131,48.05,0.0,42.0
05132,50.98,14.08,42.0
05133,49.51,8.62,42.0
05134,48.76,9.68,42.0
05135,57.14,0.0,42.0
05136,49.44,8.57,42.0
05139,47.29,6.9,42.0
05140,49.85,3.7,42.0
05142,49.88,8.62,42.0
05144,53.04,0.0,42.0
05145,48.31,8.79,42.0
05146,43.38,0.0,42.0
05147,49.3,0.0,42.0
05148,51.13,5.66,42.0
05149,49.69,12.5,42.0
05151,47.46,5.55,42.0
05152,51.69,25.0,42.0
05153,47.93,12.87,42.0
05154,47.19,7.69,42.0
05155,45.71,0.0,42.0
05156,49.41,15.79,42.0
05157,43.86,4.55,42.0
05158,54.7,0.0,42.0
05159,49.41,0.0,42.0
05160,49.92,0.0,42.0
05161,52.05,7.84,42.0
05162,53.27,9.29,42.0
05163,48.73,16.67,42.0
05164,52.12,11.11,42.0
05165,50.53,0.0,42.0
05166,54.64,8.33,42.0
05167,48.24,0.0,42.0
05168,47.21,15.23,42.0
05169,38.78,0.0,42.0
05170,51.61,7.15,42.0
05171,47.51,5.88,42.0
05172,50.71,10.78,42.0
05173,49.23,4.62,42.0
05174,48.04,6.26,42.0
05176,49.47,3.23,42.0
05177,46.79,3.08,42.0
05178,50.85,1.96,42.0
05179,53.4,9.38,42.0
05180,51.65,6.52,42.0
05181,49.13,6.68,42.0
05182,45.16,0.0,42.0
05183,50.03,7.91,42.0
05184,48.46,11.11,42.0
06001,48.18,33.33,42.0
06002,37.04,25.0,42.0
06003,46.77,8.82,42.0
06004,53.29,22.89,42.0
06005,47.52,12.45,42.0
06006,49.09,21.99,42.0
06007,51.53,12.37,42.0
06008,46.0,66.67,42.0
06009,45.87,20.0,42.0
06010,49.87,21.67,42.0
06011,53.42,16.57,42.0
06012,52.2,9.41,42.0
06013,49.41,7.27,42.0
06014,51.37,6.38,42.0
06015,49.69,10.35,42.0
06016,47.55,11.67,42.0
06017,45.77,4.17,42.0
06018,49.85,31.9,42.0
06019,49.8,14.04,42.0
06020,50.23,5.17,42.0
06021,49.07,7.69,42.0
06022,48.72,6.67,42.0
06023,52.03,9.52,42.0
06024,45.83,16.67,42.0
06025,49.14,17.52,42.0
06026,51.36,23.05,42.0
06027,53.53,16.54,42.0
06028,48.36,2.94,42.0
06029,54.33,12.47,42.0
06030,53.41,13.45,42.0
06031,49.58,14.91,42.0
06032,52.15,15.68,42.0
06033,51.42,11.94,42.0
06034,49.71,12.26,42.0
06035,51.19,21.7,42.0
06036,50.6,7.31,42.0
06037,48.47,31.43,42.0
06038,51.96,22.02,42.0
06039,48.93,17.0,42.0
06040,40.98,0.0,42.0
06041,49.74,9.62,42.0
06042,49.22,16.39,42.0
06043,47.97,18.52,42.0
06044,51.91,25.31,42.0
06045,41.64,0.0,42.0
06046,50.29,18.63,42.0
06047,37.04,0.0,42.0
06048,52.19,10.82,42.0
06049,48.17,6.25,42.0
06050,51.57,8.77,42.0
06051,40.0,10.0,42.0
06052,55.3,15.38,42.0
06053,51.06,0.0,42.0
06054,52.51,7.98,42.0
06055,50.67,0.0,42.0
06056,45.97,20.0,42.0
06057,53.43,4.14,42.0
06058,46.55,2.98,42.0
06059,49.88,19.64,42.0
06060,52.07,27.33,42.0
06061,52.75,20.0,42.0
06062,45.74,14.81,42.0
06063,55.0,16.67,42.0
06064,51.6,16.54,42.0
06065,50.59,21.28,42.0
06066,49.91,12.91,42.0
06067,53.45,14.5,42.0
06068,49.32,12.82,42.0
06069,51.11,15.31,42.0
06070,47.33,10.0,42.0
06071,50.26,12.94,42.0
06072,44.9,5.26,42.0
06073,47.46,3.97,42.0
06074,47.57,5.77,42.0
06075,51.45,16.94,42.0
06076,52.94,0.0,42.0
06077,48.84,5.17,42.0
06078,49.39,3.12,42.0
06079,54.0,14.97,42.0
06080,40.57,38.46,42.0
06081,41.0,6.25,42.0
06082,49.28,0.0,42.0
06083,53.65,10.36,42.0
06084,52.52,24.28,42.0
06085,52.3,24.51,42.0
06086,46.98,17.39,42.0
06087,41.46,0.0,42.0
06088,53.24,17.34,42.0
06089,50.26,31.72,42.0
06090,52.12,13.14,42.0
06091,51.91,10.23,42.0
06092,50.21,9.68,42.0
06093,48.44,20.0,42.0
06094,50.23,12.82,42.0
06095,52.2,18.89,42.0
06096,49.49,0.0,42.0
06097,47.21,11.11,42.0
06098,51.35,7.69,42.0
06099,50.2,5.98,42.0
06100,54.55,16.67,42.0
06101,44.12,7.69,42.0
06102,46.1,0.0,42.0
06103,53.31,8.8,42.0
06104,54.74,12.97,42.0
06105,51.38,38.11,42.0
06106,49.21,2.03,42.0
06107,43.75,0.0,42.0
06108,50.02,20.07,42.0
06109,49.79,14.12,42.0
06110,42.86,18.18,42.0
06111,51.26,12.68,42.0
06112,51.43,31.31,42.0
06113,48.77,10.96,42.0
06114,50.69,11.32,42.0
06115,44.05,0.0,42.0
06116,44.32,0.0,42.0
06117,48.64,18.93,42.0
06118,50.75,13.51,42.0
06119,41.67,16.67,42.0
06120,48.31,6.17,42.0
06121,54.25,7.27,42.0
06122,51.3,20.3,42.0
06123,53.96,16.02,42.0
06124,49.18,0.0,42.0
06125,50.38,12.5,42.0
06126,50.5,13.37,42.0
06127,50.65,8.71,42.0
06128,51.12,30.76,42.0
06129,50.36,8.38,42.0
06130,51.36,13.44,42.0
06131,57.45,0.0,42.0
06132,50.69,3.23,42.0
06133,44.78,16.67,42.0
06134,49.32,8.11,42.0
06135,49.6,5.56,42.0
06136,50.94,11.0,42.0
06137,51.09,19.17,42.0
06138,51.25,16.67,42.0
06139,55.45,0.0,42.0
06140,51.47,14.13,42.0
06141,49.11,9.68,42.0
06142,51.83,13.79,42.0
06143,50.61,1.96,42.0
06144,49.03,17.78,42.0
06145,48.98,0.0,42.0
06146,50.34,9.52,42.0
06147,51.82,13.16,42.0
06148,50.33,23.05,42.0
06149,52.03,7.41,42.0
06150,51.33,19.88,42.0
06151,50.54,11.76,42.0
06152,50.31,35.42,42.0
06153,48.8,6.54,42.0
06154,49.61,9.79,42.0
06155,52.56,14.0,42.0
06156,48.22,25.0,42.0
06157,53.85,19.32,42.0
06158,48.02,6.58,42.0
06159,52.25,22.09,42.0
06160,47.37,44.44,42.0
06161,52.28,21.02,42.0
06162,49.87,3.77,42.0
06163,50.34,7.37,42.0
07001,49.94,17.64,42.0
07002,49.75,25.0,42.0
07003,47.06,5.88,42.0
07004,54.32,18.75,42.0
07005,51.3,10.85,42.0
07006,45.91,15.38,42.0
07007,50.46,9.76,42.0
07008,51.33,13.53,42.0
07009,47.69,4.92,42.0
07010,52.3,9.79,42.0
07011,46.8,8.75,42.0
07012,46.62,5.88,42.0
07013,49.41,9.4,42.0
07014,51.42,23.08,42.0
07015,50.37,11.32,42.0
07017,51.68,13.36,42.0
07019,53.72,10.62,42.0
07020,50.72,8.33,42.0
07022,50.27,6.78,42.0
07023,50.37,2.78,42.0
07024,51.2,5.65,42.0
07025,45.75,4.76,42.0
07026,46.67,3.03,42.0
07027,50.71,9.4,42.0
07028,51.74,4.78,42.0
07029,47.4,8.33,42.0
07030,49.3,0.0,42.0
07031,50.47,15.79,42.0
07032,50.61,5.0,42.0
07033,51.71,5.0,42.0
07034,51.1,12.5,42.0
07035,49.22,8.2,42.0
07036,47.35,16.11,42.0
07037,50.42,16.67,42.0
07038,55.1,0.0,42.0
07039,44.28,5.26,42.0
07040,53.08,21.34,42.0
07041,52.02,10.67,42.0
07042,52.19,11.39,42.0
07044,50.57,4.35,42.0
07045,49.3,3.35,42.0
07047,52.38,0.0,42.0
07048,48.51,8.34,42.0
07049,55.56,0.0,42.0
07050,53.68,8.56,42.0
07051,46.27,10.34,42.0
07052,47.52,8.06,42.0
07053,54.03,7.84,42.0
07054,47.14,3.79,42.0
07055,50.87,11.11,42.0
07056,50.89,13.03,42.0
07058,50.3,8.75,42.0
07059,52.69,31.82,42.0
07060,53.15,15.38,42.0
07061,50.56,11.57,42.0
07062,50.75,12.5,42.0
07063,49.27,4.76,42.0
07064,52.22,12.16,42.0
07065,46.61,5.26,42.0
07066,50.97,10.57,42.0
07067,46.97,3.03,42.0
07068,46.85,7.55,42.0
07069,49.15,3.39,42.0
07070,51.25,12.83,42.0
07071,49.67,8.33,42.0
07072,51.23,14.65,42.0
07073,50.52,5.92,42.0
07074,52.29,7.69,42.0
07075,46.98,12.5,42.0
07076,51.13,7.32,42.0
07077,46.5,14.29,42.0
07078,52.84,10.56,42.0
07079,49.7,2.85,42.0
07080,49.06,3.33,42.0
07081,40.26,14.29,42.0
07082,40.11,10.0,42.0
07083,48.14,11.78,42.0
07084,49.32,15.73,42.0
07085,49.74,0.0,42.0
07086,49.09,5.13,42.0
07087,49.74,10.12,42.0
07088,50.41,0.0,42.0
07089,48.86,11.76,42.0
07090,49.54,7.41,42.0
07091,50.79,24.39,42.0
07092,48.98,0.0,42.0
07093,46.91,4.76,42.0
07094,48.84,14.29,42.0
07095,49.26,13.04,42.0
07096,48.4,9.09,42.0
07097,50.27,16.99,42.0
07098,51.85,0.0,42.0
07099,46.77,15.38,42.0
07100,52.82,12.49,42.0
07101,50.57,5.53,42.0
07102,54.17,16.05,42.0
07103,49.92,15.18,42.0
07104,41.9,0.0,42.0
07105,46.46,12.5,42.0
07106,44.0,0.0,42.0
07107,51.26,21.78,42.0
07108,46.51,0.0,42.0
07109,52.74,11.11,42.0
07110,53.33,2.08,42.0
07111,45.16,0.0,42.0
07112,48.94,8.7,42.0
07113,44.79,3.34,42.0
07114,48.74,6.25,42.0
07115,51.01,17.55,42.0
07116,53.41,7.76,42.0
07117,52.38,9.33,42.0
07118,47.59,30.0,42.0
07119,50.03,0.0,42.0
07120,38.57,0.0,42.0
07121,47.92,0.0,42.0
07122,51.22,9.01,42.0
07123,50.31,0.0,42.0
07124,42.22,0.0,42.0
07126,48.88,11.11,42.0
07127,53.21,0.0,42.0
07128,52.07,7.14,42.0
07129,51.18,4.44,42.0
07130,47.91,0.0,42.0
07131,51.13,7.19,42.0
07132,53.77,8.12,42.0
07133,49.52,3.85,42.0
07134,54.31,8.2,42.0
07136,48.65,9.09,42.0
07137,46.67,0.0,42.0
07138,51.11,6.47,42.0
07139,50.49,20.0,42.0
07140,47.87,10.26,42.0
07141,48.73,5.88,42.0
07142,47.59,3.57,42.0
07143,49.66,10.81,42.0
07144,48.84,0.0,42.0
07145,51.58,6.25,42.0
07146,50.42,20.37,42.0
07147,42.12,10.05,42.0
07148,41.1,11.11,42.0
07149,52.24,16.86,42.0
07150,50.83,7.84,42.0
07151,51.97,4.55,42.0
07152,50.12,3.47,42.0
07153,53.07,0.0,42.0
07154,45.97,0.0,42.0
07155,51.18,8.08,42.0
07156,51.04,7.78,42.0
07157,50.32,6.98,42.0
07158,43.43,12.5,42.0
07159,48.99,11.73,42.0
07160,42.37,0.0,42.0
07161,50.9,0.0,42.0
07162,50.44,6.82,42.0
07163,54.65,0.0,42.0
07165,48.45,7.55,42.0
07166,46.38,12.5,42.0
07167,52.25,12.0,42.0
07168,50.18,3.77,42.0
07169,49.05,9.76,42.0
07170,43.19,9.09,42.0
07171,52.06,12.7,42.0
07172,51.18,13.04,42.0
07173,44.9,0.0,42.0
07174,47.78,1.59,42.0
07175,55.38,0.0,42.0
07176,53.59,0.0,42.0
07177,50.74,6.84,42.0
07178,49.83,4.26,42.0
07179,52.55,0.0,42.0
07181,51.71,4.78,42.0
07182,50.92,3.48,42.0
07183,53.45,10.0,42.0
07184,50.29,12.0,42.0
07185,46.98,7.55,42.0
07186,53.45,10.83,42.0
07187,47.76,25.0,42.0
07188,50.34,6.92,42.0
07189,48.31,4.27,42.0
07190,51.38,8.7,42.0
07191,50.8,13.76,42.0
07192,45.41,0.0,42.0
07193,50.58,1.84,42.0
07194,51.51,12.24,42.0
07195,46.76,0.0,42.0
07196,48.7,3.27,42.0
07197,51.37,11.03,42.0
07198,51.36,13.59,42.0
07199,49.61,6.57,42.0
07200,47.46,26.32,42.0
07201,56.08,4.29,42.0
07202,44.58,7.69,42.0
07203,43.1,11.11,42.0
07204,50.35,6.53,42.0
07205,49.72,8.82,42.0
07206,52.17,0.0,42.0
07207,51.44,9.51,42.0
07208,56.72,0.0,42.0
07209,48.08,0.0,42.0
07210,50.01,17.31,42.0
07211,49.89,10.0,42.0
07212,46.45,0.0,42.0
07213,45.78,11.11,42.0
07214,52.61,13.33,42.0
07215,46.22,4.76,42.0
07216,51.31,2.11,42.0
07217,49.59,11.63,42.0
07218,49.69,3.85,42.0
07219,50.87,3.23,42.0
07220,46.73,0.0,42.0
07221,49.63,4.17,42.0
07222,48.33,18.18,42.0
07223,51.08,16.67,42.0
07224,47.03,0.0,42.0
07225,49.36,15.65,42.0
07226,43.18,0.0,42.0
07227,51.47,4.83,42.0
07228,48.98,5.54,42.0
07229,52.92,5.1,42.0
07230,51.26,11.9,42.0
07231,52.44,15.38,42.0
07232,44.12,0.0,42.0
07233,51.41,18.75,42.0
07234,49.66,10.71,42.0
07235,51.49,0.0,42.0
07236,51.35,4.55,42.0
07237,47.98,8.2,42.0
07238,51.72,8.33,42.0
07239,46.43,0.0,42.0
07240,51.1,18.23,42.0
07241,50.19,7.03,42.0
07242,47.33,0.0,42.0
07243,45.85,6.33,42.0
07244,49.33,13.04,42.0
07245,51.75,10.53,42.0
07247,50.53,9.59,42.0
07248,51.68,3.57,42.0
07249,47.1,0.0,42.0
07250,51.55,6.67,42.0
07251,44.0,0.0,42.0
07253,49.11,15.0,42.0
07254,49.35,12.16,42.0
07255,50.87,5.42,42.0
07257,48.8,20.0,42.0
07258,47.75,5.56,42.0
07259,52.45,6.76,42.0
07260,48.38,15.29,42.0
07261,50.39,13.34,42.0
07262,51.63,0.0,42.0
07263,47.41,12.5,42.0
07264,49.65,14.13,42.0
07265,52.35,8.56,42.0
07266,48.66,20.0,42.0
07267,44.31,22.23,42.0
07268,50.25,7.98,42.0
07269,49.53,3.45,42.0
07270,48.81,13.64,42.0
07272,52.82,6.67,42.0
07273,50.7,27.78,42.0
07274,50.0,7.69,42.0
07275,46.92,10.0,42.0
07276,48.96,3.45,42.0
07277,47.65,6.25,42.0
07278,45.27,20.78,42.0
07279,50.34,14.13,42.0
07280,52.34,6.67,42.0
07281,52.82,17.63,42.0
07282,58.82,0.0,42.0
07283,48.57,0.0,42.0
07284,50.28,10.0,42.0
07285,47.22,18.18,42.0
07286,53.2,6.82,42.0
07287,45.16,12.0,42.0
07288,51.14,10.32,42.0
07289,51.89,7.72,42.0
07290,49.44,7.11,42.0
07291,48.58,10.72,42.0
07292,48.12,3.22,42.0
07293,50.11,10.87,42.0
07294,48.94,9.09,42.0
07295,52.04,4.52,42.0
07296,51.02,10.64,42.0
07297,48.43,14.0,42.0
07298,50.07,12.66,42.0
07299,50.43,12.5,42.0
07300,47.38,25.71,42.0
07301,49.21,1.02,42.0
07302,48.51,15.58,42.0
07303,53.22,18.18,42.0
07304,52.14,10.94,42.0
07305,53.94,0.0,42.0
07306,52.59,28.57,42.0
07307,51.36,5.13,42.0
07308,51.55,7.07,42.0
07309,51.24,6.84,42.0
07310,48.54,12.77,42.0
07311,48.55,0.0,42.0
07312,50.04,16.23,42.0
07313,54.79,6.15,42.0
07314,47.61,10.81,42.0
07315,51.3,4.55,42.0
07316,50.16,16.88,42.0
07317,48.97,11.43,42.0
07318,48.04,20.0,42.0
07319,51.12,7.02,42.0
07321,47.49,0.0,42.0
07322,51.66,5.26,42.0
07323,49.67,25.4,42.0
07324,52.11,11.82,42.0
07325,52.4,12.72,42.0
07326,50.0,18.18,42.0
07327,49.04,2.13,42.0
07328,51.91,6.56,42.0
07329,46.31,3.92,42.0
07330,51.82,9.86,42.0
07331,53.61,7.33,42.0
07332,47.72,11.76,42.0
07333,47.26,16.87,42.0
07334,52.24,7.47,42.0
07335,47.84,23.81,42.0
07336,49.77,7.75,42.0
07337,50.19,9.16,42.0
07338,51.59,5.0,42.0
07339,50.44,14.06,42.0
07340,50.69,15.05,42.0
07341,53.81,5.08,42.0
07342,49.65,7.73,42.0
07343,51.31,10.64,42.0
07344,49.55,6.82,42.0
07345,50.46,12.31,42.0
07346,50.34,6.06,42.0
07347,49.11,0.0,42.0
07348,51.79,7.14,42.0
07349,52.32,5.3,42.0
08001,47.94,6.97,42.0
08003,50.75,20.0,42.0
08004,49.18,9.52,42.0
08005,49.37,7.25,42.0
08006,47.43,5.56,42.0
08008,51.99,4.76,42.0
08010,49.25,7.14,42.0
08011,48.37,5.56,42.0
08013,50.52,2.86,42.0
08014,45.67,6.66,42.0
08015,52.0,0.0,42.0
08016,50.79,0.0,42.0
08017,52.14,0.0,42.0
08018,48.68,0.0,42.0
08019,53.7,12.5,42.0
08020,40.0,0.0,42.0
08021,46.0,5.26,42.0
08022,51.29,14.71,42.0
08023,51.56,0.0,42.0
08024,51.2,9.18,42.0
08025,50.39,5.7,42.0
08026,47.25,3.35,42.0
08027,48.96,8.33,42.0
08028,49.29,5.02,42.0
08029,49.38,16.67,42.0
08030,44.83,0.0,42.0
08031,41.86,0.0,42.0
08032,47.73,4.55,42.0
08033,55.91,0.0,42.0
08034,49.71,9.38,42.0
08035,46.15,0.0,42.0
08036,52.63,12.5,42.0
08037,49.27,2.82,42.0
08038,49.88,7.69,42.0
08039,50.1,0.0,42.0
08040,51.22,17.65,42.0
08041,47.62,5.0,42.0
08043,51.73,8.57,42.0
08044,47.86,25.0,42.0
08045,49.73,5.56,42.0
08046,48.47,15.38,42.0
08047,48.48,11.11,42.0
08048,50.0,26.47,42.0
08049,49.57,0.0,42.0
08052,49.32,8.33,42.0
08053,51.93,8.51,42.0
08055,46.51,8.47,42.0
08056,44.44,0.0,42.0
08057,45.89,8.0,42.0
08058,48.09,8.33,42.0
08059,46.43,0.0,42.0
08060,46.78,26.92,42.0
08061,42.11,0.0,42.0
08062,56.15,0.0,42.0
08063,48.12,0.0,42.0
08064,50.32,12.9,42.0
08065,50.0,0.0,42.0
08066,46.15,0.0,42.0
08067,51.99,5.06,42.0
08069,43.41,0.0,42.0
08070,51.1,6.51,42.0
08071,50.77,20.0,42.0
08073,47.31,28.57,42.0
08074,43.86,0.0,42.0
08075,47.77,0.0,42.0
08076,52.71,6.41,42.0
08077,49.02,0.0,42.0
08078,49.22,14.29,42.0
08080,47.46,0.0,42.0
08081,50.51,2.5,42.0
08082,48.68,14.29,42.0
08083,51.23,3.03,42.0
08084,49.42,11.54,42.0
08085,50.45,9.52,42.0
08086,45.56,0.0,42.0
08087,45.38,0.0,42.0
08088,50.0,7.14,42.0
08089,51.04,0.0,42.0
08090,51.9,3.66,42.0
08092,45.79,5.26,42.0
08094,53.7,0.0,42.0
08095,51.1,12.5,42.0
08096,50.08,21.12,42.0
08097,49.17,5.13,42.0
08098,53.7,0.0,42.0
08099,51.22,0.0,42.0
08100,47.95,0.0,42.0
08101,49.1,0.0,42.0
08102,57.47,0.0,42.0
08103,49.32,0.0,42.0
08104,43.64,0.0,42.0
08105,52.33,12.09,42.0
08106,43.66,0.0,42.0
08107,50.33,5.31,42.0
08109,49.17,0.0,42.0
08110,52.38,0.0,42.0
08111,50.55,6.26,42.0
08113,47.56,7.5,42.0
08115,50.3,9.36,42.0
08116,50.5,9.72,42.0
08117,54.09,5.26,42.0
08119,49.64,10.99,42.0
08120,43.48,0.0,42.0
08121,50.75,12.5,42.0
08122,49.99,8.06,42.0
08123,44.44,0.0,42.0
08124,49.34,12.92,42.0
08125,49.08,16.28,42.0
08126,50.92,0.0,42.0
08128,46.88,0.0,42.0
08130,52.94,10.0,42.0
08131,46.88,0.0,42.0
08132,50.26,10.0,42.0
08133,49.26,9.26,42.0
08134,48.68,0.0,42.0
08135,47.73,6.25,42.0
08136,47.41,2.78,42.0
08137,50.93,9.52,42.0
08138,49.59,4.76,42.0
08139,51.21,1.29,42.0
08140,51.81,9.89,42.0
08141,47.59,0.0,42.0
08142,52.97,4.26,42.0
08143,54.55,0.0,42.0
08144,48.54,14.29,42.0
08145,51.33,8.26,42.0
08146,46.15,16.67,42.0
08147,56.34,11.11,42.0
08148,47.31,6.67,42.0
08149,48.84,10.0,42.0
08150,47.06,5.88,42.0
08151,47.33,11.17,42.0
08153,46.22,7.14,42.0
08154,50.62,0.0,42.0
08155,50.0,0.0,42.0
08156,52.03,9.09,42.0
08158,54.04,20.83,42.0
08159,42.73,0.0,42.0
08160,48.94,13.89,42.0
08161,58.33,0.0,42.0
08162,51.53,7.69,42.0
08163,47.05,19.05,42.0
08164,51.42,7.41,42.0
08165,46.03,25.0,42.0
08166,47.46,5.0,42.0
08167,41.89,28.57,42.0
08168,50.57,0.0,42.0
08169,54.17,0.0,42.0
08170,49.55,9.09,42.0
08171,41.94,0.0,42.0
08172,49.68,6.67,42.0
08173,50.48,7.17,42.0
08174,51.74,10.55,42.0
08175,47.56,3.85,42.0
08176,54.1,0.0,42.0
08178,50.61,0.0,42.0
08179,50.34,10.14,42.0
08180,50.02,14.11,42.0
08182,50.82,0.0,42.0
08183,49.42,10.1,42.0
08184,47.56,0.0,42.0
08185,51.38,3.01,42.0
08186,40.82,0.0,42.0
08187,49.83,3.45,42.0
08188,50.53,3.92,42.0
08189,46.41,7.69,42.0
08190,50.85,8.28,42.0
08191,49.92,12.29,42.0
08192,45.74,0.0,42.0
08193,53.46,11.11,42.0
08194,53.89,6.46,42.0
08195,48.44,6.9,42.0
08196,42.7,0.0,42.0
08198,47.17,0.0,42.0
08199,47.14,8.33,42.0
08200,54.45,11.76,42.0
08201,50.0,27.27,42.0
08202,47.52,6.36,42.0
08203,51.02,28.93,42.0
08204,44.87,0.0,42.0
08205,44.29,16.67,42.0
08206,49.17,6.67,42.0
08207,46.54,15.0,42.0
08208,53.62,0.0,42.0
08209,52.16,11.32,42.0
08210,50.0,0.0,42.0
08211,49.77,7.81,42.0
08212,49.63,12.24,42.0
08214,50.34,8.7,42.0
08215,56.52,0.0,42.0
08216,46.78,29.63,42.0
08217,50.57,0.0,42.0
08218,50.92,8.26,42.0
08219,47.86,0.0,42.0
08220,50.3,0.0,42.0
08222,49.59,8.45,42.0
08223,53.23,12.5,42.0
08225,50.24,4.55,42.0
08226,56.47,0.0,42.0
08228,47.62,9.09,42.0
08229,50.0,27.27,42.0
08230,49.92,0.0,42.0
08232,50.24,5.41,42.0
08233,46.51,0.0,42.0
08234,54.41,0.0,42.0
08235,48.62,6.67,42.0
08236,48.7,0.0,42.0
08237,48.72,13.22,42.0
08238,56.18,18.18,42.0
08239,51.64,10.26,42.0
08240,47.93,5.26,42.0
08242,50.71,2.38,42.0
08243,48.48,5.56,42.0
08244,52.78,14.29,42.0
08245,51.61,0.0,42.0
08246,50.0,0.0,42.0
08247,51.59,7.69,42.0
08248,49.55,3.28,42.0
08249,50.22,8.7,42.0
08250,52.94,0.0,42.0
08251,44.26,0.0,42.0
08252,45.13,0.0,42.0
08254,51.0,4.44,42.0
08255,48.66,0.0,42.0
08256,44.57,0.0,42.0
08257,47.68,5.88,42.0
08259,46.88,0.0,42.0
08260,51.23,7.35,42.0
08262,50.6,5.17,42.0
08263,52.34,6.06,42.0
08264,51.03,8.51,42.0
08268,48.53,0.0,42.0
08269,46.91,0.0,42.0
08271,49.52,25.0,42.0
08272,56.14,14.29,42.0
08273,45.83,0.0,42.0
08274,52.81,0.0,42.0
08275,47.37,5.56,42.0
08276,49.12,3.77,42.0
08277,52.67,8.33,42.0
08278,52.11,12.5,42.0
08279,48.28,25.0,42.0
08280,52.86,0.0,42.0
08281,51.63,2.5,42.0
08282,48.77,3.0,42.0
08283,51.18,15.38,42.0
08284,49.74,3.57,42.0
08286,46.32,7.69,42.0
08287,49.31,16.67,42.0
08288,46.15,11.11,42.0
08289,47.6,6.9,42.0
08291,50.65,4.76,42.0
08293,45.71,7.69,42.0
08295,49.19,19.05,42.0
08296,45.45,0.0,42.0
08297,47.42,8.82,42.0
08298,50.6,16.75,42.0
08301,50.72,0.0,42.0
08302,52.17,5.14,42.0
08303,50.67,7.49,42.0
08304,50.62,0.0,42.0
08305,49.09,20.69,42.0
08306,50.94,0.0,42.0
08307,53.66,0.0,42.0
08308,44.32,0.0,42.0
08309,47.06,20.0,42.0
08310,50.0,0.0,42.0
08311,52.05,7.3,42.0
08312,48.81,20.0,42.0
08313,44.97,28.57,42.0
08314,49.21,20.0,42.0
08315,52.31,0.0,42.0
08316,51.06,5.05,42.0
08317,47.11,0.0,42.0
08318,47.86,8.57,42.0
08319,52.93,0.0,42.0
08320,49.54,11.47,42.0
08321,49.13,9.09,42.0
08322,50.15,18.52,42.0
08323,48.15,8.33,42.0
08324,50.77,0.0,42.0
08325,34.62,0.0,42.0
08326,51.24,0.0,42.0
08327,52.34,4.75,42.0
08328,51.98,4.44,42.0
08329,50.59,7.8,42.0
08330,48.12,9.33,42.0
08331,50.43,6.9,42.0
08332,44.12,0.0,42.0
08333,52.68,4.35,42.0
08334,60.47,0.0,42.0
08335,47.06,55.56,42.0
08336,51.04,0.0,42.0
08338,47.69,4.76,42.0
08339,50.58,10.53,42.0
08340,55.11,0.0,42.0
08341,49.58,4.59,42.0
08342,47.25,13.04,42.0
08343,50.54,4.81,42.0
08344,50.0,0.0,42.0
08346,50.45,14.53,42.0
08347,50.72,4.76,42.0
08348,41.51,10.0,42.0
08349,49.64,1.82,42.0
08350,48.95,0.0,42.0
08351,53.03,25.0,42.0
08352,48.67,0.0,42.0
08353,52.48,23.08,42.0
08354,50.98,5.56,42.0
08355,50.9,11.43,42.0
08356,48.59,17.65,42.0
08357,51.18,4.11,42.0
08358,53.23,0.0,42.0
08360,52.49,0.0,42.0
08361,51.26,11.34,42.0
08362,54.07,7.76,42.0
08363,50.75,5.29,42.0
08364,52.34,0.0,42.0
08365,50.16,4.69,42.0
08366,51.23,3.92,42.0
08367,52.25,7.91,42.0
08368,52.27,8.33,42.0
08369,45.8,7.69,42.0
08370,51.71,7.69,42.0
08372,44.0,0.0,42.0
08373,51.54,4.12,42.0
08374,46.4,10.0,42.0
08375,51.12,8.33,42.0
08376,53.11,10.0,42.0
08377,52.32,0.0,42.0
08378,47.83,0.0,42.0
08379,49.79,4.35,42.0
08380,51.39,5.88,42.0
08381,51.68,3.74,42.0
08382,46.15,11.11,42.0
08383,45.0,0.0,42.0
08384,50.41,11.11,42.0
08385,49.84,15.21,42.0
08386,47.65,3.33,42.0
08387,46.78,0.0,42.0
08388,51.27,10.81,42.0
08389,49.71,5.56,42.0
08390,46.84,0.0,42.0
08391,50.41,5.48,42.0
08392,50.53,0.0,42.0
08393,50.0,0.0,42.0
08394,39.13,0.0,42.0
08395,50.69,33.33,42.0
08396,50.0,0.0,42.0
08397,44.44,0.0,42.0
08398,45.57,0.0,42.0
08399,48.05,11.11,42.0
08400,50.97,3.7,42.0
08401,48.44,5.26,42.0
08402,49.46,11.11,42.0
08403,51.12,7.25,42.0
08404,49.52,6.67,42.0
08405,50.2,25.0,42.0
08406,50.18,14.29,42.0
08407,35.65,0.0,42.0
08408,51.13,3.45,42.0
08409,52.52,7.8,42.0
08410,47.75,12.5,42.0
08411,41.38,0.0,42.0
08412,50.0,10.88,42.0
08413,48.24,7.14,42.0
08415,49.38,8.24,42.0
08416,46.56,0.0,42.0
08417,48.13,12.5,42.0
08418,46.59,3.87,42.0
08419,52.38,3.92,42.0
08420,51.0,6.82,42.0
08421,48.39,0.0,42.0
08422,46.1,33.33,42.0
08424,50.0,0.0,42.0
08425,45.65,0.0,42.0
08426,43.82,25.0,42.0
08427,53.66,8.0,42.0
08428,50.0,6.25,42.0
08429,52.15,7.58,42.0
08430,41.46,0.0,42.0
08431,54.0,16.67,42.0
08432,50.53,37.5,42.0
08433,49.18,25.0,42.0
08434,44.23,0.0,42.0
08435,50.41,10.47,42.0
08436,47.95,6.25,42.0
08437,53.3,0.0,42.0
08438,48.48,10.0,42.0
08439,52.54,0.0,42.0
08440,47.69,14.29,42.0
08444,51.56,0.0,42.0
08445,48.51,13.51,42.0
08446,54.12,0.0,42.0
08448,50.5,3.09,42.0
08449,49.92,3.28,42.0
08450,48.21,9.09,42.0
08451,51.1,3.07,42.0
08452,49.19,8.7,42.0
08453,54.44,20.0,42.0
08454,46.34,0.0,42.0
08455,48.75,9.09,42.0
08456,46.93,7.14,42.0
08457,51.53,11.92,42.0
08458,48.59,7.14,42.0
08459,51.43,11.11,42.0
08460,46.84,0.0,42.0
08461,47.9,16.67,42.0
08462,46.62,12.5,42.0
08463,52.73,0.0,42.0
08464,51.28,0.0,42.0
08465,43.48,0.0,42.0
08466,51.35,0.0,42.0
08467,50.93,27.27,42.0
08468,50.82,5.0,42.0
08469,47.07,10.26,42.0
08470,45.45,0.0,42.0
08471,60.61,0.0,42.0
08472,48.86,9.68,42.0
08473,47.94,12.5,42.0
08476,49.08,0.0,42.0
08477,46.08,10.0,42.0
08478,47.54,8.33,42.0
08479,48.61,8.0,42.0
08480,53.97,5.46,42.0
08481,46.07,9.09,42.0
08482,46.6,7.14,42.0
08483,48.3,13.43,42.0
08484,46.58,10.0,42.0
08485,49.75,16.67,42.0
08486,49.14,6.85,42.0
08487,51.11,11.05,42.0
08488,49.84,4.84,42.0
08489,49.76,13.33,42.0
08490,52.74,4.41,42.0
08491,52.64,8.12,42.0
08492,48.35,16.67,42.0
08494,49.22,18.0,42.0
08496,44.44,0.0,42.0
08497,49.84,14.29,42.0
08498,50.14,17.12,42.0
08499,49.59,0.0,42.0
08500,42.11,25.0,42.0
08501,52.5,20.0,42.0
08502,40.0,20.0,42.0
08503,47.11,0.0,42.0
09001,47.37,11.11,42.0
09002,50.01,16.39,42.0
09003,47.3,3.1,42.0
09004,51.64,13.33,42.0
09005,47.18,10.0,42.0
09006,55.36,0.0,42.0
09007,50.68,28.57,42.0
09008,50.0,0.0,42.0
09009,48.3,17.39,42.0
09011,55.41,12.5,42.0
09012,57.14,0.0,42.0
09013,50.0,0.0,42.0
09014,46.36,8.33,42.0
09015,49.58,9.43,42.0
09016,53.21,0.0,42.0
09017,44.83,33.33,42.0
09018,52.22,0.0,42.0
09019,49.48,3.82,42.0
09020,51.43,0.0,42.0
09021,47.11,6.67,42.0
09022,49.79,22.73,42.0
09023,45.13,9.09,42.0
09024,45.4,3.62,42.0
09025,40.02,0.0,42.0
09026,49.01,0.0,42.0
09027,46.83,0.0,42.0
09029,47.61,0.0,42.0
09030,48.93,2.44,42.0
09031,57.14,0.0,42.0
09032,50.73,7.3,42.0
09033,49.02,0.0,42.0
09034,52.63,0.0,42.0
09035,50.01,13.64,42.0
09037,50.0,0.0,42.0
09038,53.89,6.42,42.0
09039,51.86,3.45,42.0
09040,50.75,8.82,42.0
09041,50.74,0.0,42.0
09042,52.25,7.5,42.0
09043,51.04,7.5,42.0
09044,47.29,7.14,42.0
09045,49.25,22.62,42.0
09046,50.62,25.0,42.0
09047,52.91,7.5,42.0
09048,54.76,0.0,42.0
09049,51.98,0.0,42.0
09050,50.78,2.13,42.0
09051,44.08,5.88,42.0
09052,49.38,9.26,42.0
09053,45.71,0.0,42.0
09054,49.12,16.0,42.0
09055,52.59,0.0,42.0
09056,48.02,4.99,42.0
09057,48.61,3.23,42.0
09058,52.37,16.67,42.0
09059,44.26,18.18,42.0
09060,51.66,8.04,42.0
09061,49.85,6.03,42.0
09062,47.74,9.11,42.0
09063,48.7,0.0,42.0
09064,51.28,0.0,42.0
09065,49.38,9.52,42.0
09066,48.22,9.96,42.0
09067,48.34,17.86,42.0
09068,40.91,0.0,42.0
09069,48.94,50.0,42.0
09070,52.22,7.82,42.0
09071,51.36,14.49,42.0
09072,48.89,0.0,42.0
09073,52.5,0.0,42.0
09074,47.62,8.33,42.0
09075,47.75,0.0,42.0
09076,50.43,13.33,42.0
09077,51.58,0.0,42.0
09078,30.99,0.0,42.0
09079,50.02,9.48,42.0
09080,50.0,0.0,42.0
09081,51.37,23.33,42.0
09082,52.33,2.38,42.0
09083,52.17,0.0,42.0
09084,50.54,12.5,42.0
09085,54.5,0.0,42.0
09086,47.34,9.38,42.0
09087,52.73,33.33,42.0
09088,45.0,33.33,42.0
09089,46.55,0.0,42.0
09090,45.83,0.0,42.0
09091,50.29,11.11,42.0
09092,53.33,0.0,42.0
09093,44.76,11.11,42.0
09094,57.86,0.0,42.0
09095,51.22,33.33,42.0
09096,58.54,0.0,42.0
09097,48.31,7.14,42.0
09098,46.25,0.0,42.0
09099,53.91,19.15,42.0
09100,43.69,14.29,42.0
09101,48.24,3.12,42.0
09102,50.84,23.08,42.0
09103,52.57,10.67,42.0
09104,50.51,16.18,42.0
09105,50.62,6.35,42.0
09106,46.65,10.31,42.0
09107,49.08,11.54,42.0
09108,47.51,5.56,42.0
09109,46.2,6.25,42.0
09110,48.98,0.0,42.0
09111,51.4,3.57,42.0
09113,49.46,8.82,42.0
09114,43.85,12.5,42.0
09115,50.79,7.69,42.0
09116,54.02,15.93,42.0
09117,50.48,8.33,42.0
09118,45.03,4.76,42.0
09119,52.26,6.82,42.0
09120,57.55,16.67,42.0
09121,53.23,6.94,42.0
09122,53.08,16.62,42.0
09123,47.12,16.67,42.0
09124,50.23,8.51,42.0
09125,53.31,3.7,42.0
09126,47.56,0.0,42.0
09127,52.42,0.0,42.0
09128,47.74,3.13,42.0
09129,51.33,30.0,42.0
09130,50.2,8.57,42.0
09131,53.06,0.0,42.0
09132,50.21,8.7,42.0
09133,50.0,0.0,42.0
09134,47.5,25.0,42.0
09136,51.22,33.33,42.0
09137,46.32,0.0,42.0
09138,48.97,0.0,42.0
09139,49.48,0.0,42.0
09140,45.9,0.0,42.0
09141,47.95,0.0,42.0
09142,46.4,11.11,42.0
09145,52.92,17.86,42.0
09146,53.62,12.5,42.0
09147,46.89,16.67,42.0
09148,48.39,12.5,42.0
09149,46.39,0.0,42.0
09150,53.78,28.57,42.0
09151,43.55,33.33,42.0
09153,49.17,0.0,42.0
09154,48.33,0.0,42.0
09155,52.08,33.33,42.0
09156,63.16,50.0,42.0
09157,52.6,5.75,42.0
09158,47.96,22.73,42.0
09159,47.62,0.0,42.0
09160,52.23,4.93,42.0
09161,50.95,1.8,42.0
09162,50.0,100.0,42.0
09163,48.15,0.0,42.0
09164,48.24,6.9,42.0
09165,50.28,9.09,42.0
09166,52.68,0.0,42.0
09167,53.22,7.02,42.0
09168,54.1,14.29,42.0
09169,49.58,16.67,42.0
09170,49.17,10.71,42.0
09171,52.54,0.0,42.0
09172,40.0,0.0,42.0
09173,46.06,10.0,42.0
09174,53.99,9.68,42.0
09175,52.94,20.0,42.0
09176,51.3,4.16,42.0
09177,51.86,0.0,42.0
09178,54.05,0.0,42.0
09179,50.67,25.0,42.0
09180,47.74,20.0,42.0
09181,51.46,5.43,42.0
09182,47.11,11.77,42.0
09183,51.96,0.0,42.0
09184,53.06,66.67,42.0
09185,52.43,8.15,42.0
09186,46.56,0.0,42.0
09187,49.86,8.54,42.0
09188,49.58,8.93,42.0
09189,44.64,0.0,42.0
09190,53.45,10.0,42.0
09192,47.18,9.09,42.0
09193,44.26,0.0,42.0
09194,53.25,8.77,42.0
09195,50.0,0.0,42.0
09196,50.58,14.29,42.0
09197,41.18,0.0,42.0
09198,51.74,0.0,42.0
09199,49.85,6.75,42.0
09200,50.51,16.13,42.0
09201,47.14,10.0,42.0
09202,48.58,13.23,42.0
09203,47.06,6.25,42.0
09204,47.83,15.0,42.0
09205,51.06,0.0,42.0
09206,51.8,9.64,42.0
09207,51.26,14.75,42.0
09208,50.89,15.38,42.0
09209,49.89,7.08,42.0
09210,52.64,12.2,42.0
09211,52.59,0.0,42.0
09212,51.97,0.0,42.0
09213,48.94,5.88,42.0
09214,50.88,5.97,42.0
09215,46.72,0.0,42.0
09216,53.33,0.0,42.0
09217,43.92,15.38,42.0
09218,48.51,12.5,42.0
09219,48.17,14.29,42.0
09220,49.04,0.0,42.0
09221,50.34,41.18,42.0
09222,55.56,50.0,42.0
09223,49.26,0.0,42.0
09224,46.77,0.0,42.0
09225,51.09,7.45,42.0
09226,45.95,28.57,42.0
09227,48.45,9.09,42.0
09228,49.31,5.0,42.0
09229,51.41,2.56,42.0
09231,46.34,0.0,42.0
09232,44.44,0.0,42.0
09233,51.11,20.0,42.0
09234,46.28,0.0,42.0
09235,51.69,7.93,42.0
09236,51.76,13.51,42.0
09237,53.33,0.0,42.0
09238,47.67,12.64,42.0
09239,45.65,0.0,42.0
09240,50.85,13.13,42.0
09241,47.26,3.32,42.0
09242,44.74,0.0,42.0
09243,46.46,0.0,42.0
09244,51.27,8.34,42.0
09245,49.92,11.74,42.0
09246,50.24,5.46,42.0
09247,52.6,7.69,42.0
09249,50.0,16.67,42.0
09250,51.81,0.0,42.0
09251,52.27,0.0,42.0
09252,53.33,0.0,42.0
09253,51.69,6.9,42.0
09254,52.31,19.23,42.0
09256,45.76,0.0,42.0
09257,50.31,6.9,42.0
09258,48.83,6.82,42.0
09259,50.66,15.38,42.0
09260,51.72,0.0,42.0
09261,53.01,10.17,42.0
09262,48.92,0.0,42.0
09263,47.37,0.0,42.0
09264,51.91,4.67,42.0
09265,53.52,7.65,42.0
09266,43.06,0.0,42.0
09267,44.9,0.0,42.0
09268,54.89,14.61,42.0
09269,46.61,22.22,42.0
09270,50.6,10.0,42.0
09271,49.41,12.5,42.0
09272,50.52,6.61,42.0
09273,51.58,15.25,42.0
09274,53.42,3.7,42.0
09275,49.59,22.86,42.0
09276,47.32,8.33,42.0
09277,50.09,12.31,42.0
09279,43.75,0.0,42.0
09280,49.07,7.41,42.0
09281,49.59,0.0,42.0
09282,51.13,10.34,42.0
09283,49.44,2.84,42.0
09284,51.06,13.64,42.0
09285,50.26,17.24,42.0
09289,52.08,5.04,42.0
09290,42.87,0.0,42.0
09291,51.43,12.5,42.0
09292,42.86,0.0,42.0
09293,51.86,7.55,42.0
09294,46.81,12.5,42.0
09295,48.42,16.67,42.0
09296,50.0,6.32,42.0
09297,43.33,0.0,42.0
09298,42.22,12.5,42.0
09299,47.85,5.22,42.0
09300,52.98,14.29,42.0
09301,47.36,0.0,42.0
09303,48.8,3.12,42.0
09304,41.67,0.0,42.0
09305,51.62,10.74,42.0
09306,52.12,3.17,42.0
09307,49.08,0.0,42.0
09308,48.24,17.65,42.0
09309,49.38,9.09,42.0
09310,43.18,0.0,42.0
09311,47.62,0.0,42.0
09312,52.06,11.63,42.0
09313,50.32,0.0,42.0
09314,51.02,4.17,42.0
09315,52.38,8.33,42.0
09316,48.62,16.67,42.0
09318,48.03,0.0,42.0
09319,45.9,11.11,42.0
09320,60.71,0.0,42.0
09321,51.14,5.0,42.0
09322,43.56,7.63,42.0
09323,52.17,0.0,42.0
09324,52.03,10.13,42.0
09325,40.62,0.0,42.0
09326,46.96,0.0,42.0
09327,49.3,7.41,42.0
09328,53.18,0.0,42.0
09329,51.71,11.62,42.0
09330,44.44,0.0,42.0
09331,50.61,11.11,42.0
09332,53.04,14.85,42.0
09334,48.52,13.49,42.0
09335,53.66,33.33,42.0
09336,49.8,0.0,42.0
09338,44.81,23.08,42.0
09339,49.44,2.56,42.0
09340,46.15,0.0,42.0
09341,47.95,7.69,42.0
09342,45.83,4.0,42.0
10002,47.68,3.33,42.0
10003,51.87,11.68,42.0
10004,48.57,0.0,42.0
10005,49.0,3.45,42.0
10006,51.68,5.26,42.0
10007,50.0,0.0,42.0
10008,48.42,0.0,42.0
10009,46.24,0.0,42.0
10010,52.17,14.29,42.0
10011,51.14,10.53,42.0
10012,51.73,0.0,42.0
10013,51.09,0.0,42.0
10014,49.46,5.88,42.0
10015,49.24,11.36,42.0
10017,48.18,0.0,42.0
10018,47.85,10.59,42.0
10019,50.33,20.0,42.0
10020,48.65,14.63,42.0
10021,48.47,0.0,42.0
10022,50.78,15.0,42.0
10023,48.8,4.17,42.0
10024,54.49,6.67,42.0
10025,47.67,6.67,42.0
10026,53.12,33.33,42.0
10027,56.14,16.67,42.0
10028,51.79,6.67,42.0
10029,47.74,0.0,42.0
10030,49.31,5.02,42.0
10031,49.88,6.38,42.0
10032,48.52,0.0,42.0
10033,52.27,5.3,42.0
10034,50.34,6.05,42.0
10035,51.78,3.33,42.0
10037,50.17,4.65,42.0
10038,52.41,16.67,42.0
10039,47.37,6.67,42.0
10040,45.0,7.14,42.0
10041,42.31,0.0,42.0
10042,46.64,10.0,42.0
10043,52.07,18.18,42.0
10044,52.94,0.0,42.0
10045,56.59,0.0,42.0
10046,48.98,14.29,42.0
10047,51.22,51.72,42.0
10048,47.53,11.76,42.0
10049,47.06,20.04,42.0
10050,50.52,0.0,42.0
10051,53.04,11.22,42.0
10052,47.58,15.38,42.0
10053,48.62,7.84,42.0
10054,47.69,10.0,42.0
10055,53.15,5.26,42.0
10056,46.03,0.0,42.0
10057,43.4,0.0,42.0
10058,48.42,0.0,42.0
10059,46.09,0.0,42.0
10060,51.41,15.47,42.0
10061,50.25,6.67,42.0
10062,45.92,11.54,42.0
10063,50.49,10.34,42.0
10064,50.18,6.6,42.0
10065,52.63,0.0,42.0
10066,51.91,19.51,42.0
10067,52.28,15.07,42.0
10068,50.89,0.0,42.0
10069,50.0,6.25,42.0
10070,49.78,0.0,42.0
10071,50.98,0.0,42.0
10072,40.62,0.0,42.0
10073,48.92,5.88,42.0
10074,49.78,4.08,42.0
10075,44.95,0.0,42.0
10076,46.83,3.23,42.0
10077,43.16,10.0,42.0
10078,57.69,0.0,42.0
10079,50.0,0.0,42.0
10080,52.56,3.1,42.0
10081,52.46,5.84,42.0
10082,49.14,0.0,42.0
10083,51.4,10.0,42.0
10084,50.34,17.27,42.0
10085,56.14,42.86,42.0
10086,50.83,5.26,42.0
10087,36.96,20.0,42.0
10089,50.78,4.55,42.0
10090,50.05,8.33,42.0
10091,51.8,7.14,42.0
10092,50.78,7.69,42.0
10093,50.0,18.18,42.0
10094,50.36,0.0,42.0
10095,49.1,3.7,42.0
10096,49.89,9.76,42.0
10097,44.97,5.0,42.0
10098,49.49,0.0,42.0
10099,51.8,9.26,42.0
10100,49.39,13.39,42.0
10101,52.63,0.0,42.0
10102,48.47,5.88,42.0
10103,49.67,6.67,42.0
10104,48.86,11.11,42.0
10105,50.0,0.0,42.0
10106,47.52,9.09,42.0
10107,46.15,0.0,42.0
10108,51.58,0.0,42.0
10109,49.77,3.7,42.0
10110,48.21,16.13,42.0
10111,54.55,0.0,42.0
10112,51.41,12.5,42.0
10113,50.76,0.0,42.0
10114,48.9,4.62,42.0
10115,55.11,16.66,42.0
10116,48.43,9.68,42.0
10117,44.8,0.0,42.0
10118,47.57,0.0,42.0
10119,49.35,12.5,42.0
10120,51.0,0.0,42.0
10121,48.44,4.16,42.0
10122,49.59,5.0,42.0
10123,50.43,6.33,42.0
10124,52.19,7.41,42.0
10125,44.91,7.69,42.0
10126,54.92,9.09,42.0
10127,50.0,0.0,42.0
10128,53.42,0.0,42.0
10129,48.8,18.52,42.0
10130,49.0,0.0,42.0
10131,50.88,10.81,42.0
10132,51.95,2.94,42.0
10133,52.59,20.0,42.0
10134,45.57,0.0,42.0
10135,45.98,0.0,42.0
10136,52.14,8.33,42.0
10137,46.15,0.0,42.0
10138,46.83,20.0,42.0
10139,43.12,4.31,42.0
10140,51.55,3.4,42.0
10141,50.61,3.17,42.0
10142,50.35,10.39,42.0
10143,53.47,6.67,42.0
10144,49.04,28.57,42.0
10145,50.24,23.53,42.0
10146,46.25,57.14,42.0
10147,48.72,9.09,42.0
10148,49.63,7.41,42.0
10149,49.55,17.86,42.0
10150,50.72,8.71,42.0
10151,52.16,6.49,42.0
10153,49.44,6.1,42.0
10154,50.72,0.0,42.0
10155,51.65,0.0,42.0
10156,49.21,6.53,42.0
10157,46.95,11.11,42.0
10158,49.9,5.17,42.0
10159,39.6,18.18,42.0
10160,44.44,0.0,42.0
10161,51.02,0.0,42.0
10162,44.75,3.45,42.0
10163,50.0,0.0,42.0
10164,50.79,12.73,42.0
10165,53.08,3.72,42.0
10166,50.51,3.05,42.0
10167,44.83,0.0,42.0
10168,58.02,0.0,42.0
10169,48.91,4.55,42.0
10170,49.78,0.0,42.0
10171,47.92,0.0,42.0
10172,48.39,11.11,42.0
10173,50.59,18.92,42.0
10174,49.11,0.0,42.0
10175,51.25,0.0,42.0
10176,46.1,0.0,42.0
10177,49.09,0.0,42.0
10178,48.54,11.54,42.0
10179,50.09,4.09,42.0
10180,50.0,14.29,42.0
10181,50.6,9.52,42.0
10182,51.96,0.0,42.0
10183,51.43,0.0,42.0
10184,48.44,0.0,42.0
10185,48.8,5.0,42.0
10186,50.57,10.0,42.0
10187,49.04,9.1,42.0
10188,45.49,0.0,42.0
10189,54.24,0.0,42.0
10190,48.77,21.15,42.0
10191,51.13,28.41,42.0
10192,44.09,8.33,42.0
10193,51.16,4.55,42.0
10194,42.11,0.0,42.0
10195,45.02,4.0,42.0
10196,50.45,6.67,42.0
10197,48.82,0.0,42.0
10198,49.57,33.33,42.0
10199,52.11,8.1,42.0
10200,46.32,27.27,42.0
10201,50.94,0.0,42.0
10202,43.93,7.14,42.0
10203,48.12,5.79,42.0
10204,53.19,15.38,42.0
10205,42.03,20.0,42.0
10206,45.24,0.0,42.0
10207,49.23,0.0,42.0
10208,51.72,12.0,42.0
10209,52.54,14.36,42.0
10210,49.88,6.44,42.0
10211,49.36,15.38,42.0
10212,52.78,0.0,42.0
10213,50.94,14.29,42.0
10214,48.19,0.0,42.0
10215,46.36,5.26,42.0
10216,33.02,2.35,42.0
10217,42.86,0.0,42.0
10218,48.81,10.53,42.0
10219,52.0,11.11,42.0
10220,50.38,6.94,42.0
10221,51.85,0.0,42.0
10222,49.24,9.85,42.0
10223,52.48,8.06,42.0
10224,50.54,10.0,42.0
10225,53.35,4.17,42.0
10226,43.75,0.0,42.0
10227,47.11,0.0,42.0
10228,52.29,0.0,42.0
10229,53.06,0.0,42.0
10230,47.7,20.0,42.0
10231,49.58,6.67,42.0
10232,49.54,0.0,42.0
10233,52.01,6.06,42.0
10234,46.66,4.0,42.0
10235,39.29,16.67,42.0
10236,47.37,0.0,42.0
10237,48.73,14.55,42.0
10238,52.16,12.93,42.0
10239,53.25,12.71,42.0
10240,47.87,11.11,42.0
10241,52.73,33.33,42.0
10242,54.37,9.52,42.0
10243,45.1,14.29,42.0
10245,48.73,17.24,42.0
10246,52.44,8.7,42.0
10247,44.35,0.0,42.0
10248,52.03,13.67,42.0
10249,49.88,5.71,42.0
10250,50.0,0.0,42.0
10251,48.15,10.0,42.0
10252,58.33,14.29,42.0
10253,48.07,0.0,42.0
10254,49.5,6.9,42.0
10255,51.24,5.69,42.0
10256,51.69,12.12,42.0
10257,43.33,50.0,42.0
10258,45.89,8.02,42.0
10259,51.46,6.9,42.0
10260,50.75,11.59,42.0
10261,52.31,5.62,42.0
10262,48.89,8.15,42.0
10263,51.39,0.0,42.0
10264,48.08,0.0,42.0
10265,55.08,9.97,42.0
10266,56.82,33.33,42.0
10267,48.87,3.57,42.0
10268,52.39,14.62,42.0
10269,53.99,7.14,42.0
10270,49.62,9.09,42.0
10271,50.25,9.68,42.0
10272,47.85,0.0,42.0
10273,40.0,0.0,42.0
10274,51.9,0.0,42.0
10275,51.64,6.0,42.0
10276,50.78,6.29,42.0
10278,50.0,18.18,42.0
10279,59.57,0.0,42.0
10280,50.38,1.3,42.0
10281,50.36,15.38,42.0
10282,50.58,15.36,42.0
10283,48.44,0.0,42.0
10284,52.03,0.0,42.0
10285,47.83,10.0,42.0
10286,50.47,7.14,42.0
10287,51.24,9.7,42.0
10288,52.45,0.0,42.0
10289,50.05,5.33,42.0
10290,50.86,12.5,42.0
10291,47.22,5.0,42.0
10293,50.0,6.25,42.0
10294,52.73,0.0,42.0
10295,50.22,9.68,42.0
10296,53.41,0.0,42.0
10297,53.83,8.58,42.0
10298,51.28,3.13,42.0
10299,50.99,11.67,42.0
10300,48.6,0.0,42.0
10301,53.76,0.0,42.0
10302,50.59,0.0,42.0
10303,42.65,28.57,42.0
10304,50.0,8.33,42.0
10305,47.78,14.29,42.0
10306,52.02,19.05,42.0
10307,51.67,25.0,42.0
10308,47.14,8.33,42.0
10309,45.24,0.0,42.0
10310,50.25,6.67,42.0
10312,47.93,0.0,42.0
10313,48.77,6.25,42.0
10314,49.95,10.1,42.0
10315,46.67,0.0,42.0
10316,53.66,9.52,42.0
10317,53.51,6.27,42.0
10318,50.64,21.05,42.0
10319,49.77,9.67,42.0
10320,49.79,10.53,42.0
10321,52.3,19.57,42.0
10323,52.01,5.38,42.0
10324,52.2,0.0,42.0
10325,47.31,15.64,42.0
10326,46.15,8.33,42.0
10327,45.69,7.14,42.0
10328,49.71,7.69,42.0
10329,50.56,8.0,42.0
10330,47.32,0.0,42.0
10331,52.67,3.7,42.0
10332,48.09,12.04,42.0
10333,54.0,12.42,42.0
10334,48.23,8.37,42.0
10335,50.66,5.56,42.0
10336,50.38,10.81,42.0
10337,36.36,0.0,42.0
10338,50.88,7.69,42.0
10339,49.15,12.12,42.0
10340,51.84,13.64,42.0
10341,51.64,6.25,42.0
10342,51.61,17.07,42.0
10343,52.18,14.69,42.0
10344,50.0,20.25,42.0
10345,49.08,6.66,42.0
10346,37.25,0.0,42.0
10347,49.54,0.0,42.0
10348,49.12,4.35,42.0
10349,50.97,11.0,42.0
10350,47.57,10.0,42.0
10351,47.99,12.5,42.0
10352,50.09,19.21,42.0
10353,50.26,11.76,42.0
10354,48.91,0.0,42.0
10355,47.13,30.0,42.0
10356,53.27,0.0,42.0
10357,52.17,15.61,42.0
10358,52.41,8.5,42.0
10359,47.6,0.0,42.0
10360,48.82,12.64,42.0
10361,43.91,0.0,42.0
10362,54.39,13.66,42.0
10363,48.99,8.01,42.0
10364,42.47,0.0,42.0
10365,42.4,0.0,42.0
10366,48.39,16.67,42.0
10367,50.85,9.83,42.0
10368,48.84,8.08,42.0
10369,47.95,0.0,42.0
10370,48.74,10.0,42.0
10371,49.32,24.24,42.0
10372,51.85,5.56,42.0
10373,50.26,29.55,42.0
10374,48.37,0.0,42.0
10375,51.63,28.12,42.0
10376,49.35,5.88,42.0
10377,48.54,0.0,42.0
10378,47.83,16.67,42.0
10379,50.24,7.32,42.0
10380,45.83,0.0,42.0
10381,51.17,19.51,42.0
10382,52.84,3.37,42.0
10383,47.8,0.0,42.0
10384,47.55,4.76,42.0
10386,51.23,5.88,42.0
10387,52.58,12.2,42.0
10388,53.49,0.0,42.0
10389,50.86,0.0,42.0
10390,46.87,6.25,42.0
10391,49.99,9.37,42.0
10392,47.86,15.38,42.0
10393,43.55,5.26,42.0
10394,50.91,8.33,42.0
10395,48.37,16.67,42.0
10396,49.2,12.0,42.0
10397,43.1,0.0,42.0
10398,49.3,0.0,42.0
10399,52.93,9.09,42.0
10400,48.48,0.0,42.0
10401,51.16,5.88,42.0
10402,48.15,11.11,42.0
10403,42.37,0.0,42.0
10404,51.85,0.0,42.0
10405,56.9,0.0,42.0
10406,49.75,11.26,42.0
10408,49.09,8.33,42.0
10409,49.99,10.17,42.0
10410,46.73,10.0,42.0
10411,46.43,0.0,42.0
10412,48.76,19.86,42.0
10414,52.8,9.09,42.0
10416,49.17,21.43,42.0
10417,48.31,15.0,42.0
10418,52.53,0.0,42.0
10419,49.33,4.22,42.0
10420,45.28,6.25,42.0
10421,51.35,15.38,42.0
10422,49.46,10.23,42.0
10423,52.39,0.0,42.0
10424,53.97,0.0,42.0
10425,51.31,26.17,42.0
10426,46.65,7.55,42.0
10427,49.0,12.39,42.0
10428,51.52,0.0,42.0
10429,48.96,4.35,42.0
10430,48.81,0.0,42.0
10431,51.49,7.25,42.0
10432,56.06,0.0,42.0
10433,51.76,0.0,42.0
10434,56.14,0.0,42.0
10435,45.16,0.0,42.0
10436,54.55,5.56,42.0
10437,53.7,9.66,42.0
10438,47.32,0.0,42.0
10439,48.74,14.29,42.0
10440,47.95,0.0,42.0
10441,44.05,0.0,42.0
10442,47.37,4.41,42.0
10443,60.47,0.0,42.0
10444,53.3,4.35,42.0
10445,46.43,18.18,42.0
11001,51.25,1.87,42.0
11002,44.86,18.75,42.0
11003,52.81,4.76,42.0
11004,49.16,0.0,42.0
11005,49.89,7.87,42.0
11006,50.63,25.0,42.0
11007,47.93,0.0,42.0
11008,53.02,5.56,42.0
11009,51.85,4.73,42.0
11010,50.0,3.85,42.0
11011,52.28,2.2,42.0
11012,49.53,4.37,42.0
11013,52.09,19.23,42.0
11014,52.07,12.03,42.0
11015,48.47,13.01,42.0
11016,46.25,0.0,42.0
11017,53.33,16.67,42.0
11018,53.25,6.66,42.0
11019,51.61,33.33,42.0
11020,54.29,33.33,42.0
11021,50.41,2.27,42.0
11022,50.83,16.18,42.0
11023,51.32,12.0,42.0
11024,50.86,4.92,42.0
11025,49.27,14.29,42.0
11026,54.27,12.5,42.0
11027,51.3,7.52,42.0
11028,50.73,3.7,42.0
11029,49.18,0.0,42.0
11030,45.95,36.36,42.0
11031,56.0,0.0,42.0
11032,46.56,13.64,42.0
11033,51.61,5.45,42.0
11034,54.97,9.45,42.0
11035,53.14,0.0,42.0
11036,46.61,25.0,42.0
11037,50.59,6.49,42.0
11038,58.73,0.0,42.0
11039,38.1,25.0,42.0
11040,53.2,8.38,42.0
11041,52.49,11.8,42.0
11042,47.35,12.5,42.0
11043,47.28,4.76,42.0
11044,48.11,16.67,42.0
11045,51.77,14.29,42.0
11046,50.91,19.65,42.0
11047,38.24,0.0,42.0
11048,54.75,5.17,42.0
11049,52.98,8.5,42.0
11051,54.65,13.33,42.0
11052,54.14,3.45,42.0
11053,49.5,8.0,42.0
11054,54.79,16.67,42.0
11055,47.92,25.42,42.0
11056,51.89,15.38,42.0
11057,52.78,0.0,42.0
11058,52.71,18.75,42.0
11059,48.1,8.33,42.0
11060,44.9,0.0,42.0
11061,48.93,26.32,42.0
11063,50.72,3.95,42.0
11064,49.06,7.49,42.0
11065,53.03,0.0,42.0
11066,50.0,0.0,42.0
11067,51.24,4.24,42.0
11068,53.34,3.93,42.0
11069,53.21,11.49,42.0
11070,52.07,8.0,42.0
11071,51.24,0.0,42.0
11072,52.5,5.26,42.0
11073,53.23,0.0,42.0
11074,49.84,20.0,42.0
11075,45.16,0.0,42.0
11076,48.47,14.45,42.0
11077,49.6,4.88,42.0
11078,52.42,12.5,42.0
11079,46.05,21.43,42.0
11080,50.0,6.67,42.0
11081,53.45,6.56,42.0
11082,50.0,0.0,42.0
11083,39.29,0.0,42.0
11084,52.02,8.79,42.0
11085,50.7,9.35,42.0
11086,51.08,10.14,42.0
11087,47.62,16.67,42.0
11088,52.61,11.31,42.0
11089,50.61,26.67,42.0
11090,51.13,3.77,42.0
11091,51.84,8.45,42.0
11092,52.53,12.5,42.0
11093,42.86,0.0,42.0
11095,50.15,10.0,42.0
11096,53.12,33.33,42.0
11098,50.84,15.85,42.0
11099,50.93,8.93,42.0
11100,52.78,0.0,42.0
11101,48.08,0.0,42.0
11102,51.3,12.28,42.0
11103,53.56,9.85,42.0
11104,44.64,0.0,42.0
11105,51.51,9.09,42.0
11106,51.8,8.42,42.0
11107,48.57,0.0,42.0
11108,48.08,0.0,42.0
11109,42.86,0.0,42.0
11110,46.61,33.33,42.0
11111,49.59,5.8,42.0
11112,48.81,8.62,42.0
11113,48.0,0.0,42.0
11114,53.66,0.0,42.0
11115,49.95,5.71,42.0
11116,52.71,7.97,42.0
11117,43.5,0.0,42.0
11118,45.65,0.0,42.0
11119,50.0,12.0,42.0
11120,50.86,8.1,42.0
11121,43.12,0.0,42.0
11122,51.23,10.81,42.0
11123,50.02,6.25,42.0
11124,51.88,1.96,42.0
11125,53.49,20.0,42.0
11126,48.96,6.38,42.0
11127,49.3,25.0,42.0
11128,50.3,0.0,42.0
11129,53.46,5.69,42.0
11130,50.31,21.43,42.0
11131,51.05,11.57,42.0
11132,52.84,10.93,42.0
11133,45.1,0.0,42.0
11134,50.0,0.0,42.0
11136,53.5,4.92,42.0
11137,55.91,0.0,42.0
11138,51.27,1.82,42.0
11139,46.84,0.0,42.0
11140,50.44,10.46,42.0
11141,45.0,27.27,42.0
11142,47.43,9.52,42.0
11143,52.34,8.33,42.0
11144,50.65,5.81,42.0
11145,51.43,8.48,42.0
11146,49.69,6.45,42.0
11148,48.08,3.64,42.0
11149,54.93,0.0,42.0
11150,48.38,17.78,42.0
11151,49.4,8.42,42.0
11152,52.52,18.18,42.0
11153,51.99,18.75,42.0
11154,52.83,25.0,42.0
11155,55.13,16.67,42.0
11156,49.04,0.0,42.0
11157,46.69,7.14,42.0
11158,54.69,3.7,42.0
11159,46.32,7.14,42.0
11160,41.38,0.0,42.0
11161,49.61,16.67,42.0
11162,50.0,16.67,42.0
11163,57.45,0.0,42.0
11164,51.55,8.33,42.0
11165,51.96,25.78,42.0
11166,55.07,11.11,42.0
11167,53.12,11.11,42.0
11168,53.45,7.69,42.0
11169,54.65,0.0,42.0
11170,52.3,9.14,42.0
11172,50.58,19.61,42.0
11173,48.89,0.0,42.0
11174,53.57,0.0,42.0
11175,49.98,13.05,42.0
11176,52.17,0.0,42.0
11177,58.06,33.33,42.0
11178,49.29,5.68,42.0
11179,48.89,7.14,42.0
11180,37.68,16.67,42.0
11181,47.97,5.26,42.0
11182,46.81,14.29,42.0
11183,49.03,3.97,42.0
11184,44.11,0.0,42.0
11185,47.97,8.92,42.0
11186,50.0,0.0,42.0
11187,38.33,0.0,42.0
11188,51.14,11.54,42.0
11189,43.31,0.0,42.0
11190,52.67,7.12,42.0
11191,41.72,0.0,42.0
11192,50.63,10.54,42.0
11193,51.38,0.0,42.0
11194,48.2,0.0,42.0
11195,49.08,11.11,42.0
11196,50.56,0.0,42.0
11197,50.56,11.76,42.0
11198,50.44,10.71,42.0
11199,50.71,9.72,42.0
11200,49.26,0.0,42.0
11201,52.61,14.12,42.0
11202,51.46,8.53,42.0
11203,52.08,7.51,42.0
11204,47.06,0.0,42.0
11205,52.42,7.69,42.0
11206,53.94,9.13,42.0
11207,50.96,8.33,42.0
11208,50.62,16.67,42.0
11209,54.41,4.55,42.0
11210,51.57,7.45,42.0
11211,51.59,9.26,42.0
11212,49.55,13.14,42.0
11213,40.81,0.0,42.0
11214,48.24,6.06,42.0
11215,50.58,5.8,42.0
11216,49.0,18.75,42.0
11217,50.01,12.17,42.0
11218,51.95,25.0,42.0
11219,41.67,0.0,42.0
11220,51.21,15.03,42.0
11221,48.4,20.83,42.0
11222,50.0,13.33,42.0
11223,52.0,0.0,42.0
11224,58.19,0.0,42.0
11225,48.77,15.79,42.0
11226,52.38,0.0,42.0
11227,52.63,25.0,42.0
11228,47.77,6.67,42.0
11229,50.0,0.0,42.0
11230,44.0,0.0,42.0
11231,55.1,13.33,42.0
11232,49.15,0.0,42.0
11233,52.84,10.21,42.0
11234,54.12,9.09,42.0
11235,52.5,0.0,42.0
11236,48.19,13.04,42.0
11238,45.83,16.67,42.0
11239,54.28,11.11,42.0
11240,51.15,9.76,42.0
11241,50.96,3.48,42.0
11242,50.54,0.0,42.0
11243,49.94,9.0,42.0
11244,41.38,0.0,42.0
11245,35.9,0.0,42.0
11246,48.0,0.0,42.0
11247,59.46,0.0,42.0
11248,50.72,25.0,42.0
11249,53.66,0.0,42.0
11250,51.16,0.0,42.0
11251,52.12,10.7,42.0
11252,53.14,15.79,42.0
11253,55.38,7.94,42.0
11254,51.8,12.33,42.0
11255,50.03,10.74,42.0
11256,50.58,11.09,42.0
11257,49.38,4.76,42.0
11258,49.88,12.24,42.0
11259,52.27,4.31,42.0
11260,45.22,0.0,42.0
11261,52.02,6.67,42.0
11262,53.94,11.91,42.0
11263,52.22,11.76,42.0
11264,48.92,12.6,42.0
11265,35.29,0.0,42.0
11266,52.67,6.65,42.0
11267,49.15,10.44,42.0
11268,48.28,0.0,42.0
11269,51.26,7.49,42.0
11270,53.7,12.5,42.0
11271,51.52,0.0,42.0
11272,50.93,13.41,42.0
11273,50.37,17.29,42.0
11274,50.2,12.82,42.0
11275,52.38,5.0,42.0
11276,49.49,19.57,42.0
11278,50.0,0.0,42.0
11279,50.82,9.43,42.0
11280,49.72,3.33,42.0
11281,49.13,2.86,42.0
11282,48.15,0.0,42.0
11283,49.33,0.0,42.0
11284,51.61,4.52,42.0
11285,51.24,10.52,42.0
11286,51.54,6.52,42.0
11287,45.98,22.22,42.0
11288,50.23,5.44,42.0
11289,52.11,8.24,42.0
11290,55.0,0.0,42.0
11291,61.97,8.33,42.0
11292,50.28,14.29,42.0
11293,49.05,8.99,42.0
11294,56.86,0.0,42.0
11295,50.31,6.03,42.0
11296,48.24,2.33,42.0
11297,51.25,20.0,42.0
11299,51.56,7.29,42.0
11300,51.09,0.0,42.0
11301,49.3,6.25,42.0
11302,49.5,14.29,42.0
11303,50.42,15.15,42.0
11304,52.37,5.08,42.0
11305,40.32,11.11,42.0
11306,55.1,0.0,42.0
11307,51.69,4.55,42.0
11308,51.67,6.82,42.0
11309,50.57,0.0,42.0
11310,46.14,0.0,42.0
11311,52.38,17.65,42.0
11312,52.6,8.33,42.0
11313,48.17,28.57,42.0
11314,52.94,0.0,42.0
11315,51.28,4.11,42.0
11316,50.51,23.08,42.0
11317,49.53,11.11,42.0
11318,48.43,0.0,42.0
11319,50.7,36.36,42.0
11320,52.63,12.5,42.0
11321,42.17,0.0,42.0
11322,50.31,9.9,42.0
11323,47.96,10.75,42.0
11324,49.63,4.65,42.0
11325,52.09,5.41,42.0
11326,43.77,12.5,42.0
11327,51.29,10.42,42.0
11328,51.49,5.26,42.0
11330,51.65,13.33,42.0
11331,50.79,16.67,42.0
11332,50.73,3.46,42.0
11333,48.65,8.33,42.0
11334,50.39,0.0,42.0
11335,44.74,0.0,42.0
11336,51.35,8.57,42.0
11337,50.98,8.87,42.0
11338,41.85,33.33,42.0
11339,49.48,4.44,42.0
11340,49.27,16.67,42.0
11341,52.03,0.0,42.0
11342,53.62,4.55,42.0
11343,46.3,15.38,42.0
11344,51.89,6.67,42.0
11345,45.73,5.38,42.0
11346,47.49,0.0,42.0
11347,49.04,0.0,42.0
11348,46.25,14.29,42.0
11350,47.06,20.0,42.0
11351,50.59,5.56,42.0
11352,54.39,14.29,42.0
11353,51.77,11.84,42.0
11354,50.0,0.0,42.0
11355,49.4,11.43,42.0
11356,49.59,8.06,42.0
11357,52.0,21.05,42.0
11358,75.0,0.0,42.0
11359,48.55,20.86,42.0
11360,51.8,9.39,42.0
11361,49.88,9.88,42.0
11362,47.76,10.53,42.0
11363,48.84,16.67,42.0
11364,50.3,0.0,42.0
11365,56.1,20.0,42.0
11366,51.23,5.21,42.0
11367,53.24,5.55,42.0
11368,46.59,9.09,42.0
11369,50.11,7.59,42.0
11370,51.22,10.35,42.0
11371,48.69,6.85,42.0
11372,48.55,5.0,42.0
11373,57.97,50.0,42.0
11374,42.86,0.0,42.0
11375,50.0,0.0,42.0
11376,50.53,0.0,42.0
11377,40.74,0.0,42.0
11378,47.86,11.54,42.0
11379,52.14,9.28,42.0
11380,53.28,30.77,42.0
11381,50.39,0.0,42.0
11382,52.83,13.89,42.0
11383,51.01,14.29,42.0
11384,56.63,6.67,42.0
11385,51.41,16.0,42.0
11386,51.15,0.0,42.0
11387,44.55,50.0,42.0
11388,55.32,0.0,42.0
11390,51.56,4.08,42.0
11391,55.56,0.0,42.0
11392,50.66,10.53,42.0
11393,50.57,7.23,42.0
11394,46.56,7.69,42.0
11395,50.0,25.0,42.0
11396,52.26,8.51,42.0
11397,53.03,5.65,42.0
11398,50.72,11.76,42.0
11399,51.35,7.69,42.0
11400,50.48,0.0,42.0
11401,51.0,8.06,42.0
11404,51.53,15.42,42.0
11405,50.08,9.62,42.0
11406,45.45,25.0,42.0
11407,49.08,15.38,42.0
11408,49.02,6.67,42.0
11409,48.6,10.0,42.0
11410,52.71,8.42,42.0
11411,46.26,14.29,42.0
11412,44.29,0.0,42.0
11413,52.81,10.2,42.0
11414,54.55,0.0,42.0
11415,45.13,10.0,42.0
11416,52.13,16.0,42.0
11417,51.92,21.31,42.0
11418,51.67,9.71,42.0
11419,44.44,0.0,42.0
11420,47.49,0.0,42.0
11421,52.8,2.44,42.0
11422,52.2,23.65,42.0
11423,45.45,11.76,42.0
11424,45.88,0.0,42.0
11425,52.44,7.59,42.0
11426,53.04,9.17,42.0
11427,49.22,14.81,42.0
11428,49.95,12.0,42.0
11429,53.07,14.85,42.0
11430,50.07,18.52,42.0
11431,50.61,0.0,42.0
11432,54.21,20.0,42.0
11433,50.85,2.36,42.0
11434,51.83,4.07,42.0
11435,49.69,6.25,42.0
11436,48.55,9.37,42.0
11437,49.26,13.04,42.0
11438,49.18,2.94,42.0
11439,50.45,18.27,42.0
11440,55.88,0.0,42.0
11441,51.23,15.0,42.0
12001,49.82,8.74,42.0
12002,47.73,5.38,42.0
12003,50.29,10.0,42.0
12004,51.03,4.65,42.0
12006,49.91,3.35,42.0
12007,50.85,0.0,42.0
12008,48.59,9.2,42.0
12009,48.86,0.0,42.0
12010,45.75,0.0,42.0
12011,50.93,9.09,42.0
12012,51.06,1.79,42.0
12013,50.51,8.03,42.0
12015,50.22,0.0,42.0
12016,47.92,2.65,42.0
12017,46.1,5.0,42.0
12018,51.38,14.29,42.0
12019,43.18,0.0,42.0
12021,48.32,8.01,42.0
12022,45.13,0.0,42.0
12023,47.58,11.11,42.0
12024,48.72,9.04,42.0
12025,47.28,4.7,42.0
12026,51.15,6.6,42.0
12027,47.53,8.0,42.0
12028,47.86,8.88,42.0
12029,45.73,5.26,42.0
12030,49.84,9.36,42.0
12031,50.15,6.25,42.0
12032,52.07,12.24,42.0
12033,52.26,9.24,42.0
12034,46.48,10.57,42.0
12035,44.31,7.14,42.0
12036,50.6,1.82,42.0
12037,48.39,3.92,42.0
12038,45.73,0.0,42.0
12039,44.87,9.52,42.0
12041,51.93,5.88,42.0
12042,51.08,8.7,42.0
12043,50.09,8.12,42.0
12044,51.52,5.38,42.0
12045,48.04,21.95,42.0
12046,46.78,2.22,42.0
12047,47.31,14.63,42.0
12048,49.09,3.45,42.0
12049,49.67,0.0,42.0
12050,48.53,0.0,42.0
12051,49.68,0.0,42.0
12052,52.61,10.09,42.0
12053,50.14,3.03,42.0
12054,47.07,14.13,42.0
12055,43.16,14.29,42.0
12056,49.97,8.33,42.0
12057,49.25,3.88,42.0
12058,47.66,0.0,42.0
12059,49.98,6.82,42.0
12060,47.11,22.22,42.0
12061,46.28,9.11,42.0
12062,47.5,8.82,42.0
12063,27.17,6.33,42.0
12064,49.06,0.0,42.0
12065,45.5,5.92,42.0
12066,49.33,8.84,42.0
12067,53.12,20.03,42.0
12068,48.64,11.84,42.0
12069,47.68,3.68,42.0
12070,46.91,10.48,42.0
12071,48.75,6.56,42.0
12072,50.68,8.0,42.0
12073,47.52,0.0,42.0
12074,48.79,0.0,42.0
12075,45.19,0.0,42.0
12077,47.2,7.55,42.0
12078,46.67,26.67,42.0
12079,49.98,4.76,42.0
12080,50.15,8.38,42.0
12082,46.84,8.7,42.0
12083,51.84,4.25,42.0
12084,52.09,4.14,42.0
12085,50.3,6.9,42.0
12086,51.34,9.97,42.0
12088,50.0,0.0,42.0
12089,51.6,5.88,42.0
12090,47.06,13.29,42.0
12091,47.11,5.0,42.0
12092,48.75,0.0,42.0
12093,48.44,8.33,42.0
12094,51.28,6.67,42.0
12095,47.42,11.76,42.0
12096,53.38,7.62,42.0
12097,47.75,15.38,42.0
12098,51.08,13.16,42.0
12099,49.51,4.78,42.0
12100,52.0,6.57,42.0
12101,50.49,12.05,42.0
12102,50.04,9.13,42.0
12103,49.4,0.0,42.0
12104,50.12,14.0,42.0
12105,50.2,5.47,42.0
12106,49.56,14.3,42.0
12107,47.45,3.34,42.0
12108,43.52,5.71,42.0
12109,48.48,18.18,42.0
12110,50.0,3.03,42.0
12111,48.83,4.27,42.0
12113,53.8,5.71,42.0
12115,47.38,10.71,42.0
12116,48.02,0.0,42.0
12118,51.79,8.7,42.0
12119,51.47,11.03,42.0
12120,52.81,8.29,42.0
12121,50.01,7.69,42.0
12122,48.28,18.18,42.0
12124,48.57,10.03,42.0
12125,47.0,0.0,42.0
12127,47.96,4.17,42.0
12128,47.25,29.06,42.0
12129,50.74,3.04,42.0
12130,52.87,2.6,42.0
12131,48.53,11.27,42.0
12133,51.13,8.6,42.0
12134,51.81,10.34,42.0
12135,55.63,0.0,42.0
12136,49.24,5.38,42.0
12137,50.35,4.76,42.0
12138,53.73,15.11,42.0
12139,58.59,0.0,42.0
12140,49.76,5.86,42.0
12141,45.22,5.0,42.0
12142,49.19,10.29,42.0
12143,47.17,0.0,42.0
12144,50.35,0.0,42.0
12145,52.76,9.7,42.0
12146,51.79,14.4,42.0
12147,49.34,0.0,42.0
12148,52.49,7.33,42.0
12149,52.38,28.57,42.0
12150,50.29,10.23,42.0
12151,49.12,9.52,42.0
12152,50.0,0.0,42.0
12153,47.72,5.71,42.0
12154,48.94,5.36,42.0
12155,49.07,0.0,42.0
12156,49.13,0.0,42.0
12157,49.74,16.27,42.0
12158,48.7,19.38,42.0
12159,48.17,6.0,42.0
12160,49.85,16.78,42.0
12161,49.9,1.88,42.0
12162,47.4,10.68,42.0
12163,49.05,0.0,42.0
12164,54.63,3.17,42.0
12165,46.04,2.92,42.0
12166,42.27,0.0,42.0
12167,49.69,14.06,42.0
12168,52.27,8.54,42.0
12169,51.87,3.96,42.0
12170,48.61,4.55,42.0
12171,50.21,11.86,42.0
12172,51.37,6.25,42.0
12174,52.84,12.92,42.0
12175,50.0,0.0,42.0
12176,50.94,10.48,42.0
12177,49.85,5.52,42.0
12178,46.32,13.52,42.0
12179,41.38,0.0,42.0
12180,46.58,0.0,42.0
12181,48.6,0.0,42.0
12182,51.88,13.64,42.0
12183,47.06,16.67,42.0
12184,48.33,0.0,42.0
12185,49.11,10.29,42.0
12186,50.4,4.76,42.0
12187,46.54,8.33,42.0
12188,46.01,0.0,42.0
12189,51.33,10.34,42.0
12190,48.15,8.26,42.0
12191,52.86,6.67,42.0
12192,50.0,4.76,42.0
12193,47.35,4.17,42.0
12194,48.87,14.12,42.0
12195,49.19,0.0,42.0
12197,49.2,3.65,42.0
12198,49.82,7.42,42.0
12199,50.44,8.96,42.0
12200,50.78,4.55,42.0
12201,48.75,15.65,42.0
12202,52.5,14.52,42.0
12203,46.45,10.0,42.0
12204,50.0,17.65,42.0
12205,50.25,7.91,42.0
12206,50.49,7.27,42.0
12207,48.27,4.18,42.0
12208,52.0,10.05,42.0
12209,50.66,3.57,42.0
12210,49.28,6.45,42.0
12211,46.97,0.0,42.0
12212,53.27,40.0,42.0
12213,51.64,5.0,42.0
12214,50.97,7.17,42.0
12215,50.89,9.62,42.0
12216,52.63,8.08,42.0
12217,49.5,3.95,42.0
12218,48.01,7.57,42.0
12219,47.19,7.09,42.0
12220,50.78,4.35,42.0
12221,49.22,2.78,42.0
12222,51.51,5.0,42.0
12223,51.09,6.92,42.0
12224,52.22,8.04,42.0
12225,51.77,13.48,42.0
12226,49.4,15.15,42.0
12227,44.12,5.88,42.0
12228,49.37,4.35,42.0
12229,50.67,14.29,42.0
12230,50.92,2.82,42.0
12231,52.27,4.76,42.0
12232,53.17,17.86,42.0
12233,48.82,9.52,42.0
12234,49.75,5.38,42.0
12235,55.47,5.56,42.0
12236,47.88,0.0,42.0
12237,49.82,14.89,42.0
12238,51.74,11.43,42.0
12239,48.11,0.0,42.0
12240,50.13,0.0,42.0
12241,50.02,18.06,42.0
12242,50.96,18.18,42.0
12243,50.04,6.82,42.0
12244,49.6,7.82,42.0
12246,49.66,4.76,42.0
12247,51.69,0.0,42.0
12248,50.74,9.09,42.0
12249,52.22,11.76,42.0
12250,48.86,4.76,42.0
12251,46.97,6.2,42.0
12252,51.04,14.29,42.0
12253,48.41,4.88,42.0
12254,50.1,12.04,42.0
12255,48.07,1.74,42.0
12256,50.12,7.65,42.0
12257,50.1,8.06,42.0
12258,50.02,8.33,42.0
12259,51.52,4.76,42.0
12260,52.21,7.14,42.0
12261,51.18,0.0,42.0
12262,53.3,8.62,42.0
12263,48.06,13.85,42.0
12264,51.29,15.03,42.0
12265,47.85,4.37,42.0
12266,48.52,2.17,42.0
12267,47.45,2.04,42.0
12268,43.5,0.0,42.0
12269,48.41,0.0,42.0
12270,51.34,5.31,42.0
12272,50.01,0.0,42.0
12273,48.39,3.33,42.0
12274,45.69,0.0,42.0
12275,38.89,0.0,42.0
12276,48.49,10.0,42.0
12277,50.39,0.0,42.0
12278,47.87,0.0,42.0
12280,48.19,14.29,42.0
12281,50.81,12.82,42.0
12282,49.02,11.3,42.0
12283,49.55,2.59,42.0
12284,46.54,3.75,42.0
12286,49.74,9.32,42.0
12287,50.69,3.57,42.0
12288,48.62,7.26,42.0
12289,49.03,11.11,42.0
12290,49.48,8.33,42.0
12291,49.97,10.05,42.0
12292,51.5,0.0,42.0
12293,51.63,0.0,42.0
12294,48.13,0.0,42.0
12295,45.24,0.0,42.0
12296,45.6,7.5,42.0
12297,48.0,1.88,42.0
12298,48.31,17.95,42.0
12299,50.33,8.96,42.0
12300,52.32,10.65,42.0
12301,50.92,9.88,42.0
12303,52.51,9.09,42.0
12305,52.1,2.83,42.0
12307,48.86,3.7,42.0
13001,52.55,28.51,42.0
13002,51.84,21.14,42.0
13003,50.76,17.55,42.0
13004,52.21,10.75,42.0
13005,52.52,14.27,42.0
13006,51.27,15.54,42.0
13007,51.1,19.23,42.0
13008,50.36,35.82,42.0
13009,52.16,20.44,42.0
13010,52.81,15.91,42.0
13011,51.91,17.14,42.0
13012,53.8,32.0,42.0
13013,50.1,22.81,42.0
13014,49.0,4.55,42.0
13015,51.82,31.01,42.0
13016,51.34,20.23,42.0
13017,50.88,8.7,42.0
13018,52.36,11.37,42.0
13019,51.07,33.63,42.0
13020,51.7,23.22,42.0
13021,52.21,26.75,42.0
13022,53.78,24.05,42.0
13023,52.77,21.6,42.0
13024,50.53,17.0,42.0
13025,50.62,27.71,42.0
13026,51.97,10.0,42.0
13027,52.22,10.27,42.0
13028,52.5,16.6,42.0
13029,49.54,23.19,42.0
13030,50.97,11.81,42.0
13031,51.9,17.43,42.0
13032,51.85,32.31,42.0
13033,51.16,23.08,42.0
13034,51.84,9.29,42.0
13035,51.39,18.01,42.0
13036,51.88,12.22,42.0
13037,51.39,20.45,42.0
13038,53.47,10.65,42.0
13039,51.49,7.01,42.0
13040,51.04,25.05,42.0
13041,51.75,14.33,42.0
13042,52.31,28.96,42.0
13043,52.22,12.17,42.0
13044,50.66,20.93,42.0
13045,52.04,11.5,42.0
13046,53.69,21.27,42.0
13047,52.05,10.2,42.0
13048,51.12,21.93,42.0
13049,49.28,15.79,42.0
13050,52.37,21.47,42.0
13051,50.98,23.25,42.0
13052,52.35,13.36,42.0
13053,50.8,13.76,42.0
13054,51.39,10.0,42.0
13055,52.45,18.47,42.0
13056,52.41,12.89,42.0
13057,48.54,5.27,42.0
13058,52.85,14.2,42.0
13059,51.47,22.28,42.0
13060,50.84,21.89,42.0
13061,49.56,10.0,42.0
13062,51.59,25.47,42.0
13063,51.41,6.93,42.0
13064,50.67,10.33,42.0
13065,50.76,11.76,42.0
13066,51.09,12.21,42.0
13067,49.57,7.24,42.0
13068,51.21,16.9,42.0
13069,51.2,24.72,42.0
13070,52.86,18.97,42.0
13071,53.13,16.06,42.0
13072,50.69,27.67,42.0
13073,51.03,18.43,42.0
13074,50.87,15.11,42.0
13075,53.4,18.32,42.0
13076,51.23,8.79,42.0
13077,51.83,6.33,42.0
13078,51.86,3.44,42.0
13079,50.34,24.18,42.0
13080,51.78,22.61,42.0
13081,51.21,11.15,42.0
13082,51.02,26.84,42.0
13083,52.46,13.39,42.0
13084,53.46,14.88,42.0
13085,52.42,24.55,42.0
13086,52.43,18.24,42.0
13087,52.55,21.64,42.0
13088,51.32,13.71,42.0
13089,51.37,8.19,42.0
13090,47.15,21.43,42.0
13091,52.95,24.59,42.0
13092,51.69,15.28,42.0
13093,47.15,19.44,42.0
13094,53.63,13.57,42.0
13095,51.81,43.11,42.0
13096,52.58,14.97,42.0
13097,51.84,10.23,42.0
13098,50.06,19.25,42.0
13099,50.83,10.4,42.0
13100,53.85,15.44,42.0
13101,51.57,23.08,42.0
13102,51.1,8.14,42.0
13103,51.1,15.77,42.0
13104,52.49,26.68,42.0
13105,52.08,10.02,42.0
13106,52.53,9.49,42.0
13107,52.1,26.68,42.0
13108,50.04,7.78,42.0
13109,50.45,32.9,42.0
13110,52.54,19.86,42.0
13111,50.19,26.88,42.0
13112,50.89,25.96,42.0
13113,52.24,32.36,42.0
13114,51.59,37.5,42.0
13115,48.92,16.56,42.0
13116,50.19,12.64,42.0
13117,52.89,12.41,42.0
13118,51.17,26.69,42.0
13119,52.69,20.98,42.0
13201,48.64,23.91,42.0
13202,50.38,17.4,42.0
13203,48.78,6.98,42.0
13204,54.02,18.38,42.0
13205,55.39,24.39,42.0
13206,54.45,30.65,42.0
13207,53.01,31.92,42.0
13208,53.51,31.31,42.0
13209,52.74,23.44,42.0
13210,53.11,12.4,42.0
13211,52.39,14.01,42.0
13212,54.31,19.59,42.0
13213,52.47,11.0,42.0
13214,51.38,6.43,42.0
13215,50.96,5.53,42.0
13216,52.89,14.59,42.0
14001,49.48,14.66,42.0
14003,48.99,17.07,42.0
14005,49.63,9.7,42.0
14006,49.62,17.17,42.0
14007,42.18,0.0,42.0
14009,52.12,11.95,42.0
14012,48.59,26.67,42.0
14014,48.89,37.38,42.0
14015,51.73,29.15,42.0
14016,51.62,12.76,42.0
14019,52.51,0.0,42.0
14020,51.92,9.8,42.0
14021,52.2,14.29,42.0
14022,52.42,9.52,42.0
14023,47.83,40.0,42.0
14024,51.14,9.26,42.0
14025,51.86,7.41,42.0
14026,49.66,8.26,42.0
14027,51.17,6.52,42.0
14030,51.43,27.78,42.0
14032,50.52,11.35,42.0
14033,51.91,0.0,42.0
14034,51.04,15.25,42.0
14035,50.65,7.81,42.0
14036,45.61,15.0,42.0
14037,46.25,18.37,42.0
14038,49.75,10.84,42.0
14039,50.79,9.88,42.0
14040,48.15,0.0,42.0
14041,50.41,5.88,42.0
14042,50.14,16.3,42.0
14043,48.57,0.0,42.0
14044,47.49,18.26,42.0
14045,47.33,19.97,42.0
14046,50.63,16.0,42.0
14047,54.84,11.39,42.0
14049,42.36,21.43,42.0
14050,49.17,0.0,42.0
14053,48.5,0.0,42.0
14054,44.44,4.0,42.0
14055,53.0,18.42,42.0
14057,50.96,5.26,42.0
14059,55.15,28.57,42.0
14060,50.73,20.55,42.0
14061,49.33,4.9,42.0
14062,48.84,21.28,42.0
14063,53.55,25.0,42.0
14064,49.11,14.29,42.0
14066,50.82,16.02,42.0
14068,53.11,34.86,42.0
14069,50.73,10.61,42.0
14070,49.62,12.5,42.0
14076,53.56,9.72,42.0
14077,47.2,13.56,42.0
14078,47.88,8.02,42.0
14079,53.84,11.38,42.0
14080,53.23,0.0,42.0
14082,47.62,23.53,42.0
14083,53.66,5.71,42.0
14084,51.99,6.76,42.0
14085,50.74,4.99,42.0
14086,49.38,11.62,42.0
14087,42.97,0.0,42.0
14088,52.04,0.0,42.0
14089,51.1,7.23,42.0
14090,49.4,13.09,42.0
14091,54.21,12.5,42.0
14092,51.46,9.69,42.0
14093,51.38,11.76,42.0
14096,47.86,6.67,42.0
14097,50.17,8.57,42.0
14098,50.53,14.0,42.0
14100,51.61,9.6,42.0
14101,53.66,24.35,42.0
14102,52.14,11.11,42.0
14103,50.73,5.88,42.0
14104,52.22,5.0,42.0
14106,48.94,13.33,42.0
14107,50.32,0.0,42.0
14110,46.02,20.0,42.0
14111,50.06,9.76,42.0
14116,53.1,0.0,42.0
14117,55.77,10.74,42.0
14118,53.11,21.91,42.0
14119,52.96,3.37,42.0
14120,48.62,8.96,42.0
14121,48.41,8.7,42.0
14122,51.9,0.0,42.0
14123,51.09,29.09,42.0
14124,49.46,3.92,42.0
14125,51.78,28.85,42.0
14126,50.77,17.09,42.0
14127,48.83,0.0,42.0
14130,45.41,0.0,42.0
14131,49.17,4.35,42.0
14132,45.77,18.18,42.0
14134,51.05,10.53,42.0
14135,48.6,14.52,42.0
14136,54.17,0.0,42.0
14137,52.31,8.7,42.0
14138,52.82,0.0,42.0
14140,48.02,3.71,42.0
14141,48.8,11.11,42.0
14143,50.96,3.74,42.0
14145,51.04,10.73,42.0
14146,53.25,8.33,42.0
14147,51.09,0.0,42.0
14149,50.38,14.63,42.0
14150,52.3,8.93,42.0
14159,48.64,24.24,42.0
14160,52.94,3.85,42.0
14161,49.63,5.19,42.0
14162,49.85,8.04,42.0
14163,49.6,6.46,42.0
14165,47.29,5.26,42.0
14166,51.21,19.89,42.0
14167,51.97,8.25,42.0
14168,45.85,0.0,42.0
14169,48.41,0.0,42.0
14171,48.61,14.29,42.0
14172,51.49,11.43,42.0
14173,50.21,12.2,42.0
14174,51.2,4.98,42.0
14175,47.72,10.0,42.0
14177,50.0,6.69,42.0
14179,47.77,5.56,42.0
14180,49.67,0.0,42.0
14181,52.23,11.89,42.0
14182,50.31,3.24,42.0
14183,45.79,0.0,42.0
14184,50.86,0.0,42.0
14190,50.0,0.0,42.0
14191,55.92,11.49,42.0
14193,50.0,9.52,42.0
14194,46.74,5.17,42.0
14195,47.04,3.7,42.0
14196,50.9,13.64,42.0
14197,52.29,19.81,42.0
14198,50.79,3.23,42.0
14200,48.94,13.9,42.0
14202,45.71,0.0,42.0
14203,49.46,15.79,42.0
14204,48.26,23.53,42.0
14205,52.5,11.76,42.0
14206,52.22,15.34,42.0
14207,49.25,6.06,42.0
14209,48.49,5.89,42.0
14211,51.45,6.25,42.0
14214,50.0,11.11,42.0
14215,51.62,9.05,42.0
14216,47.58,0.0,42.0
14218,49.57,16.67,42.0
14220,57.28,14.18,42.0
14221,52.08,11.41,42.0
14223,48.94,14.29,42.0
14224,44.26,12.5,42.0
14225,54.1,6.61,42.0
14226,54.32,13.77,42.0
14227,48.87,8.0,42.0
14228,53.38,20.5,42.0
14229,53.9,7.27,42.0
14230,49.55,8.33,42.0
14231,49.17,2.22,42.0
14232,48.31,28.57,42.0
14236,50.83,15.71,42.0
14237,51.07,20.89,42.0
14238,50.44,33.33,42.0
14239,43.01,0.0,42.0
14240,50.47,14.0,42.0
14241,48.93,4.78,42.0
14242,50.79,40.85,42.0
14243,53.05,14.29,42.0
14244,49.75,14.29,42.0
14245,50.06,3.45,42.0
14246,49.35,11.0,42.0
14248,52.05,13.64,42.0
14249,50.03,10.96,42.0
14250,51.15,23.08,42.0
14251,51.63,7.07,42.0
14252,46.94,32.0,42.0
14254,52.67,28.1,42.0
14256,48.46,12.12,42.0
14257,52.51,15.0,42.0
14258,54.03,8.7,42.0
14260,47.42,10.53,42.0
14261,50.91,0.0,42.0
14266,50.29,16.43,42.0
14269,53.54,15.79,42.0
14270,51.77,9.76,42.0
14271,51.35,13.2,42.0
14272,45.79,9.09,42.0
14273,49.29,8.33,42.0
14274,50.92,29.17,42.0
14275,46.56,14.29,42.0
14276,50.8,3.45,42.0
14277,50.25,11.95,42.0
14278,51.25,8.11,42.0
14280,51.35,4.17,42.0
14281,52.24,6.59,42.0
14282,47.89,4.35,42.0
14283,48.64,0.0,42.0
14284,51.3,27.27,42.0
14285,53.95,0.0,42.0
14286,52.01,17.39,42.0
14287,51.69,7.33,42.0
14288,51.84,21.0,42.0
14289,51.91,5.88,42.0
14290,50.48,15.11,42.0
14291,50.49,4.55,42.0
14293,49.25,6.25,42.0
14297,49.12,9.84,42.0
14298,48.48,0.0,42.0
14299,52.03,12.05,42.0
14301,51.92,7.68,42.0
14302,50.63,14.29,42.0
14303,50.83,6.51,42.0
14304,50.41,18.92,42.0
14305,51.69,22.0,42.0
14306,52.96,24.1,42.0
14308,51.98,12.5,42.0
14309,52.61,7.14,42.0
14310,50.6,2.63,42.0
14311,51.04,8.89,42.0
14312,53.7,4.76,42.0
14316,46.39,8.33,42.0
14318,49.37,8.87,42.0
14319,52.9,18.82,42.0
14320,49.44,17.86,42.0
14322,47.16,45.0,42.0
14325,51.61,21.63,42.0
14326,48.14,4.17,42.0
14327,53.22,12.45,42.0
14328,50.41,9.92,42.0
14329,44.38,0.0,42.0
14332,49.99,10.45,42.0
14333,54.29,10.7,42.0
14334,49.99,3.12,42.0
14335,50.68,21.05,42.0
14336,47.72,1.81,42.0
14337,49.77,6.25,42.0
14338,52.35,12.14,42.0
14341,51.24,11.63,42.0
14342,50.92,5.9,42.0
14343,48.65,0.0,42.0
14344,47.35,16.67,42.0
14345,48.52,9.64,42.0
14346,47.78,7.04,42.0
14347,48.56,5.74,42.0
14348,44.44,14.29,42.0
14349,49.58,11.17,42.0
14352,50.14,5.06,42.0
14353,48.56,9.49,42.0
14354,52.33,15.07,42.0
14355,49.32,21.6,42.0
14357,46.78,2.31,42.0
14358,55.17,0.0,42.0
14360,49.02,0.0,42.0
14362,52.67,10.53,42.0
14364,48.78,4.58,42.0
14365,52.22,16.0,42.0
14366,55.28,7.9,42.0
14367,51.33,5.88,42.0
14368,48.51,4.0,42.0
14369,48.43,14.29,42.0
14370,49.93,5.78,42.0
14371,50.46,7.01,42.0
14374,49.62,0.0,42.0
14375,43.37,6.67,42.0
14377,49.59,16.0,42.0
14378,47.46,3.71,42.0
14379,46.91,7.89,42.0
14380,48.32,9.52,42.0
14381,50.85,25.0,42.0
14383,53.38,20.84,42.0
14384,52.75,27.02,42.0
14385,47.34,16.67,42.0
14389,49.4,38.1,42.0
14390,46.63,27.78,42.0
14391,47.67,3.03,42.0
14393,49.14,12.5,42.0
14394,50.31,7.25,42.0
14396,50.31,11.15,42.0
14397,53.72,5.71,42.0
14398,50.54,9.62,42.0
14399,47.76,16.04,42.0
14400,49.0,15.79,42.0
14401,53.03,33.33,42.0
14402,45.26,15.38,42.0
14403,49.13,20.0,42.0
14404,47.32,0.0,42.0
14405,51.58,3.45,42.0
14406,48.17,14.6,42.0
14407,52.33,37.01,42.0
14408,51.94,10.53,42.0
14409,53.13,13.71,42.0
14410,48.43,9.16,42.0
14411,47.76,8.13,42.0
14412,56.76,14.29,42.0
14419,46.53,8.19,42.0
14421,53.94,12.07,42.0
14424,53.72,0.0,42.0
14425,48.17,11.76,42.0
14426,51.88,5.26,42.0
14427,48.74,6.18,42.0
14430,49.64,23.53,42.0
14431,50.41,6.05,42.0
14435,49.49,15.79,42.0
14436,51.79,16.36,42.0
14437,52.13,7.69,42.0
14438,50.0,22.45,42.0
14439,44.86,8.33,42.0
14445,47.78,0.0,42.0
14446,47.67,0.0,42.0
14448,50.77,66.67,42.0
14449,47.14,2.59,42.0
14452,52.95,3.45,42.0
14453,45.56,5.23,42.0
14454,51.71,14.72,42.0
14455,50.0,6.45,42.0
14456,49.76,10.22,42.0
14457,54.62,10.0,42.0
14458,49.62,8.11,42.0
14460,50.66,3.2,42.0
14461,50.0,10.0,42.0
14465,51.03,22.92,42.0
14466,45.61,12.82,42.0
14467,47.77,9.99,42.0
14468,50.28,0.0,42.0
14469,46.32,9.09,42.0
14473,51.96,14.29,42.0
14474,50.75,11.78,42.0
14475,50.04,15.55,42.0
14476,50.26,0.0,42.0
14478,52.47,4.43,42.0
14480,50.79,4.08,42.0
14482,48.02,22.73,42.0
14483,50.25,5.56,42.0
14484,51.01,14.29,42.0
14486,51.82,5.67,42.0
14487,51.34,11.93,42.0
14488,54.99,12.55,42.0
14491,49.0,12.5,42.0
14492,50.49,15.11,42.0
14494,50.0,14.29,42.0
14495,50.91,23.41,42.0
14496,48.27,0.0,42.0
14497,51.32,7.47,42.0
14498,53.36,9.52,42.0
14499,49.54,18.94,42.0
14500,38.99,30.77,42.0
14501,47.47,10.53,42.0
14502,43.68,0.0,42.0
14504,50.55,5.39,42.0
14506,50.18,0.0,42.0
14509,51.0,20.0,42.0
14510,46.97,0.0,42.0
14511,45.61,0.0,42.0
14512,51.43,0.0,42.0
14514,54.55,7.65,42.0
14515,55.43,3.96,42.0
14516,51.23,3.16,42.0
14519,49.53,22.22,42.0
14520,50.16,6.16,42.0
14522,48.8,12.9,42.0
14524,53.38,8.0,42.0
14527,50.01,3.73,42.0
14528,50.12,9.93,42.0
14529,47.32,25.0,42.0
14530,50.53,17.52,42.0
14531,50.0,50.0,42.0
14533,53.0,0.0,42.0
14534,50.61,9.52,42.0
14535,48.64,22.22,42.0
14536,51.43,15.16,42.0
14538,50.3,8.67,42.0
14540,60.43,20.0,42.0
14541,48.57,30.0,42.0
14542,50.0,33.33,42.0
14543,50.69,20.06,42.0
14546,49.32,4.76,42.0
14547,51.97,6.25,42.0
14550,54.44,0.0,42.0
14552,49.77,15.36,42.0
14554,49.64,8.46,42.0
14555,49.78,14.63,42.0
14556,50.09,11.05,42.0
14557,56.12,7.73,42.0
14558,51.21,21.43,42.0
14559,51.85,5.29,42.0
14562,52.95,17.32,42.0
14563,47.4,7.93,42.0
14565,45.51,12.5,42.0
14566,51.2,27.73,42.0
14569,52.87,4.0,42.0
14570,49.67,7.26,42.0
14571,47.35,16.67,42.0
14572,49.14,11.57,42.0
14574,51.96,13.63,42.0
14575,45.02,9.09,42.0
14576,49.4,5.4,42.0
14578,51.19,12.2,42.0
14579,48.41,4.83,42.0
14581,49.42,10.67,42.0
14582,50.68,6.64,42.0
14586,49.04,0.0,42.0
14587,54.14,9.17,42.0
14588,48.18,16.01,42.0
14589,50.27,1.16,42.0
14590,50.74,0.0,42.0
14591,50.22,4.76,42.0
14592,49.95,14.39,42.0
14593,50.29,16.13,42.0
14595,52.73,15.79,42.0
14598,48.33,12.0,42.0
14601,53.57,11.76,42.0
14602,47.76,21.74,42.0
14603,49.17,12.2,42.0
14605,50.89,11.76,42.0
14606,54.03,14.29,42.0
14607,43.45,0.0,42.0
14609,50.29,11.6,42.0
14610,50.21,14.22,42.0
14613,50.0,11.11,42.0
14614,48.61,2.78,42.0
14619,51.61,25.0,42.0
14620,51.15,13.51,42.0
14621,48.49,14.63,42.0
14622,52.5,6.67,42.0
14625,53.55,1.67,42.0
14626,48.21,6.45,42.0
14627,49.47,4.76,42.0
14630,48.02,13.66,42.0
14635,50.0,4.76,42.0
14637,47.06,13.64,42.0
14639,48.72,7.06,42.0
14640,47.95,15.79,42.0
14643,47.95,12.84,42.0
14644,50.67,10.17,42.0
14645,49.08,5.88,42.0
14646,51.86,13.72,42.0
14648,53.31,12.14,42.0
14649,48.19,7.69,42.0
14650,46.84,29.41,42.0
14651,50.92,12.5,42.0
14652,49.32,0.0,42.0
14654,50.72,5.11,42.0
14656,48.44,5.47,42.0
14657,48.56,5.49,42.0
14658,50.25,4.32,42.0
14659,52.45,8.08,42.0
14660,52.13,0.0,42.0
14661,47.41,7.14,42.0
14663,54.24,10.13,42.0
14664,48.89,22.22,42.0
14665,52.2,15.38,42.0
14667,49.34,13.79,42.0
14668,49.62,7.69,42.0
14669,50.45,8.0,42.0
14672,50.39,3.38,42.0
14674,49.14,7.69,42.0
14675,51.37,10.7,42.0
14676,49.43,10.0,42.0
14677,48.8,0.0,42.0
14678,51.02,7.41,42.0
14679,51.11,15.28,42.0
14680,51.87,11.11,42.0
14681,43.54,0.0,42.0
14682,48.42,8.33,42.0
14684,50.59,16.13,42.0
14685,51.53,19.18,42.0
14687,51.56,0.0,42.0
14689,51.98,8.91,42.0
14692,51.04,8.22,42.0
14694,51.54,7.78,42.0
14698,49.93,9.76,42.0
14699,54.65,5.07,42.0
14700,49.71,10.0,42.0
14701,54.85,12.5,42.0
14705,47.65,0.0,42.0
14706,53.1,8.33,42.0
14707,50.31,10.81,42.0
14708,47.99,0.0,42.0
14709,48.32,6.9,42.0
14710,49.11,9.09,42.0
14711,54.77,2.9,42.0
14712,51.53,11.27,42.0
14713,47.76,21.58,42.0
14714,48.29,10.98,42.0
14715,57.59,8.08,42.0
14716,48.58,18.18,42.0
14719,49.71,7.14,42.0
14720,50.96,3.83,42.0
14721,51.18,3.33,42.0
14723,49.94,9.37,42.0
14724,51.11,21.31,42.0
14726,48.94,6.57,42.0
14728,50.1,26.79,42.0
14731,50.99,22.22,42.0
14732,50.34,7.68,42.0
14733,49.99,13.43,42.0
14734,49.67,12.72,42.0
14735,47.84,6.25,42.0
14737,50.02,20.45,42.0
14738,51.78,16.76,42.0
14739,50.71,10.32,42.0
14740,51.4,9.25,42.0
14741,57.43,0.0,42.0
14742,47.76,12.5,42.0
14743,50.45,17.22,42.0
14744,49.62,12.12,42.0
14745,53.46,5.88,42.0
14747,51.58,10.96,42.0
14748,50.85,0.0,42.0
14751,49.47,3.45,42.0
14752,54.26,6.9,42.0
14753,49.42,13.33,42.0
14754,54.88,8.25,42.0
14755,51.33,18.33,42.0
14756,47.47,8.0,42.0
14758,50.72,28.57,42.0
14759,51.9,17.86,42.0
14760,48.29,10.38,42.0
14761,49.8,10.47,42.0
14762,52.35,8.51,42.0
14764,49.04,9.64,42.0
15001,49.15,3.51,42.0
15002,50.67,0.0,42.0
15003,52.22,10.87,42.0
15004,49.18,6.76,42.0
15005,45.91,5.13,42.0
15006,50.53,4.83,42.0
15007,46.72,0.0,42.0
15008,47.87,13.64,42.0
15009,50.85,4.0,42.0
15010,50.53,10.2,42.0
15011,44.97,6.25,42.0
15012,51.4,9.28,42.0
15013,50.36,0.0,42.0
15014,53.62,11.87,42.0
15015,49.11,0.0,42.0
15016,48.48,7.39,42.0
15017,50.0,0.0,42.0
15018,44.85,0.0,42.0
15019,52.22,15.38,42.0
15020,50.0,9.09,42.0
15021,46.47,9.26,42.0
15022,46.88,12.5,42.0
15024,39.74,0.0,42.0
15025,51.9,0.0,42.0
15026,44.63,0.0,42.0
15027,50.63,6.95,42.0
15028,51.54,6.67,42.0
15029,48.17,14.27,42.0
15030,48.48,6.9,42.0
15032,51.67,0.0,42.0
15033,48.22,8.7,42.0
15034,48.28,0.0,42.0
15036,50.84,8.33,42.0
15037,50.09,5.75,42.0
15038,50.78,1.46,42.0
15040,47.47,10.0,42.0
15041,52.24,4.55,42.0
15042,47.01,0.0,42.0
15043,45.83,0.0,42.0
15045,50.62,6.89,42.0
15046,48.63,0.0,42.0
15048,52.94,0.0,42.0
15049,47.63,5.57,42.0
15050,42.38,6.3,42.0
15051,43.48,0.0,42.0
15052,45.1,9.09,42.0
15053,46.7,1.9,42.0
15054,52.37,9.2,42.0
15055,47.46,2.63,42.0
15056,49.8,7.61,42.0
15057,47.3,15.38,42.0
15058,47.62,22.22,42.0
15059,47.93,6.67,42.0
15060,46.43,0.0,42.0
15061,48.32,4.35,42.0
15063,48.91,2.78,42.0
15064,48.78,0.0,42.0
15065,48.05,10.0,42.0
15066,45.05,14.29,42.0
15069,45.8,0.0,42.0
15070,49.41,6.67,42.0
15072,46.76,4.76,42.0
15073,46.74,0.0,42.0
15074,50.08,8.66,42.0
15075,46.38,33.33,42.0
15076,45.82,0.0,42.0
15077,48.57,0.0,42.0
15078,44.76,0.0,42.0
15079,49.44,0.0,42.0
15080,50.0,7.69,42.0
15081,47.32,0.0,42.0
15082,47.54,3.57,42.0
15083,53.76,8.54,42.0
15084,50.51,0.0,42.0
15085,48.27,2.17,42.0
15086,51.71,0.0,42.0
15087,48.79,5.88,42.0
15088,46.81,4.17,42.0
15089,49.89,0.0,42.0
15090,50.3,10.94,42.0
15091,47.62,8.33,42.0
15092,50.81,7.14,42.0
15093,49.36,0.0,42.0
15094,51.44,4.53,42.0
15095,44.11,6.45,42.0
15096,50.91,3.59,42.0
15097,45.05,6.25,42.0
15098,53.57,0.0,42.0
15100,48.09,0.0,42.0
15101,49.91,3.69,42.0
15102,47.41,0.0,42.0
15103,52.05,0.0,42.0
15104,47.32,6.67,42.0
15105,45.95,0.0,42.0
15106,50.0,0.0,42.0
15107,45.88,0.0,42.0
15108,48.05,7.78,42.0
15110,41.8,0.0,42.0
15111,51.77,0.0,42.0
15112,37.36,0.0,42.0
15113,44.83,0.0,42.0
15114,47.4,12.5,42.0
15116,44.7,0.0,42.0
15117,48.93,9.26,42.0
15118,47.44,1.41,42.0
15119,53.52,9.84,42.0
15120,54.3,5.75,42.0
15121,42.42,33.33,42.0
15122,52.69,6.69,42.0
15123,49.35,0.0,42.0
15124,46.85,3.88,42.0
15125,47.11,0.0,42.0
15126,45.68,16.67,42.0
15127,51.1,3.85,42.0
15128,48.08,9.09,42.0
15129,46.99,10.53,42.0
15130,45.11,7.14,42.0
15131,49.8,3.7,42.0
15132,35.48,0.0,42.0
15133,50.75,10.0,42.0
15134,54.63,6.25,42.0
15135,47.37,0.0,42.0
15137,50.6,8.0,42.0
15138,53.16,8.41,42.0
15139,50.0,0.0,42.0
15140,51.62,8.95,42.0
15141,52.57,8.51,42.0
15142,50.8,2.48,42.0
15143,52.21,18.18,42.0
15144,50.12,0.0,42.0
15146,46.85,0.0,42.0
15147,51.43,5.6,42.0
15148,47.5,0.0,42.0
15149,50.8,16.67,42.0
15151,49.65,12.5,42.0
15152,51.44,1.45,42.0
15153,49.47,4.1,42.0
15154,49.46,5.17,42.0
15155,45.98,0.0,42.0
15156,48.4,6.49,42.0
15157,53.32,3.22,42.0
15158,43.96,20.0,42.0
15159,51.58,0.0,42.0
15160,50.4,7.8,42.0
15161,46.61,0.0,42.0
15162,52.77,8.89,42.0
15163,48.34,3.57,42.0
15164,49.47,7.02,42.0
15165,48.62,5.0,42.0
15166,49.14,0.0,42.0
15167,47.83,12.5,42.0
15168,52.67,4.24,42.0
15169,53.52,7.33,42.0
15170,49.0,7.14,42.0
15172,48.39,0.0,42.0
15173,44.35,0.0,42.0
15174,48.04,4.17,42.0
15175,49.38,4.59,42.0
15176,49.13,10.0,42.0
15178,41.72,20.0,42.0
15179,46.98,0.0,42.0
15180,45.33,20.0,42.0
15181,51.67,1.97,42.0
15182,46.77,0.0,42.0
15183,47.9,0.0,42.0
15184,51.03,6.41,42.0
15185,51.84,9.32,42.0
15186,45.38,0.0,42.0
15187,53.29,10.74,42.0
15188,49.15,8.7,42.0
15189,49.17,5.0,42.0
15190,45.92,0.0,42.0
15191,51.57,4.44,42.0
15192,48.28,9.79,42.0
15194,49.04,0.0,42.0
15196,50.4,4.79,42.0
15198,49.46,0.0,42.0
15199,44.44,0.0,42.0
15200,47.77,0.0,42.0
15201,49.83,0.0,42.0
15202,53.43,5.66,42.0
15203,48.9,9.09,42.0
15204,51.54,6.62,42.0
15205,48.57,0.0,42.0
15206,50.0,0.0,42.0
15207,51.04,4.88,42.0
15208,51.13,20.0,42.0
15209,44.35,8.33,42.0
15211,48.55,0.0,42.0
15212,46.03,0.0,42.0
15213,46.77,0.0,42.0
15214,49.21,0.0,42.0
15215,50.98,17.14,42.0
15216,50.21,5.56,42.0
15217,47.25,0.0,42.0
15218,45.59,0.0,42.0
15219,52.88,3.85,42.0
15220,44.14,11.76,42.0
15221,49.71,7.2,42.0
15222,50.75,0.0,42.0
15223,49.68,13.33,42.0
15224,48.78,0.0,42.0
15225,48.01,0.0,42.0
15226,50.72,13.33,42.0
15228,48.28,5.13,42.0
15229,48.15,0.0,42.0
15230,52.31,0.0,42.0
15231,52.19,2.22,42.0
15232,52.55,7.69,42.0
15233,47.1,15.38,42.0
15234,46.06,13.85,42.0
15235,48.57,3.83,42.0
15236,50.53,12.01,42.0
15237,50.0,6.67,42.0
15238,47.75,0.0,42.0
15240,48.5,14.29,42.0
15241,46.15,0.0,42.0
15242,54.35,10.0,42.0
15243,49.67,0.0,42.0
15244,48.97,3.39,42.0
15245,53.45,5.77,42.0
15246,50.68,4.75,42.0
15247,35.71,100.0,42.0
15248,48.68,5.32,42.0
15249,48.33,40.0,42.0
15250,50.48,2.04,42.0
15251,45.83,0.0,42.0
15252,47.95,9.69,42.0
15253,37.5,0.0,42.0
15254,47.06,0.0,42.0
15255,48.87,9.6,42.0
15256,40.62,0.0,42.0
15257,47.33,12.5,42.0
15258,51.05,5.7,42.0
15259,49.79,3.85,42.0
15260,48.04,0.0,42.0
15261,51.45,8.14,42.0
15262,48.65,1.67,42.0
15263,44.54,0.0,42.0
15264,48.64,0.0,42.0
15265,51.24,7.14,42.0
15266,50.08,10.34,42.0
15267,51.0,10.66,42.0
15268,51.79,9.47,42.0
15269,50.0,0.0,42.0
16001,47.13,0.0,42.0
16002,49.62,2.44,42.0
16003,47.55,5.0,42.0
16005,50.62,5.05,42.0
16007,48.14,5.6,42.0
16008,50.15,10.71,42.0
16009,50.27,2.6,42.0
16011,49.07,12.37,42.0
16012,47.49,8.33,42.0
16013,49.93,4.17,42.0
16014,46.85,0.0,42.0
16015,52.41,17.35,42.0
16016,49.63,0.0,42.0
16018,49.18,13.05,42.0
16019,48.47,6.11,42.0
16020,55.25,15.34,42.0
16023,53.2,10.26,42.0
16024,48.02,5.56,42.0
16025,52.48,3.74,42.0
16026,50.33,14.85,42.0
16027,46.03,14.49,42.0
16028,53.59,10.63,42.0
16029,50.08,4.76,42.0
16030,48.74,5.23,42.0
16031,49.53,9.23,42.0
16032,49.12,16.36,42.0
16034,47.59,0.0,42.0
16035,52.03,0.0,42.0
16036,49.32,3.7,42.0
16037,48.94,8.33,42.0
16038,49.27,10.53,42.0
16039,51.72,9.18,42.0
16040,54.21,6.06,42.0
16041,48.36,0.0,42.0
16042,49.22,0.0,42.0
16044,49.69,13.04,42.0
16045,47.7,15.79,42.0
16046,51.42,10.84,42.0
16047,52.75,8.0,42.0
16048,51.16,0.0,42.0
16049,51.47,6.33,42.0
16050,47.79,3.85,42.0
16052,47.64,8.7,42.0
16053,47.06,0.0,42.0
16054,52.87,0.0,42.0
16055,50.24,1.2,42.0
16056,53.12,7.58,42.0
16057,47.22,3.96,42.0
16058,49.8,12.5,42.0
16059,50.31,0.0,42.0
16060,48.4,2.08,42.0
16061,45.25,6.4,42.0
16062,49.55,7.69,42.0
16063,52.8,0.0,42.0
16064,49.86,3.06,42.0
16065,49.82,0.0,42.0
16066,50.5,10.47,42.0
16067,48.1,13.95,42.0
16068,48.65,5.42,42.0
16069,47.25,0.0,42.0
16070,54.06,9.54,42.0
16071,48.11,1.99,42.0
16072,49.69,12.15,42.0
16073,54.62,4.91,42.0
16074,49.18,3.09,42.0
16075,48.94,0.0,42.0
16076,55.4,7.47,42.0
16077,49.82,10.34,42.0
16078,50.2,14.32,42.0
16079,47.31,3.85,42.0
16081,45.76,6.67,42.0
16082,50.37,1.59,42.0
16083,54.23,3.9,42.0
16084,53.76,3.57,42.0
16085,53.7,5.89,42.0
16086,49.33,3.19,42.0
16087,45.95,8.33,42.0
16088,47.93,7.22,42.0
16089,50.35,10.15,42.0
16090,51.8,7.77,42.0
16091,51.25,17.65,42.0
16093,51.16,7.59,42.0
16095,52.34,0.0,42.0
16096,49.34,2.7,42.0
16097,50.27,9.76,42.0
16098,52.55,0.0,42.0
16099,49.38,17.65,42.0
16100,49.44,3.27,42.0
16101,49.7,12.38,42.0
16102,52.35,13.84,42.0
16103,46.09,0.0,42.0
16104,51.93,13.95,42.0
16105,49.92,6.9,42.0
16106,53.03,5.55,42.0
16107,48.74,17.34,42.0
16108,49.14,7.14,42.0
16109,47.74,4.55,42.0
16110,50.02,8.29,42.0
16111,50.3,23.08,42.0
16112,49.12,0.0,42.0
16113,51.85,6.78,42.0
16114,47.88,12.5,42.0
16116,50.8,7.32,42.0
16117,50.0,0.0,42.0
16118,53.68,11.11,42.0
16119,52.83,3.12,42.0
16120,50.53,15.42,42.0
16121,48.34,8.82,42.0
16122,49.64,0.0,42.0
16123,50.56,2.13,42.0
16124,47.17,8.98,42.0
16125,50.41,14.29,42.0
16127,49.51,10.0,42.0
16128,54.79,0.0,42.0
16130,47.54,0.0,42.0
16131,47.87,8.35,42.0
16132,51.48,4.82,42.0
16133,50.0,15.0,42.0
16134,49.96,3.75,42.0
16135,49.69,15.99,42.0
16136,47.72,9.26,42.0
16137,46.48,14.81,42.0
16138,51.75,11.64,42.0
16139,46.68,23.53,42.0
16141,47.02,14.71,42.0
16142,54.3,0.0,42.0
16143,52.77,8.96,42.0
16144,50.18,0.0,42.0
16145,48.62,9.23,42.0
16146,49.06,16.97,42.0
16148,50.36,9.8,42.0
16150,50.3,12.98,42.0
16151,49.92,8.06,42.0
16152,49.08,10.96,42.0
16153,50.62,7.12,42.0
16154,53.81,10.98,42.0
16155,54.84,0.0,42.0
16157,45.51,15.38,42.0
16158,48.96,15.67,42.0
16160,49.48,2.02,42.0
16161,50.31,0.0,42.0
16162,49.18,0.0,42.0
16163,51.46,6.38,42.0
16164,46.19,6.06,42.0
16165,47.34,10.53,42.0
16166,54.47,11.95,42.0
16167,52.95,4.85,42.0
16168,47.75,6.9,42.0
16169,52.41,7.69,42.0
16170,55.39,0.0,42.0
16171,48.25,6.39,42.0
16173,46.24,0.0,42.0
16174,49.16,12.96,42.0
16175,52.06,7.83,42.0
16176,53.77,3.13,42.0
16177,54.07,0.0,42.0
16178,49.74,0.0,42.0
16180,50.67,0.0,42.0
16181,50.58,4.44,42.0
16182,50.8,0.0,42.0
16183,50.29,5.88,42.0
16184,48.48,0.0,42.0
16185,52.11,7.69,42.0
16186,51.15,5.69,42.0
16187,53.24,15.0,42.0
16188,48.99,0.0,42.0
16189,49.97,0.0,42.0
16190,51.81,0.0,42.0
16191,49.17,12.5,42.0
16192,51.61,3.97,42.0
16193,48.97,10.11,42.0
16194,50.47,0.0,42.0
16195,45.21,7.14,42.0
16196,51.36,0.0,42.0
16197,51.69,11.11,42.0
16198,49.76,7.47,42.0
16199,51.8,10.85,42.0
16200,49.68,6.98,42.0
16203,48.8,0.0,42.0
16204,49.77,7.53,42.0
16205,53.16,2.13,42.0
16206,51.86,4.4,42.0
16207,50.64,4.17,42.0
16208,49.39,9.09,42.0
16209,49.7,8.11,42.0
16210,51.02,13.16,42.0
16211,52.79,19.73,42.0
16212,52.52,10.34,42.0
16213,47.39,8.7,42.0
16215,46.67,10.0,42.0
16216,52.46,10.29,42.0
16217,51.1,3.63,42.0
16218,48.64,8.55,42.0
16220,48.94,12.32,42.0
16221,47.73,0.0,42.0
16222,51.51,6.06,42.0
16223,52.49,4.95,42.0
16224,48.05,7.35,42.0
16225,51.9,1.72,42.0
16227,51.43,5.56,42.0
16229,50.21,0.0,42.0
16230,52.21,9.6,42.0
16231,52.86,7.11,42.0
16232,51.1,13.49,42.0
16233,50.32,6.4,42.0
16234,49.7,9.76,42.0
16236,51.66,11.67,42.0
16237,48.25,13.04,42.0
16239,50.75,11.63,42.0
16240,48.48,8.32,42.0
16241,48.74,4.35,42.0
16242,51.16,1.71,42.0
16243,49.91,5.94,42.0
16244,51.6,7.0,42.0
16245,48.82,1.25,42.0
16246,50.54,12.06,42.0
16248,49.71,0.0,42.0
16249,51.61,5.0,42.0
16250,47.72,0.0,42.0
16251,49.48,6.25,42.0
16252,45.33,5.88,42.0
16253,50.99,12.5,42.0
16254,46.06,7.67,42.0
16255,48.97,0.0,42.0
16256,49.8,0.0,42.0
16258,51.24,2.6,42.0
16260,45.27,18.18,42.0
16261,47.5,2.17,42.0
16263,48.59,2.63,42.0
16264,48.56,0.0,42.0
16267,51.43,0.0,42.0
16268,48.65,12.5,42.0
16269,49.12,9.41,42.0
16270,51.74,0.0,42.0
16271,52.76,24.76,42.0
16272,51.66,18.0,42.0
16273,53.23,7.69,42.0
16275,50.96,7.14,42.0
16276,48.25,5.56,42.0
16277,49.76,16.39,42.0
16279,50.21,4.07,42.0
16280,52.59,7.65,42.0
16281,53.43,7.35,42.0
16282,50.23,12.58,42.0
16283,49.39,7.84,42.0
16284,48.25,0.0,42.0
16285,48.68,5.87,42.0
16286,52.53,7.47,42.0
16287,50.49,6.63,42.0
16289,47.16,15.0,42.0
16290,51.29,0.0,42.0
16291,53.11,8.73,42.0
16292,52.3,9.74,42.0
16293,49.96,11.17,42.0
16295,51.55,11.32,42.0
16297,49.87,13.89,42.0
16298,50.16,23.7,42.0
16300,53.1,7.09,42.0
16301,47.91,0.0,42.0
16302,46.76,0.0,42.0
16303,50.51,5.28,42.0
16304,50.77,19.42,42.0
16306,50.4,7.41,42.0
16307,52.72,12.9,42.0
16308,51.11,4.94,42.0
16310,52.76,9.52,42.0
16312,48.41,7.06,42.0
16315,47.06,30.0,42.0
16316,50.98,3.01,42.0
16317,49.65,0.0,42.0
16318,56.33,0.0,42.0
16320,49.15,5.14,42.0
16321,43.48,0.0,42.0
16323,49.43,7.69,42.0
16325,43.75,9.09,42.0
16326,52.59,0.0,42.0
16329,52.89,3.28,42.0
16330,50.12,15.9,42.0
16331,45.0,25.0,42.0
16334,47.62,5.88,42.0
16335,54.33,7.14,42.0
16336,48.88,0.0,42.0
16337,52.31,5.87,42.0
16338,50.41,16.13,42.0
16339,50.44,5.88,42.0
16340,50.9,4.26,42.0
16341,54.85,7.21,42.0
16342,46.06,3.14,42.0
16343,46.76,14.29,42.0
16345,49.01,3.7,42.0
16346,47.6,0.0,42.0
16347,47.2,11.43,42.0
16348,49.49,10.16,42.0
16349,48.23,9.8,42.0
16350,52.12,10.45,42.0
16352,53.23,20.0,42.0
16353,49.04,7.79,42.0
16354,47.3,0.0,42.0
16356,48.89,0.0,42.0
16357,46.04,0.0,42.0
16358,53.18,12.9,42.0
16359,48.8,11.09,42.0
16360,52.22,11.1,42.0
16361,51.12,17.14,42.0
16362,49.47,7.73,42.0
16363,47.63,5.88,42.0
16364,48.44,0.0,42.0
16365,45.92,14.29,42.0
16366,52.26,8.21,42.0
16368,49.3,16.69,42.0
16369,48.6,10.0,42.0
16370,50.39,7.5,42.0
16372,51.01,0.0,42.0
16373,48.47,8.33,42.0
16374,54.02,10.29,42.0
16375,52.95,25.0,42.0
16377,51.89,15.38,42.0
16378,51.23,8.7,42.0
16379,50.75,7.35,42.0
16380,46.57,7.83,42.0
16381,51.83,0.0,42.0
16382,48.82,9.23,42.0
16383,49.72,11.49,42.0
16384,51.01,9.33,42.0
16385,51.61,15.6,42.0
16387,50.0,4.55,42.0
16388,51.56,9.31,42.0
16389,49.38,28.57,42.0
16390,47.5,5.88,42.0
16392,52.54,0.0,42.0
16393,51.0,9.04,42.0
16394,54.22,0.0,42.0
16395,47.59,20.0,42.0
16396,49.18,20.0,42.0
16397,50.51,3.95,42.0
16398,51.09,0.0,42.0
16399,51.41,5.71,42.0
16400,51.88,6.66,42.0
16401,51.7,5.88,42.0
16402,49.92,4.0,42.0
16403,51.15,0.0,42.0
16404,53.15,0.0,42.0
16405,52.73,4.54,42.0
16406,48.76,7.31,42.0
16408,54.3,16.31,42.0
16409,53.33,3.03,42.0
16412,51.5,15.15,42.0
16413,50.88,11.11,42.0
16414,49.4,0.0,42.0
16415,51.15,9.17,42.0
16416,48.72,6.24,42.0
16418,50.57,21.08,42.0
16419,51.98,14.29,42.0
16420,47.53,16.0,42.0
16421,53.39,2.78,42.0
16422,48.72,5.19,42.0
16423,49.78,7.3,42.0
16424,49.69,2.36,42.0
16425,49.11,9.26,42.0
17002,50.0,0.0,42.0
17003,52.12,11.17,42.0
17004,50.77,11.11,42.0
17005,46.19,5.0,42.0
17006,49.02,16.67,42.0
17007,48.44,7.41,42.0
17008,49.29,10.67,42.0
17009,49.75,6.56,42.0
17010,51.82,13.93,42.0
17011,49.51,6.1,42.0
17012,51.45,0.0,42.0
17013,50.82,5.41,42.0
17015,50.63,4.17,42.0
17016,54.35,8.92,42.0
17017,49.21,4.17,42.0
17018,49.11,5.65,42.0
17019,52.13,6.96,42.0
17020,50.23,6.06,42.0
17021,52.62,4.91,42.0
17022,51.11,6.03,42.0
17023,50.01,2.78,42.0
17024,52.13,5.77,42.0
17025,51.34,3.22,42.0
17026,51.04,3.33,42.0
17027,51.03,6.25,42.0
17028,52.57,14.86,42.0
17029,47.49,6.25,42.0
17030,51.55,7.14,42.0
17031,47.78,0.0,42.0
17032,49.19,6.94,42.0
17033,54.06,0.0,42.0
17034,51.89,2.78,42.0
17035,51.38,0.0,42.0
17036,50.12,6.95,42.0
17037,52.47,1.94,42.0
17038,37.61,6.26,42.0
17039,50.0,9.52,42.0
17041,51.85,12.27,42.0
17042,49.89,1.99,42.0
17043,52.75,0.0,42.0
17044,49.95,5.09,42.0
17045,51.24,7.41,42.0
17046,51.45,10.27,42.0
17047,48.58,3.7,42.0
17048,50.35,6.27,42.0
17049,57.89,0.0,42.0
17050,54.28,4.88,42.0
17051,51.43,12.03,42.0
17052,47.97,3.45,42.0
17053,51.3,4.49,42.0
17054,52.94,0.0,42.0
17055,57.6,3.69,42.0
17056,50.32,1.59,42.0
17057,49.36,5.03,42.0
17058,51.82,6.25,42.0
17059,50.38,21.6,42.0
17060,51.3,0.0,42.0
17061,48.18,9.09,42.0
17062,50.44,0.0,42.0
17063,48.41,5.13,42.0
17064,51.24,11.23,42.0
17065,51.47,24.35,42.0
17066,49.98,0.0,42.0
17067,47.98,0.0,42.0
17068,49.15,5.56,42.0
17069,47.89,13.64,42.0
17070,51.05,5.13,42.0
17071,51.16,9.3,42.0
17072,51.56,7.09,42.0
17073,50.0,2.6,42.0
17074,50.49,5.1,42.0
17075,49.91,4.55,42.0
17076,49.84,0.0,42.0
17077,50.61,9.59,42.0
17078,49.33,6.93,42.0
17079,50.89,5.45,42.0
17080,49.78,3.19,42.0
17081,53.36,10.03,42.0
17082,49.29,4.44,42.0
17083,48.95,4.76,42.0
17084,50.87,6.35,42.0
17085,51.33,4.55,42.0
17086,50.75,10.43,42.0
17087,46.83,0.0,42.0
17089,49.27,19.23,42.0
17091,50.59,8.29,42.0
17092,51.22,6.67,42.0
17093,53.74,7.37,42.0
17094,54.8,15.91,42.0
17095,51.07,8.33,42.0
17096,49.25,33.33,42.0
17097,50.12,7.69,42.0
17098,50.25,5.77,42.0
17099,49.57,7.14,42.0
17100,50.22,15.15,42.0
17101,52.16,7.14,42.0
17102,50.44,8.57,42.0
17104,52.14,3.44,42.0
17105,49.38,0.0,42.0
17106,50.19,7.41,42.0
17107,50.84,7.46,42.0
17108,49.58,14.24,42.0
17109,52.0,7.86,42.0
17110,50.75,7.89,42.0
17111,50.06,3.7,42.0
17112,50.99,12.5,42.0
17113,50.14,0.0,42.0
17114,52.04,17.65,42.0
17115,50.62,3.43,42.0
17116,49.78,0.0,42.0
17117,53.62,0.0,42.0
17118,50.61,0.0,42.0
17119,47.89,5.83,42.0
17120,51.6,9.04,42.0
17121,50.96,19.78,42.0
17122,50.69,4.17,42.0
17124,48.19,2.7,42.0
17125,53.97,14.29,42.0
17126,49.71,4.17,42.0
17127,51.71,11.36,42.0
17128,48.99,14.5,42.0
17129,52.07,4.59,42.0
17130,51.55,2.42,42.0
17131,52.17,10.55,42.0
17132,50.85,9.84,42.0
17133,52.85,3.03,42.0
17134,51.81,8.89,42.0
17135,52.28,4.76,42.0
17136,51.47,13.71,42.0
17137,50.22,10.53,42.0
17138,48.71,11.76,42.0
17139,50.13,4.17,42.0
17140,52.72,8.92,42.0
17141,49.49,8.49,42.0
17142,52.05,15.42,42.0
17143,50.26,7.04,42.0
17145,49.29,3.92,42.0
17146,53.2,12.43,42.0
17147,49.01,9.7,42.0
17148,50.9,7.44,42.0
17149,47.37,0.0,42.0
17150,53.13,4.44,42.0
17151,51.82,6.74,42.0
17152,52.3,3.64,42.0
17153,51.42,10.7,42.0
17154,51.19,1.59,42.0
17155,52.54,6.41,42.0
17156,44.64,0.0,42.0
17157,50.31,14.29,42.0
17158,49.79,6.9,42.0
17159,50.7,2.94,42.0
17160,53.9,3.51,42.0
17161,52.44,9.05,42.0
17162,52.32,0.0,42.0
17163,51.41,1.72,42.0
17164,51.7,13.96,42.0
17165,50.82,2.78,42.0
17166,48.65,4.35,42.0
17167,50.1,3.08,42.0
17168,54.78,23.53,42.0
17171,50.06,9.86,42.0
17172,52.49,7.62,42.0
17173,47.27,4.17,42.0
17174,51.1,5.15,42.0
17175,47.31,9.52,42.0
17176,54.81,0.0,42.0
17177,45.9,0.0,42.0
17178,45.71,14.29,42.0
17179,50.97,16.07,42.0
17180,47.41,0.0,42.0
17181,53.61,7.69,42.0
17182,48.51,9.09,42.0
17183,49.94,4.19,42.0
17184,46.5,2.95,42.0
17185,52.05,2.71,42.0
17186,50.35,3.42,42.0
17187,49.54,4.0,42.0
17188,51.33,4.76,42.0
17190,53.49,16.67,42.0
17191,51.88,6.69,42.0
17192,50.3,1.24,42.0
17193,51.76,9.97,42.0
17194,52.02,16.93,42.0
17195,50.36,0.0,42.0
17196,48.54,7.02,42.0
17197,55.19,9.72,42.0
17198,51.91,13.04,42.0
17199,44.44,0.0,42.0
17200,53.94,23.02,42.0
17201,49.62,10.2,42.0
17202,48.76,3.33,42.0
17203,50.0,5.48,42.0
17204,50.2,4.15,42.0
17205,49.48,3.12,42.0
17206,48.77,0.0,42.0
17207,49.63,11.11,42.0
17208,51.18,10.42,42.0
17209,50.12,0.0,42.0
17210,50.33,11.49,42.0
17211,54.53,1.75,42.0
17212,50.0,0.0,42.0
17213,44.24,12.5,42.0
17214,51.66,0.0,42.0
17215,51.43,0.0,42.0
17216,51.55,11.11,42.0
17217,49.11,3.7,42.0
17218,52.35,7.92,42.0
17219,53.38,6.21,42.0
17220,50.86,8.51,42.0
17221,49.55,14.1,42.0
17222,52.37,14.63,42.0
17223,48.91,16.62,42.0
17224,51.41,10.0,42.0
17225,51.93,4.38,42.0
17226,48.69,7.32,42.0
17227,53.08,4.55,42.0
17228,51.56,7.53,42.0
17229,54.04,0.0,42.0
17230,53.33,14.06,42.0
17231,41.58,0.0,42.0
17232,49.52,3.23,42.0
17233,52.06,3.64,42.0
17234,51.02,4.0,42.0
17235,51.07,15.87,42.0
17236,51.06,5.68,42.0
17237,51.46,3.15,42.0
17239,48.74,3.03,42.0
17240,52.21,6.54,42.0
17241,52.48,7.96,42.0
17242,48.88,2.38,42.0
17243,50.35,10.38,42.0
17244,48.54,12.9,42.0
17245,51.42,12.62,42.0
17246,51.79,6.12,42.0
17247,53.23,10.38,42.0
17248,49.51,4.02,42.0
17249,52.84,8.33,42.0
17250,51.79,9.52,42.0
17252,49.78,10.0,42.0
17253,50.81,8.27,42.0
17254,53.43,15.38,42.0
17255,48.26,5.71,42.0
17256,50.08,0.0,42.0
17257,52.03,3.92,42.0
17258,49.97,8.05,42.0
17259,45.81,0.0,42.0
17260,49.89,5.77,42.0
17261,49.37,7.14,42.0
17262,52.21,7.44,42.0
17263,50.69,9.1,42.0
17264,53.17,16.48,42.0
17265,49.55,4.01,42.0
17266,49.7,5.63,42.0
17267,48.21,11.63,42.0
17268,47.76,0.0,42.0
17269,49.53,3.59,42.0
17270,51.08,3.34,42.0
17271,49.2,5.47,42.0
17273,50.05,6.25,42.0
17274,53.54,18.72,42.0
17275,51.54,2.59,42.0
17276,49.33,16.67,42.0
17277,50.25,5.62,42.0
17278,52.47,10.0,42.0
17279,51.17,3.22,42.0
17280,51.65,13.85,42.0
17281,52.2,6.67,42.0
17282,48.58,20.0,42.0
17283,51.87,10.46,42.0
17284,51.58,8.1,42.0
17285,51.72,7.46,42.0
17286,51.87,5.88,42.0
17287,47.92,3.12,42.0
17288,46.52,0.0,42.0
17289,50.84,8.33,42.0
17290,52.61,0.0,42.0
17291,53.92,14.93,42.0
17292,47.67,0.0,42.0
17293,52.36,7.58,42.0
17294,46.2,16.67,42.0
17295,49.0,5.17,42.0
17296,50.61,5.49,42.0
17297,50.91,15.17,42.0
17298,48.5,6.45,42.0
17299,53.8,11.05,42.0
17300,53.3,17.35,42.0
17301,52.22,0.0,42.0
17302,49.01,6.45,42.0
17303,50.43,12.65,42.0
17304,49.8,5.69,42.0
17305,46.52,2.7,42.0
17306,56.6,11.36,42.0
17307,50.37,4.19,42.0
17308,49.54,9.14,42.0
17309,52.64,5.76,42.0
17310,49.96,7.14,42.0
17311,53.36,12.26,42.0
17312,50.86,7.46,42.0
17313,50.77,2.94,42.0
17314,50.31,5.53,42.0
17315,51.13,7.09,42.0
17316,50.52,6.25,42.0
17317,51.36,3.87,42.0
17318,49.52,8.55,42.0
17319,49.56,0.0,42.0
17320,48.66,12.77,42.0
17321,47.4,3.12,42.0
17322,54.09,5.26,42.0
17323,53.3,4.52,42.0
17324,47.75,14.29,42.0
17325,51.1,3.45,42.0
17326,50.53,8.7,42.0
17327,53.73,3.33,42.0
17328,48.85,8.69,42.0
17329,50.81,3.23,42.0
17330,48.24,4.88,42.0
17331,54.55,3.19,42.0
17332,48.07,0.0,42.0
17333,54.94,16.72,42.0
17335,49.11,9.68,42.0
17336,51.73,10.08,42.0
17337,51.95,8.16,42.0
17338,51.79,7.06,42.0
17339,50.72,7.58,42.0
17340,48.38,11.47,42.0
17341,48.92,0.0,42.0
17342,49.97,3.28,42.0
17343,52.05,0.0,42.0
17344,50.74,2.54,42.0
17345,50.67,8.12,42.0
17346,49.65,8.04,42.0
17347,54.99,9.39,42.0
17348,52.29,6.9,42.0
17349,51.58,8.63,42.0
17350,54.96,5.99,42.0
17351,51.33,6.08,42.0
17353,49.4,13.74,42.0
17354,49.14,6.83,42.0
17355,49.53,2.27,42.0
17356,50.03,0.0,42.0
17357,50.75,6.52,42.0
17358,49.46,8.71,42.0
17359,49.08,10.62,42.0
17360,52.39,17.99,42.0
17361,45.54,0.0,42.0
17362,48.54,21.05,42.0
17363,51.95,2.94,42.0
17364,52.09,5.15,42.0
17365,52.31,6.45,42.0
17366,49.73,7.14,42.0
17367,51.92,14.29,42.0
17369,46.59,9.59,42.0
17372,51.11,0.0,42.0
17373,50.54,10.46,42.0
17374,48.0,4.35,42.0
17375,50.99,4.72,42.0
17376,50.3,9.72,42.0
17377,54.4,0.0,42.0
17378,48.21,5.56,42.0
17379,49.53,0.0,42.0
17380,52.84,15.35,42.0
17381,50.07,0.0,42.0
17382,48.5,18.37,42.0
17383,49.84,10.78,42.0
17384,51.61,7.61,42.0
17385,52.48,6.9,42.0
17386,48.22,10.81,42.0
17387,51.23,14.86,42.0
17388,51.63,4.0,42.0
17389,52.18,1.67,42.0
17390,50.0,0.0,42.0
17391,51.79,14.87,42.0
17393,49.4,5.59,42.0
17394,52.79,14.94,42.0
17395,47.47,21.57,42.0
17396,51.04,11.3,42.0
17397,52.0,5.5,42.0
17398,54.17,6.67,42.0
17400,48.6,18.05,42.0
17401,54.84,0.0,42.0
17402,54.94,22.22,42.0
17403,49.42,7.58,42.0
17404,49.63,4.61,42.0
17405,54.65,15.38,42.0
17406,49.31,0.0,42.0
17407,51.67,13.07,42.0
17408,50.42,3.57,42.0
17409,51.99,8.3,42.0
17410,47.85,2.31,42.0
17411,50.01,9.85,42.0
17412,50.0,6.15,42.0
17413,51.14,14.59,42.0
17414,52.25,14.61,42.0
17415,54.92,12.91,42.0
17416,44.83,0.0,42.0
17417,51.53,10.53,42.0
17418,49.43,16.0,42.0
17420,51.68,11.48,42.0
17421,55.24,9.87,42.0
17422,51.65,0.0,42.0
17423,46.15,0.0,42.0
17424,48.59,9.3,42.0
17425,51.56,7.43,42.0
17426,48.36,0.0,42.0
17427,51.66,10.53,42.0
17428,49.24,4.08,42.0
17429,36.98,4.79,42.0
17430,49.82,2.92,42.0
17431,49.2,5.88,42.0
17432,48.14,3.23,42.0
17433,52.55,13.64,42.0
17434,53.75,8.19,42.0
17435,54.13,7.14,42.0
17436,50.63,3.0,42.0
17437,48.05,0.0,42.0
17438,49.26,10.02,42.0
17439,48.98,5.0,42.0
17440,52.89,14.89,42.0
17441,49.03,9.78,42.0
17442,53.5,2.86,42.0
17443,49.82,18.56,42.0
17444,48.94,7.66,42.0
17445,48.47,5.49,42.0
17446,49.36,3.44,42.0
17447,50.94,6.04,42.0
17448,50.96,4.37,42.0
17449,53.01,7.08,42.0
17450,48.83,0.0,42.0
17451,51.51,7.15,42.0
17452,53.16,7.77,42.0
17453,51.59,7.8,42.0
17454,50.39,7.41,42.0
17455,50.63,6.35,42.0
17457,48.83,9.77,42.0
17458,50.29,6.67,42.0
17459,49.72,11.9,42.0
17460,49.19,6.61,42.0
17461,53.34,12.54,42.0
17462,50.34,2.9,42.0
17463,50.22,9.43,42.0
17464,52.53,18.18,42.0
17465,50.16,7.84,42.0
17466,49.45,15.74,42.0
17467,52.11,8.0,42.0
17468,48.43,0.0,42.0
17469,49.48,12.9,42.0
17470,50.87,0.0,42.0
17471,44.83,0.0,42.0
17472,49.97,8.52,42.0
17473,43.59,9.09,42.0
17474,51.01,8.62,42.0
17476,48.89,0.0,42.0
17477,52.73,12.5,42.0
17478,47.76,20.0,42.0
17479,46.2,0.0,42.0
17480,47.83,9.59,42.0
17481,46.43,0.0,42.0
17482,47.38,7.14,42.0
17483,47.74,7.73,42.0
17484,51.2,6.78,42.0
17485,53.4,10.0,42.0
17486,53.42,9.56,42.0
18001,48.19,5.56,42.0
18002,51.83,7.14,42.0
18003,52.21,5.4,42.0
18004,48.68,8.57,42.0
18005,50.17,6.2,42.0
18006,53.13,6.78,42.0
18007,54.55,22.22,42.0
18008,50.54,11.62,42.0
18009,49.83,3.63,42.0
18010,47.32,5.26,42.0
18011,51.8,4.12,42.0
18012,50.17,17.7,42.0
18013,51.98,3.31,42.0
18014,49.4,13.33,42.0
18015,53.32,7.7,42.0
18016,51.71,9.52,42.0
18017,46.13,0.0,42.0
18018,42.09,6.6,42.0
18019,48.34,2.7,42.0
18020,49.66,6.09,42.0
18021,50.37,4.76,42.0
18022,50.7,2.94,42.0
18023,50.3,9.65,42.0
18024,50.94,0.0,42.0
18025,53.77,3.61,42.0
18026,50.4,8.7,42.0
18027,50.63,3.12,42.0
18028,50.61,10.0,42.0
18029,47.96,9.09,42.0
18030,48.82,3.13,42.0
18031,51.14,0.0,42.0
18032,51.56,9.92,42.0
18033,52.22,17.46,42.0
18034,49.54,0.0,42.0
18035,49.5,6.67,42.0
18036,50.49,16.67,42.0
18037,48.06,8.75,42.0
18038,51.52,7.7,42.0
18039,50.1,16.67,42.0
18040,52.1,13.88,42.0
18041,46.95,6.67,42.0
18042,48.33,14.63,42.0
18043,52.96,11.11,42.0
18044,46.9,9.52,42.0
18045,46.58,5.27,42.0
18046,45.45,4.76,42.0
18047,49.84,1.72,42.0
18048,50.4,4.76,42.0
18049,49.83,5.26,42.0
18050,49.88,14.33,42.0
18051,46.32,11.76,42.0
18052,53.84,7.45,42.0
18053,52.58,12.79,42.0
18054,51.41,10.53,42.0
18055,50.61,2.24,42.0
18056,47.79,21.74,42.0
18057,53.95,2.56,42.0
18058,54.11,0.83,42.0
18059,55.7,5.4,42.0
18060,54.17,0.0,42.0
18061,40.24,0.0,42.0
18062,49.23,0.0,42.0
18063,45.51,0.0,42.0
18064,50.64,0.0,42.0
18065,49.74,5.88,42.0
18066,48.31,3.12,42.0
18067,46.21,8.1,42.0
18068,44.12,0.0,42.0
18069,50.87,19.05,42.0
18070,48.4,0.0,42.0
18071,54.55,0.0,42.0
18072,49.78,8.7,42.0
18073,47.52,7.51,42.0
18074,49.51,5.0,42.0
18075,49.67,8.27,42.0
18076,50.48,2.27,42.0
18077,52.75,6.44,42.0
18078,44.07,0.0,42.0
18079,49.9,2.74,42.0
18080,52.05,6.67,42.0
18081,46.59,2.5,42.0
18082,50.42,7.98,42.0
18083,50.69,1.66,42.0
18084,49.98,0.0,42.0
18085,45.6,4.76,42.0
18086,50.44,2.23,42.0
18087,53.57,7.46,42.0
18088,51.49,4.76,42.0
18089,51.46,8.11,42.0
18090,51.56,9.38,42.0
18091,51.8,0.0,42.0
18092,45.44,10.78,42.0
18093,50.0,20.0,42.0
18094,50.16,6.45,42.0
18095,52.98,0.0,42.0
18096,50.39,6.44,42.0
18097,51.87,12.98,42.0
18098,50.39,0.0,42.0
18099,51.21,9.09,42.0
18100,48.15,1.72,42.0
18101,50.96,0.0,42.0
18102,50.22,11.52,42.0
18103,53.9,9.28,42.0
18104,48.84,0.0,42.0
18105,50.33,10.97,42.0
18106,54.96,8.33,42.0
18107,52.25,0.0,42.0
18108,52.37,9.21,42.0
18109,51.42,11.97,42.0
18110,51.82,4.76,42.0
18111,42.86,9.52,42.0
18112,49.86,0.0,42.0
18113,52.3,20.0,42.0
18114,54.02,0.0,42.0
18115,48.24,10.17,42.0
18116,46.22,3.03,42.0
18117,48.84,2.13,42.0
18118,52.03,6.69,42.0
18119,48.28,13.13,42.0
18120,47.96,3.22,42.0
18121,51.58,12.5,42.0
18122,51.97,11.76,42.0
18124,46.4,25.7,42.0
18125,54.07,8.05,42.0
18126,50.32,7.09,42.0
18127,52.4,6.41,42.0
18128,47.88,0.0,42.0
18129,46.02,6.9,42.0
18130,48.6,0.0,42.0
18132,41.55,15.38,42.0
18133,49.73,6.52,42.0
18134,51.29,4.96,42.0
18135,42.54,7.14,42.0
18136,48.28,6.42,42.0
18137,48.92,4.0,42.0
18138,49.82,16.75,42.0
18139,51.78,5.45,42.0
18140,50.11,6.47,42.0
18141,51.89,6.65,42.0
18142,51.54,3.03,42.0
18143,52.53,14.81,42.0
18144,50.15,9.3,42.0
18145,51.56,6.77,42.0
18146,49.62,3.81,42.0
18147,46.57,0.0,42.0
18148,50.61,8.66,42.0
18149,48.14,5.36,42.0
18150,50.71,2.7,42.0
18151,51.18,8.01,42.0
18152,47.71,0.0,42.0
18153,45.99,14.71,42.0
18154,50.29,0.0,42.0
18155,50.84,7.32,42.0
18156,49.65,10.81,42.0
18157,48.77,14.41,42.0
18158,48.18,15.46,42.0
18159,49.22,12.5,42.0
18160,52.2,11.9,42.0
18161,52.63,0.0,42.0
18162,49.59,4.0,42.0
18163,52.38,8.7,42.0
18164,50.34,0.0,42.0
18165,51.77,5.62,42.0
18166,53.98,11.73,42.0
18167,46.66,16.67,42.0
18168,53.31,12.5,42.0
18169,48.72,10.0,42.0
18170,50.22,3.64,42.0
18171,46.69,4.55,42.0
18172,52.6,8.4,42.0
18173,49.13,3.1,42.0
18174,44.97,11.81,42.0
18175,49.42,8.89,42.0
18176,49.44,9.14,42.0
18177,48.15,20.0,42.0
18178,49.07,5.26,42.0
18179,49.79,11.11,42.0
18180,50.61,13.86,42.0
18181,50.23,11.11,42.0
18182,49.07,5.0,42.0
18183,48.65,7.14,42.0
18184,57.7,4.81,42.0
18185,52.85,4.84,42.0
18186,49.68,10.87,42.0
18187,49.62,8.33,42.0
18188,49.74,4.0,42.0
18189,49.44,4.78,42.0
18190,52.01,10.87,42.0
18191,51.96,6.67,42.0
18192,48.05,4.85,42.0
18193,48.44,18.75,42.0
18194,50.23,5.21,42.0
18195,51.04,6.67,42.0
18196,42.68,0.0,42.0
18197,54.18,8.88,42.0
18198,49.0,0.0,42.0
18199,49.14,0.0,42.0
18200,49.61,9.52,42.0
18201,48.87,12.09,42.0
18202,69.23,0.0,42.0
18203,40.43,0.0,42.0
18204,44.49,10.0,42.0
18205,52.48,16.01,42.0
18206,50.06,13.91,42.0
18207,52.93,8.46,42.0
18208,51.05,7.96,42.0
18209,49.16,7.13,42.0
18210,50.11,7.27,42.0
18211,51.52,1.27,42.0
18212,48.22,7.94,42.0
18213,52.42,5.87,42.0
18214,50.93,1.71,42.0
18215,48.59,5.56,42.0
18216,48.64,4.76,42.0
18217,52.41,6.67,42.0
18218,48.76,9.84,42.0
18219,50.4,6.78,42.0
18220,48.98,10.0,42.0
18221,47.36,3.45,42.0
18223,50.41,8.54,42.0
18224,51.27,0.0,42.0
18225,48.1,4.95,42.0
18226,50.02,6.39,42.0
18227,54.17,14.29,42.0
18228,55.64,12.5,42.0
18229,48.26,15.48,42.0
18230,50.92,9.52,42.0
18231,49.87,6.99,42.0
18232,45.72,5.0,42.0
18233,53.19,8.4,42.0
18234,49.13,0.0,42.0
18235,52.02,9.91,42.0
18236,49.62,23.08,42.0
18237,50.11,10.42,42.0
18238,47.79,7.69,42.0
18240,53.48,6.67,42.0
18241,51.39,14.44,42.0
18242,52.36,5.06,42.0
18243,48.17,6.25,42.0
18244,50.63,22.22,42.0
18245,49.06,4.76,42.0
18246,51.87,4.53,42.0
18247,49.11,5.0,42.0
18248,47.64,9.26,42.0
18249,49.5,5.13,42.0
18250,45.59,0.0,42.0
18251,49.23,50.0,42.0
18252,46.78,4.55,42.0
18253,48.46,14.6,42.0
18254,49.66,10.45,42.0
18255,46.8,15.74,42.0
18256,48.5,7.69,42.0
18257,47.86,8.43,42.0
18258,54.13,3.13,42.0
18259,50.8,0.0,42.0
18260,50.0,0.0,42.0
18261,49.47,3.12,42.0
18262,50.05,5.71,42.0
18263,48.92,7.34,42.0
18264,46.75,33.33,42.0
18265,52.52,4.27,42.0
18266,49.79,26.17,42.0
18267,51.56,16.84,42.0
18268,50.25,7.28,42.0
18269,53.64,0.0,42.0
18270,50.69,6.55,42.0
18271,49.66,12.58,42.0
18272,48.19,8.16,42.0
18273,51.09,8.96,42.0
18274,51.54,3.13,42.0
18275,46.48,0.0,42.0
18276,45.11,0.0,42.0
18277,45.71,0.0,42.0
18278,48.19,3.57,42.0
18279,53.33,7.67,42.0
18280,51.52,4.62,42.0
18281,50.01,6.5,42.0
18282,52.4,11.54,42.0
18283,46.43,0.0,42.0
18284,45.28,5.88,42.0
18285,50.99,6.41,42.0
18286,49.18,16.28,42.0
18287,52.56,15.38,42.0
18288,44.97,6.9,42.0
18289,48.79,7.04,42.0
18290,46.08,6.83,42.0
19001,51.4,3.7,42.0
19002,45.78,2.26,42.0
19003,46.73,10.05,42.0
19004,49.56,4.92,42.0
19005,50.42,8.13,42.0
19006,50.54,15.38,42.0
19007,49.46,6.9,42.0
19008,49.51,8.33,42.0
19009,48.0,20.0,42.0
19010,53.81,5.89,42.0
19011,53.26,9.15,42.0
19012,47.46,10.53,42.0
19013,53.34,12.37,42.0
19014,47.79,6.67,42.0
19015,50.5,7.42,42.0
19016,46.57,13.89,42.0
19017,44.87,0.0,42.0
19018,51.9,16.95,42.0
19019,52.44,10.82,42.0
19020,50.91,0.0,42.0
19021,48.0,6.67,42.0
19022,52.57,19.05,42.0
19023,50.25,7.96,42.0
19024,49.94,7.76,42.0
19025,50.08,2.95,42.0
19026,50.83,16.67,42.0
19027,52.17,16.67,42.0
19028,52.67,7.27,42.0
19029,50.72,3.23,42.0
19030,50.73,7.73,42.0
19031,52.98,12.22,42.0
19033,53.82,2.27,42.0
19034,46.28,0.0,42.0
19035,54.45,3.92,42.0
19036,51.59,4.12,42.0
19037,53.98,4.76,42.0
19038,52.25,14.18,42.0
19039,48.7,10.53,42.0
19040,53.64,15.38,42.0
19041,51.31,15.74,42.0
19042,47.44,13.11,42.0
19043,49.45,2.41,42.0
19044,50.0,17.24,42.0
19045,50.25,11.11,42.0
19046,50.0,20.0,42.0
19047,52.1,5.4,42.0
19048,52.84,12.13,42.0
19049,50.05,9.02,42.0
19050,49.61,10.14,42.0
19051,48.47,17.86,42.0
19052,54.0,0.0,42.0
19053,51.28,23.53,42.0
19054,49.26,6.25,42.0
19055,50.18,19.05,42.0
19056,51.23,9.38,42.0
19057,51.68,9.09,42.0
19058,48.83,18.18,42.0
19059,51.08,2.78,42.0
19060,49.38,12.0,42.0
19061,53.19,10.11,42.0
19062,52.86,10.59,42.0
19063,51.31,13.29,42.0
19064,48.65,16.67,42.0
19065,45.31,0.0,42.0
19066,50.6,6.75,42.0
19067,48.56,5.88,42.0
19068,49.06,9.87,42.0
19069,52.14,0.0,42.0
19070,51.58,8.47,42.0
19071,50.64,8.7,42.0
19072,50.58,12.58,42.0
19073,44.13,5.24,42.0
19074,52.94,0.0,42.0
19075,47.0,7.72,42.0
19076,52.61,13.09,42.0
19077,52.21,14.29,42.0
19078,50.43,8.38,42.0
19079,51.99,2.17,42.0
19080,50.79,3.31,42.0
19081,49.21,10.97,42.0
19082,50.24,10.1,42.0
19083,47.32,6.25,42.0
19084,51.19,4.0,42.0
19085,49.92,7.79,42.0
19086,50.18,4.76,42.0
19087,49.43,0.0,42.0
19088,47.83,0.0,42.0
19089,49.72,25.0,42.0
19090,54.55,0.0,42.0
19091,50.06,3.85,42.0
19093,48.86,3.53,42.0
19094,49.43,9.62,42.0
19095,51.09,14.29,42.0
19096,50.85,10.81,42.0
19097,47.01,0.0,42.0
19098,48.66,13.81,42.0
19099,52.44,8.7,42.0
19100,50.88,9.52,42.0
19101,51.38,10.0,42.0
19102,46.98,8.0,42.0
19103,49.23,0.0,42.0
19104,45.16,20.0,42.0
19105,49.26,9.26,42.0
19106,50.43,4.0,42.0
19107,52.24,10.19,42.0
19108,50.63,0.0,42.0
19109,41.35,4.17,42.0
19110,47.37,0.0,42.0
19111,44.12,12.5,42.0
19112,48.71,0.0,42.0
19113,52.48,2.39,42.0
19114,50.61,0.0,42.0
19115,52.74,5.0,42.0
19116,48.89,4.76,42.0
19117,48.42,12.68,42.0
19118,52.33,8.28,42.0
19119,47.71,15.38,42.0
19120,50.0,0.0,42.0
19121,51.81,6.67,42.0
19122,54.76,7.69,42.0
19123,52.72,10.44,42.0
19124,51.56,6.96,42.0
19125,52.4,14.52,42.0
19126,52.91,21.43,42.0
19128,51.28,14.81,42.0
19129,48.62,5.36,42.0
19130,51.08,12.12,42.0
19131,51.85,6.95,42.0
19132,53.85,0.0,42.0
19133,43.42,0.0,42.0
19134,53.48,7.35,42.0
19135,48.81,8.1,42.0
19136,48.53,6.25,42.0
19137,47.62,0.0,42.0
19138,55.1,15.31,42.0
19139,49.37,25.0,42.0
19140,51.25,8.0,42.0
19141,43.75,3.76,42.0
19142,51.13,12.5,42.0
19143,51.7,10.71,42.0
19144,52.43,0.0,42.0
19145,47.97,5.88,42.0
19146,52.14,16.49,42.0
19147,47.11,7.46,42.0
19148,51.37,8.0,42.0
19149,48.2,17.65,42.0
19150,50.88,16.38,42.0
19151,50.7,9.72,42.0
19152,49.58,7.14,42.0
19153,53.33,11.72,42.0
19154,49.21,14.27,42.0
19155,47.29,18.18,42.0
19156,47.47,25.0,42.0
19157,48.67,0.0,42.0
19158,50.0,11.11,42.0
19159,50.56,16.67,42.0
19160,49.42,15.38,42.0
19161,48.72,4.26,42.0
19162,52.21,12.87,42.0
19163,50.56,3.45,42.0
19164,49.16,5.23,42.0
19165,48.99,9.09,42.0
19166,53.76,33.33,42.0
19167,41.86,0.0,42.0
19168,52.53,0.0,42.0
19169,49.49,3.57,42.0
19170,48.09,4.76,42.0
19171,48.52,0.0,42.0
19172,52.63,0.0,42.0
19173,49.82,15.64,42.0
19174,51.97,18.18,42.0
19175,46.81,0.0,42.0
19176,51.68,7.77,42.0
19177,51.4,0.0,42.0
19178,48.42,10.99,42.0
19179,42.99,14.29,42.0
19180,50.98,11.83,42.0
19181,51.43,8.42,42.0
19182,52.76,14.93,42.0
19184,53.52,0.0,42.0
19186,49.18,5.0,42.0
19187,49.65,10.81,42.0
19188,50.57,5.66,42.0
19189,45.24,0.0,42.0
19190,51.6,0.0,42.0
19191,49.92,9.23,42.0
19192,48.29,0.0,42.0
19193,48.83,9.09,42.0
19194,50.9,11.11,42.0
19195,47.72,3.27,42.0
19196,47.93,15.15,42.0
19198,54.39,0.0,42.0
19199,49.41,0.0,42.0
19200,43.82,0.0,42.0
19201,50.25,10.42,42.0
19202,50.45,10.34,42.0
19203,50.91,10.39,42.0
19204,50.35,3.57,42.0
19205,52.27,0.0,42.0
19206,46.53,0.0,42.0
19207,51.58,12.04,42.0
19208,52.04,14.29,42.0
19209,50.88,0.0,42.0
19210,47.69,0.0,42.0
19211,50.37,11.32,42.0
19212,52.75,14.29,42.0
19213,53.42,6.9,42.0
19214,52.68,2.72,42.0
19215,48.74,0.0,42.0
19216,53.97,4.0,42.0
19217,51.09,35.71,42.0
19219,52.94,0.0,42.0
19220,47.48,18.5,42.0
19221,48.57,0.0,42.0
19222,51.28,3.61,42.0
19225,49.76,10.0,42.0
19226,49.54,0.0,42.0
19227,49.56,13.05,42.0
19228,51.56,0.0,42.0
19229,51.76,10.26,42.0
19231,48.86,15.38,42.0
19232,46.99,25.0,42.0
19233,48.63,12.12,42.0
19234,47.12,10.42,42.0
19235,53.37,18.75,42.0
19236,53.26,6.81,42.0
19237,53.89,2.17,42.0
19238,47.94,0.0,42.0
19239,48.33,8.33,42.0
19240,49.4,7.69,42.0
19241,52.21,5.0,42.0
19242,50.86,17.78,42.0
19243,51.94,18.75,42.0
19244,48.72,0.0,42.0
19245,52.63,0.0,42.0
19246,49.8,12.5,42.0
19247,50.52,6.25,42.0
19248,50.19,5.87,42.0
19249,49.54,7.14,42.0
19250,46.84,8.06,42.0
19251,49.84,18.52,42.0
19252,47.06,6.41,42.0
19253,47.15,6.25,42.0
19254,47.53,21.05,42.0
19255,52.86,11.5,42.0
19256,54.53,0.0,42.0
19257,52.38,11.11,42.0
19258,49.3,4.35,42.0
19259,48.51,0.0,42.0
19260,53.23,4.55,42.0
19261,49.42,1.43,42.0
19262,51.03,12.5,42.0
19263,50.08,3.33,42.0
19264,48.24,11.63,42.0
19265,45.76,3.33,42.0
19266,53.06,0.0,42.0
19268,48.57,0.0,42.0
19269,54.61,7.27,42.0
19270,49.6,8.83,42.0
19271,48.87,18.18,42.0
19272,52.18,10.39,42.0
19273,51.16,11.05,42.0
19274,50.41,15.01,42.0
19275,52.52,7.97,42.0
19276,41.44,9.95,42.0
19277,49.01,0.0,42.0
19278,50.97,9.05,42.0
19279,46.92,3.47,42.0
19280,49.16,6.67,42.0
19281,45.83,0.0,42.0
19283,42.68,0.0,42.0
19284,56.47,11.11,42.0
19285,51.95,11.24,42.0
19286,49.71,4.97,42.0
19287,53.47,7.14,42.0
19288,49.89,9.24,42.0
19289,50.72,4.05,42.0
21001,50.29,9.68,42.0
21002,50.75,5.26,42.0
21003,51.59,26.6,42.0
21004,48.04,7.32,42.0
21005,51.34,13.08,42.0
21006,46.44,15.4,42.0
21007,47.29,0.0,42.0
21008,53.88,10.94,42.0
21009,44.94,0.0,42.0
21010,50.74,18.75,42.0
21011,42.68,0.0,42.0
21012,48.29,17.86,42.0
21013,51.47,17.78,42.0
21014,54.84,0.0,42.0
21015,47.06,0.0,42.0
21016,48.75,24.14,42.0
21017,50.9,13.46,42.0
21018,51.85,25.0,42.0
21020,50.89,5.56,42.0
21021,50.37,21.78,42.0
21022,49.81,12.0,42.0
21023,54.78,7.62,42.0
21024,50.45,8.62,42.0
21025,44.78,20.0,42.0
21026,50.62,0.0,42.0
21027,49.85,26.13,42.0
21028,54.48,9.95,42.0
21029,42.86,25.0,42.0
21030,47.19,0.0,42.0
21031,50.39,5.08,42.0
21032,50.0,35.71,42.0
21033,48.24,9.09,42.0
21034,50.38,16.67,42.0
21035,47.11,11.11,42.0
21036,48.72,0.0,42.0
21037,50.2,5.73,42.0
21038,50.09,4.75,42.0
21039,48.39,0.0,42.0
21040,46.99,10.0,42.0
21041,43.48,0.0,42.0
21042,49.67,5.88,42.0
21043,56.96,10.09,42.0
21044,44.87,0.0,42.0
21045,49.64,8.33,42.0
21046,50.67,12.5,42.0
21047,50.72,16.67,42.0
21048,47.99,18.84,42.0
21049,48.28,0.0,42.0
21050,53.61,9.49,42.0
21051,51.09,20.0,42.0
21052,39.29,0.0,42.0
21053,47.47,11.11,42.0
21054,52.59,12.56,42.0
21056,50.61,8.86,42.0
21057,48.22,9.37,42.0
21058,50.22,0.0,42.0
21059,50.86,21.16,42.0
21060,50.98,19.29,42.0
21061,53.75,14.29,42.0
21062,48.59,20.0,42.0
21063,47.87,11.11,42.0
21064,48.96,0.0,42.0
21065,49.61,6.67,42.0
21066,46.03,0.0,42.0
21067,51.95,15.9,42.0
21068,46.92,20.0,42.0
21069,55.17,25.0,42.0
21070,47.48,5.05,42.0
21071,49.59,12.5,42.0
21072,51.61,4.04,42.0
21074,51.37,10.53,42.0
21075,39.71,0.0,42.0
21076,51.06,11.25,42.0
21077,53.38,20.0,42.0
21078,52.94,0.0,42.0
21079,55.2,0.0,42.0
21080,50.86,14.06,42.0
21081,48.76,14.29,42.0
21082,51.72,0.0,42.0
21083,52.94,8.33,42.0
21084,45.0,28.57,42.0
21085,49.66,18.18,42.0
21086,51.44,16.81,42.0
21087,53.45,6.66,42.0
21088,50.36,24.14,42.0
21089,48.3,2.29,42.0
21090,56.14,0.0,42.0
21091,48.94,0.0,42.0
21092,49.12,4.35,42.0
21093,49.33,0.0,42.0
21094,49.48,5.71,42.0
21095,43.75,50.0,42.0
21096,46.73,0.0,42.0
21097,48.39,0.0,42.0
21098,49.19,0.0,42.0
21099,48.12,14.36,42.0
21100,50.0,20.0,42.0
21101,55.56,5.56,42.0
21102,54.84,0.0,42.0
21103,51.09,9.63,42.0
21104,50.0,0.0,42.0
21105,51.42,16.7,42.0
21106,51.2,7.41,42.0
21107,49.96,23.65,42.0
21108,55.86,0.0,42.0
21109,51.39,7.41,42.0
21110,51.03,32.65,42.0
21111,47.94,21.05,42.0
21112,50.16,9.3,42.0
21113,50.0,5.0,42.0
21114,50.31,0.0,42.0
21115,47.21,3.33,42.0
21116,51.85,0.0,42.0
21117,52.53,0.0,42.0
21118,48.48,0.0,42.0
21119,47.73,0.0,42.0
21120,50.76,8.33,42.0
21121,50.0,0.0,42.0
21122,52.05,7.69,42.0
21123,52.94,66.67,42.0
21124,46.33,0.0,42.0
21125,46.22,6.67,42.0
21126,48.98,10.71,42.0
21127,50.6,18.52,42.0
21128,47.83,0.0,42.0
21129,51.16,0.0,42.0
21130,48.06,2.5,42.0
21131,49.73,4.61,42.0
21132,47.67,13.16,42.0
21133,48.13,15.15,42.0
21134,47.67,4.17,42.0
21135,48.22,12.5,42.0
21136,51.85,0.0,42.0
21137,52.21,0.0,42.0
21138,48.73,9.54,42.0
21139,49.79,5.88,42.0
21140,54.7,0.0,42.0
21141,53.85,25.0,42.0
21142,48.02,5.0,42.0
21143,54.39,0.0,42.0
21144,57.58,25.0,42.0
21145,65.71,0.0,42.0
21146,51.97,6.67,42.0
21147,40.0,0.0,42.0
21148,46.25,8.11,42.0
21149,49.64,7.69,42.0
21150,50.19,0.0,42.0
21151,49.43,0.0,42.0
21152,56.96,0.0,42.0
21153,47.9,11.76,42.0
21154,53.55,4.28,42.0
21155,48.65,0.0,42.0
21156,41.67,0.0,42.0
21157,45.83,0.0,42.0
21158,47.49,0.0,42.0
21159,51.02,10.0,42.0
21160,46.46,7.69,42.0
21161,51.9,0.0,42.0
21162,48.96,11.75,42.0
21163,53.12,5.26,42.0
21164,48.05,5.88,42.0
21165,52.38,0.0,42.0
21166,52.02,7.8,42.0
21167,45.16,15.38,42.0
21168,56.76,0.0,42.0
21169,48.24,4.55,42.0
21170,49.66,3.12,42.0
21171,53.01,12.06,42.0
21172,47.64,4.55,42.0
21173,48.99,11.48,42.0
21175,51.08,9.52,42.0
21176,52.03,18.18,42.0
21177,50.78,11.11,42.0
21178,50.11,15.52,42.0
21179,48.44,24.72,42.0
21180,49.67,0.0,42.0
21181,51.24,0.0,42.0
21182,54.74,9.09,42.0
21183,48.19,10.38,42.0
21184,48.48,28.57,42.0
21185,48.97,22.13,42.0
21186,51.61,12.86,42.0
21187,48.36,20.0,42.0
21189,49.07,11.3,42.0
21190,48.36,12.82,42.0
21191,49.35,14.87,42.0
21192,49.28,29.18,42.0
21193,48.62,12.2,42.0
21194,50.14,6.43,42.0
21195,50.95,11.64,42.0
21196,49.3,6.59,42.0
21197,48.65,0.0,42.0
21198,48.35,5.88,42.0
21199,49.62,23.08,42.0
21200,52.36,11.45,42.0
21201,50.48,9.5,42.0
21202,46.62,0.0,42.0
21203,49.32,0.0,42.0
21204,44.58,10.0,42.0
21205,53.74,0.0,42.0
21207,48.15,42.86,42.0
21208,44.58,21.43,42.0
21209,50.41,23.91,42.0
21210,49.04,10.34,42.0
21211,49.62,0.0,42.0
21212,50.47,9.68,42.0
21214,48.8,14.29,42.0
21215,49.43,11.11,42.0
21216,51.16,40.0,42.0
21217,47.18,25.0,42.0
21218,46.55,37.5,42.0
21219,52.15,44.44,42.0
21220,47.22,0.0,42.0
21221,45.7,40.0,42.0
21222,43.22,11.11,42.0
21223,51.65,32.68,42.0
21224,44.62,0.0,42.0
21225,48.2,6.67,42.0
21226,50.1,7.41,42.0
21227,54.29,26.47,42.0
21228,50.35,15.38,42.0
21229,47.37,12.5,42.0
21230,52.38,15.15,42.0
21231,52.68,21.05,42.0
21232,47.29,8.0,42.0
21233,48.6,0.0,42.0
21234,51.52,0.0,42.0
21235,47.83,0.0,42.0
21236,50.0,6.9,42.0
21237,45.26,0.0,42.0
21238,50.0,11.11,42.0
21239,51.17,4.09,42.0
21240,52.66,21.43,42.0
21241,51.28,16.13,42.0
21242,48.02,14.71,42.0
21243,53.16,0.0,42.0
21244,47.83,11.11,42.0
21245,52.14,23.53,42.0
21246,45.51,9.09,42.0
21247,51.93,9.86,42.0
21248,46.43,0.0,42.0
21249,49.49,4.11,42.0
21250,43.37,40.0,42.0
21251,51.91,0.0,42.0
21252,47.37,0.0,42.0
21253,46.51,14.29,42.0
21254,51.71,8.33,42.0
21255,52.95,26.67,42.0
21256,48.76,23.04,42.0
21257,44.12,0.0,42.0
21258,53.14,7.14,42.0
21259,50.41,12.03,42.0
21260,49.98,7.14,42.0
21261,50.22,16.93,42.0
21263,50.28,16.28,42.0
21264,45.61,0.0,42.0
21265,51.55,33.9,42.0
21266,50.48,15.79,42.0
21267,49.99,16.28,42.0
21268,50.93,9.09,42.0
21269,50.76,13.46,42.0
21270,51.08,15.0,42.0
21271,39.09,7.14,42.0
21272,47.99,0.0,42.0
21273,51.93,17.73,42.0
21274,40.69,5.88,42.0
21275,42.06,0.0,42.0
21276,49.57,9.09,42.0
21277,52.26,8.11,42.0
21278,54.04,26.73,42.0
21279,50.0,0.0,42.0
21280,53.5,0.0,42.0
21281,47.93,0.0,42.0
21282,53.57,0.0,42.0
21283,51.25,0.0,42.0
21284,53.1,15.38,42.0
21285,48.17,5.13,42.0
21286,47.73,0.0,42.0
21287,42.58,11.76,42.0
21288,47.93,9.09,42.0
21289,49.6,33.33,42.0
21290,49.38,18.18,42.0
21291,51.09,8.62,42.0
21292,52.24,7.89,42.0
21293,48.09,6.67,42.0
21294,45.8,9.3,42.0
21295,52.61,11.28,42.0
21296,51.23,0.0,42.0
21297,50.26,20.31,42.0
21298,48.57,0.0,42.0
21299,50.49,0.0,42.0
21300,51.7,23.11,42.0
21301,49.4,3.7,42.0
21302,46.77,0.0,42.0
21303,41.18,0.0,42.0
21304,51.73,9.41,42.0
21305,48.84,0.0,42.0
21306,44.44,8.0,42.0
21307,49.66,0.0,42.0
21308,50.0,5.0,42.0
21309,48.91,0.0,42.0
21310,47.27,9.01,42.0
21311,50.7,0.0,42.0
21312,50.0,0.0,42.0
21313,50.0,0.0,42.0
21314,51.32,25.0,42.0
21315,52.33,29.7,42.0
21316,56.73,6.9,42.0
21317,53.16,12.06,42.0
21319,51.15,7.29,42.0
21320,48.82,12.34,42.0
21321,48.68,0.0,42.0
21322,51.35,0.0,42.0
21323,47.71,20.0,42.0
21324,52.94,0.0,42.0
21325,46.99,28.57,42.0
21326,55.0,12.5,42.0
21327,53.3,4.35,42.0
21328,46.94,0.0,42.0
21329,41.03,0.0,42.0
21330,50.51,16.02,42.0
21331,50.84,0.0,42.0
21332,48.72,5.81,42.0
21333,47.14,5.0,42.0
21334,48.21,1.59,42.0
21335,53.91,0.0,42.0
21336,51.84,6.99,42.0
21337,51.27,4.31,42.0
21338,47.59,10.53,42.0
21339,49.74,25.2,42.0
21340,48.45,0.0,42.0
21341,51.46,0.0,42.0
21342,50.36,7.69,42.0
21343,47.92,12.5,42.0
21344,46.78,10.53,42.0
21345,48.28,13.04,42.0
21346,47.52,0.0,42.0
21347,49.89,23.44,42.0
21348,49.02,0.0,42.0
21349,51.04,4.89,42.0
21350,50.0,0.0,42.0
21351,51.28,9.49,42.0
21352,50.09,10.86,42.0
21353,50.89,12.9,42.0
21354,50.91,0.0,42.0
21355,51.49,10.82,42.0
21356,49.82,4.35,42.0
21357,44.14,0.0,42.0
21358,46.19,10.0,42.0
21359,45.61,0.0,42.0
21360,49.58,20.0,42.0
21361,50.23,8.16,42.0
21362,45.39,7.69,42.0
21363,50.63,8.33,42.0
21364,44.44,0.0,42.0
21365,54.17,20.0,42.0
21366,47.73,11.11,42.0
21367,48.28,8.0,42.0
21368,49.79,7.14,42.0
21369,51.82,19.35,42.0
21370,49.66,23.81,42.0
21371,50.69,8.75,42.0
21372,47.89,0.0,42.0
21373,50.15,18.07,42.0
21374,50.56,0.0,42.0
21375,52.77,0.0,42.0
21376,43.27,0.0,42.0
21377,57.45,25.0,42.0
21378,45.3,0.0,42.0
21379,48.12,6.76,42.0
21380,50.88,20.0,42.0
21381,46.91,11.11,42.0
21382,52.03,0.0,42.0
21383,50.72,13.51,42.0
21384,45.24,0.0,42.0
21385,50.01,6.03,42.0
21386,53.17,20.59,42.0
21387,48.08,12.5,42.0
21388,48.24,5.07,42.0
21389,52.28,6.25,42.0
21390,52.49,13.94,42.0
21391,51.02,25.32,42.0
21392,54.1,0.0,42.0
21393,48.26,5.26,42.0
21394,40.13,6.25,42.0
21395,46.15,9.09,42.0
21396,50.0,0.0,42.0
21397,48.04,13.33,42.0
21398,50.15,0.0,42.0
21399,50.05,16.67,42.0
21400,38.46,0.0,42.0
21401,48.6,3.12,42.0
21402,31.25,0.0,42.0
21403,57.33,14.29,42.0
21404,49.62,10.87,42.0
21405,47.95,9.37,42.0
21406,49.8,38.46,42.0
21407,49.6,31.58,42.0
21408,55.16,24.97,42.0
21409,50.0,10.0,42.0
21410,41.38,0.0,42.0
21411,51.15,12.46,42.0
21412,50.5,8.84,42.0
21413,50.43,17.14,42.0
21414,47.92,7.58,42.0
21415,45.21,12.5,42.0
21416,53.2,10.3,42.0
21417,53.7,0.0,42.0
21418,49.15,0.0,42.0
21419,50.68,0.0,42.0
21420,46.2,4.35,42.0
21421,49.16,5.0,42.0
21422,49.23,7.14,42.0
21423,49.74,8.47,42.0
21424,45.95,10.0,42.0
21425,53.28,11.42,42.0
21426,51.2,0.0,42.0
21427,45.66,23.81,42.0
21428,52.05,0.0,42.0
21429,47.19,6.9,42.0
21430,50.59,30.77,42.0
21431,47.77,11.11,42.0
21432,50.95,0.0,42.0
21433,48.51,6.24,42.0
21434,53.33,0.0,42.0
21435,48.63,0.0,42.0
21436,50.36,6.67,42.0
21437,45.27,5.88,42.0
21438,43.06,0.0,42.0
21439,46.59,12.5,42.0
21440,50.73,0.0,42.0
21441,48.56,25.0,42.0
21442,51.01,9.68,42.0
21444,52.11,0.0,42.0
21445,48.0,7.69,42.0
21446,54.48,12.65,42.0
21447,46.91,0.0,42.0
21448,54.74,0.0,42.0
21449,47.93,21.05,42.0
21450,46.43,5.26,42.0
21451,46.84,0.0,42.0
21452,52.98,14.5,42.0
21454,47.75,0.0,42.0
21455,51.94,7.69,42.0
21456,51.63,35.29,42.0
21457,44.68,0.0,42.0
21458,46.81,23.68,42.0
21459,49.78,3.85,42.0
21460,52.31,0.0,42.0
21461,51.19,6.72,42.0
21462,46.69,17.31,42.0
21463,48.21,16.67,42.0
21464,53.56,9.17,42.0
21465,47.44,16.67,42.0
21466,45.24,0.0,42.0
21467,49.61,14.29,42.0
21468,48.89,0.0,42.0
21469,49.38,19.05,42.0
21470,45.28,0.0,42.0
21471,54.55,0.0,42.0
21472,45.29,31.25,42.0
21473,41.99,6.62,42.0
21474,45.9,5.41,42.0
21475,48.3,16.98,42.0
21476,53.8,0.0,42.0
21477,54.22,14.29,42.0
21478,46.1,22.73,42.0
21479,46.99,0.0,42.0
21480,48.31,11.21,42.0
21481,52.43,13.86,42.0
21482,51.05,7.27,42.0
21483,49.4,10.71,42.0
21484,33.09,0.0,42.0
21485,52.16,12.29,42.0
21487,48.96,4.65,42.0
21488,51.74,8.33,42.0
21489,52.0,0.0,42.0
21490,50.64,6.67,42.0
21491,48.75,12.5,42.0
21492,55.02,10.76,42.0
21493,47.67,3.45,42.0
21494,52.56,42.86,42.0
21495,50.32,6.67,42.0
21496,51.28,6.14,42.0
21497,49.2,9.09,42.0
21498,42.86,0.0,42.0
21499,50.86,0.0,42.0
21500,50.76,4.41,42.0
21501,50.84,10.66,42.0
21502,49.35,8.93,42.0
21503,48.48,7.14,42.0
21504,51.65,28.57,42.0
21505,55.59,8.47,42.0
21506,48.68,0.0,42.0
21508,49.2,27.66,42.0
21510,46.34,6.25,42.0
21511,40.46,23.08,42.0
21512,50.59,15.91,42.0
21514,49.41,25.0,42.0
21515,52.66,12.62,42.0
21516,46.75,0.0,42.0
21517,48.9,18.64,42.0
21518,52.5,4.35,42.0
21519,50.01,5.71,42.0
21520,49.01,31.25,42.0
21521,49.28,21.15,42.0
21522,49.79,19.05,42.0
21523,50.0,14.29,42.0
21524,47.25,11.11,42.0
21525,50.73,1.3,42.0
21526,47.62,0.0,42.0
21527,46.58,7.46,42.0
21528,54.35,0.0,42.0
21529,46.15,0.0,42.0
21530,45.64,7.69,42.0
21531,50.89,11.76,42.0
21532,49.5,23.58,42.0
21533,41.46,11.11,42.0
21534,48.29,12.87,42.0
21535,50.97,18.18,42.0
21536,56.1,7.14,42.0
21537,48.33,0.0,42.0
21538,53.39,0.0,42.0
21539,43.28,0.0,42.0
21540,53.25,18.89,42.0
21541,55.9,13.64,42.0
21542,53.7,10.42,42.0
21543,47.22,0.0,42.0
21544,46.15,0.0,42.0
21545,49.29,5.41,42.0
21546,48.98,0.0,42.0
21547,54.55,4.55,42.0
21548,48.28,10.0,42.0
21549,48.78,0.0,42.0
21550,52.21,14.29,42.0
21552,47.22,33.33,42.0
21553,48.54,9.09,42.0
21554,54.75,5.87,42.0
21555,51.49,18.11,42.0
21556,46.64,5.0,42.0
21557,55.05,0.0,42.0
21558,50.69,10.23,42.0
21559,50.21,15.28,42.0
21560,54.33,0.0,42.0
21561,49.57,8.67,42.0
21562,50.51,0.0,42.0
21563,43.59,0.0,42.0
21564,48.13,13.38,42.0
21565,51.48,10.81,42.0
21566,47.47,7.71,42.0
21567,49.69,6.25,42.0
21568,49.44,6.67,42.0
21569,53.0,21.05,42.0
21570,46.46,11.11,42.0
21571,44.16,4.0,42.0
21572,49.07,2.7,42.0
21573,51.52,14.81,42.0
21574,49.06,2.43,42.0
21575,47.2,2.7,42.0
21576,52.2,7.14,42.0
21577,50.69,9.68,42.0
21578,48.18,7.41,42.0
21579,52.0,4.76,42.0
21580,54.76,16.67,42.0
21581,51.72,7.14,42.0
21582,55.41,4.71,42.0
21583,42.11,16.67,42.0
21584,54.67,6.61,42.0
21585,50.49,14.56,42.0
21586,49.11,15.71,42.0
21587,49.25,17.65,42.0
21588,47.3,0.0,42.0
21589,47.52,7.69,42.0
21590,50.34,11.29,42.0
21591,49.78,27.27,42.0
21592,51.95,11.11,42.0
21593,40.51,20.0,42.0
21594,48.72,9.09,42.0
21595,50.68,7.14,42.0
21596,52.64,16.28,42.0
21597,52.83,12.5,42.0
21598,47.06,11.76,42.0
21599,50.62,7.08,42.0
21600,54.4,18.18,42.0
21601,47.9,38.46,42.0
21602,50.0,0.0,42.0
21603,54.22,10.7,42.0
21604,46.97,17.65,42.0
21605,51.79,15.0,42.0
21606,50.55,11.74,42.0
21607,53.23,6.52,42.0
21608,44.66,12.5,42.0
21609,50.08,10.87,42.0
21610,48.78,6.25,42.0
21611,53.17,10.13,42.0
21612,49.43,0.0,42.0
21613,50.98,0.0,42.0
21614,45.76,20.45,42.0
21615,50.12,0.0,42.0
21616,48.47,8.0,42.0
21617,53.39,18.91,42.0
21618,49.72,13.46,42.0
21619,49.08,31.82,42.0
21620,47.8,0.0,42.0
21622,48.97,9.09,42.0
21623,49.05,10.4,42.0
21624,48.95,6.67,42.0
21625,45.68,0.0,42.0
21626,45.0,50.0,42.0
21627,47.37,12.5,42.0
21628,61.82,0.0,42.0
21629,46.63,4.0,42.0
21630,51.85,0.0,42.0
21631,48.21,0.0,42.0
21632,50.75,13.27,42.0
21633,49.61,0.0,42.0
21634,47.74,8.33,42.0
21635,51.92,14.29,42.0
21636,52.76,0.0,42.0
21637,47.2,0.0,42.0
21638,48.58,10.57,42.0
21639,48.85,6.17,42.0
21640,49.5,5.56,42.0
21641,46.85,4.65,42.0
21642,47.42,5.13,42.0
21643,46.79,7.84,42.0
21644,45.18,10.0,42.0
21645,48.82,12.7,42.0
21646,50.76,0.0,42.0
21647,46.46,0.0,42.0
21648,52.06,18.75,42.0
21649,42.55,0.0,42.0
21650,47.62,18.75,42.0
21651,50.67,17.39,42.0
21652,51.82,3.33,42.0
21653,42.86,14.29,42.0
21655,53.27,9.12,42.0
21656,49.78,7.08,42.0
21657,51.11,38.56,42.0
21659,45.24,11.76,42.0
21660,43.4,0.0,42.0
21661,51.35,16.25,42.0
21662,45.45,33.33,42.0
21663,52.36,4.94,42.0
21664,51.61,14.29,42.0
21665,50.0,4.76,42.0
21666,44.68,20.0,42.0
21667,49.13,13.82,42.0
21669,50.0,33.33,42.0
21670,47.35,7.41,42.0
21671,42.0,0.0,42.0
21672,46.43,0.0,42.0
21673,52.09,4.55,42.0
21674,43.58,8.7,42.0
21675,47.37,33.33,42.0
21676,47.3,4.03,42.0
21677,44.86,0.0,42.0
21678,48.55,5.26,42.0
21679,44.96,0.0,42.0
21680,47.83,9.26,42.0
21681,47.66,0.0,42.0
21682,49.84,18.18,42.0
21683,46.77,9.06,42.0
21684,51.7,20.84,42.0
21685,48.6,8.33,42.0
21686,49.31,23.08,42.0
21687,50.34,0.0,42.0
21688,46.9,6.76,42.0
21689,53.57,25.0,42.0
21690,55.34,0.0,42.0
21691,53.11,4.65,42.0
21692,48.5,18.52,42.0
21693,50.72,0.0,42.0
21694,45.83,0.0,42.0
21695,54.72,16.67,42.0
21696,46.34,8.33,42.0
21698,51.34,7.69,42.0
21699,48.92,8.82,42.0
21700,47.52,20.0,42.0
21701,46.83,0.0,42.0
21702,47.98,19.05,42.0
21703,35.0,25.0,42.0
21704,52.0,8.33,42.0
21705,49.25,0.0,42.0
21706,46.9,11.11,42.0
21707,47.57,0.0,42.0
21708,48.28,22.5,42.0
21709,52.22,0.0,42.0
21710,52.64,12.9,42.0
21711,47.0,6.67,42.0
21712,53.73,0.0,42.0
21713,46.67,6.82,42.0
21714,51.67,2.73,42.0
21715,46.91,9.09,42.0
21716,48.54,25.0,42.0
21717,45.55,3.54,42.0
22001,49.45,11.11,42.0
22002,51.47,8.95,42.0
22003,51.8,7.5,42.0
22004,51.05,6.32,42.0
22005,53.73,10.84,42.0
22006,45.94,12.5,42.0
22008,52.4,10.39,42.0
22009,50.0,6.67,42.0
22011,48.77,4.86,42.0
22012,48.36,2.53,42.0
22013,52.17,5.5,42.0
22014,50.12,7.76,42.0
22015,49.27,5.46,42.0
22016,48.71,0.0,42.0
22018,49.63,4.17,42.0
22019,49.22,1.92,42.0
22020,53.15,10.66,42.0
22021,49.26,5.88,42.0
22023,47.75,6.45,42.0
22024,48.07,4.55,42.0
22025,53.83,6.4,42.0
22026,50.42,7.14,42.0
22028,48.51,10.1,42.0
22029,51.52,0.0,42.0
22030,48.75,9.09,42.0
22031,47.26,0.0,42.0
22032,51.44,5.32,42.0
22033,50.4,0.0,42.0
22034,49.3,10.53,42.0
22035,49.95,7.78,42.0
22036,47.39,11.11,42.0
22037,48.67,2.7,42.0
22039,52.27,7.14,42.0
22040,50.56,7.14,42.0
22041,50.83,4.16,42.0
22042,50.32,9.8,42.0
22044,50.05,10.5,42.0
22045,48.87,4.76,42.0
22046,49.73,5.47,42.0
22047,51.81,9.47,42.0
22048,50.38,9.15,42.0
22049,54.75,8.58,42.0
22050,54.19,14.8,42.0
22052,47.94,5.88,42.0
22053,52.49,6.82,42.0
22054,53.75,9.44,42.0
22055,53.47,19.35,42.0
22056,51.94,11.58,42.0
22057,49.24,8.56,42.0
22059,50.03,3.64,42.0
22060,47.38,1.69,42.0
22061,48.13,7.08,42.0
22062,50.0,7.41,42.0
22063,49.25,3.96,42.0
22064,59.67,4.76,42.0
22065,49.87,4.85,42.0
22067,53.33,8.42,42.0
22068,48.39,0.0,42.0
22069,51.38,5.88,42.0
22070,54.63,11.13,42.0
22071,51.62,11.29,42.0
22072,45.34,0.0,42.0
22073,47.97,9.09,42.0
22074,48.32,3.92,42.0
22075,49.01,0.0,42.0
22076,48.61,10.34,42.0
22077,50.16,3.64,42.0
22079,50.46,2.71,42.0
22081,51.04,12.21,42.0
22082,49.87,14.46,42.0
22083,46.61,1.67,42.0
22084,50.84,6.33,42.0
22085,51.98,12.52,42.0
22086,50.02,10.71,42.0
22087,47.65,1.67,42.0
22088,48.99,4.17,42.0
22090,49.81,10.59,42.0
22091,50.25,7.26,42.0
22092,49.75,0.0,42.0
22093,52.01,11.25,42.0
22094,52.99,18.78,42.0
22095,52.0,13.33,42.0
22096,51.42,0.0,42.0
22097,49.67,2.82,42.0
22098,50.54,7.43,42.0
22099,48.49,7.41,42.0
22101,48.82,6.49,42.0
22103,52.1,15.17,42.0
22104,50.14,0.0,42.0
22105,50.6,2.4,42.0
22106,52.88,14.86,42.0
22107,51.15,4.86,42.0
22108,48.36,16.67,42.0
22109,50.2,9.09,42.0
22110,49.39,16.67,42.0
22111,49.15,3.57,42.0
22112,48.84,5.41,42.0
22113,50.42,23.46,42.0
22114,49.25,2.86,42.0
22115,48.6,0.0,42.0
22116,46.62,3.11,42.0
22117,50.86,5.73,42.0
22118,53.62,12.14,42.0
22119,48.39,10.78,42.0
22121,53.33,7.64,42.0
22122,49.99,0.0,42.0
22124,46.51,4.17,42.0
22126,46.1,6.25,42.0
22127,53.12,15.67,42.0
22128,49.16,0.0,42.0
22129,50.0,33.33,42.0
22131,51.97,6.62,42.0
22132,50.62,0.0,42.0
22133,50.46,7.94,42.0
22134,52.48,29.55,42.0
22135,49.71,7.21,42.0
22136,50.68,8.34,42.0
22137,50.54,5.15,42.0
22138,46.99,0.0,42.0
22139,44.0,16.67,42.0
22140,50.9,18.84,42.0
22141,51.48,4.76,42.0
22143,54.48,4.31,42.0
22144,52.74,10.77,42.0
22145,50.06,2.67,42.0
22146,49.89,5.71,42.0
22147,52.29,5.1,42.0
22148,51.14,11.76,42.0
22149,50.32,5.41,42.0
22150,49.59,9.78,42.0
22152,53.25,13.78,42.0
22153,52.62,15.39,42.0
22155,49.01,3.54,42.0
22156,49.56,3.13,42.0
22157,49.92,5.08,42.0
22158,51.98,6.47,42.0
22160,51.91,8.78,42.0
22161,55.27,15.65,42.0
22162,55.53,12.84,42.0
22163,49.06,3.17,42.0
22164,50.13,5.11,42.0
22165,48.45,1.59,42.0
22166,53.86,13.92,42.0
22168,54.3,22.75,42.0
22169,48.69,18.75,42.0
22170,49.73,7.01,42.0
22171,51.67,6.75,42.0
22172,53.09,6.47,42.0
22174,48.04,8.99,42.0
22175,52.38,6.85,42.0
22176,50.81,5.85,42.0
22177,50.56,12.8,42.0
22178,50.53,12.15,42.0
22179,52.31,8.58,42.0
22180,51.44,6.67,42.0
22181,50.59,4.65,42.0
22182,49.26,8.76,42.0
22183,50.25,5.06,42.0
22184,51.12,3.36,42.0
22185,51.0,3.04,42.0
22186,54.46,25.32,42.0
22187,52.45,20.13,42.0
22188,49.3,8.33,42.0
22189,45.38,1.65,42.0
22190,51.03,6.61,42.0
22193,50.13,9.74,42.0
22194,55.16,12.24,42.0
22195,52.59,4.65,42.0
22196,48.86,7.5,42.0
22197,51.28,11.81,42.0
22198,50.8,19.94,42.0
22199,50.63,2.15,42.0
22201,50.79,10.64,42.0
22202,49.78,7.35,42.0
22203,51.52,6.02,42.0
22204,50.37,8.57,42.0
22205,50.21,2.94,42.0
22206,52.55,7.73,42.0
22207,53.17,11.83,42.0
22208,49.98,6.95,42.0
22209,52.77,9.66,42.0
22210,52.61,19.09,42.0
22211,51.03,18.06,42.0
22212,51.64,3.81,42.0
22213,51.27,17.65,42.0
22214,52.31,9.42,42.0
22215,52.26,8.34,42.0
22216,46.74,7.84,42.0
22217,51.17,0.0,42.0
22218,51.3,9.59,42.0
22219,49.0,6.57,42.0
22220,50.16,4.82,42.0
22221,50.92,7.63,42.0
22222,53.84,13.6,42.0
22223,50.78,9.29,42.0
22224,51.74,9.78,42.0
22225,52.34,7.77,42.0
22226,51.29,13.57,42.0
22227,48.72,6.33,42.0
22228,48.72,4.27,42.0
22229,49.44,3.26,42.0
22231,48.57,0.0,42.0
22232,51.29,4.32,42.0
22233,51.51,9.24,42.0
22234,49.7,5.22,42.0
22235,52.97,4.55,42.0
22236,51.02,1.64,42.0
22237,50.23,4.78,42.0
22238,52.16,8.7,42.0
22239,53.38,8.95,42.0
22240,48.53,6.12,42.0
22241,49.15,3.41,42.0
22242,52.21,4.46,42.0
22243,50.37,2.49,42.0
22244,49.17,5.26,42.0
22245,49.14,2.11,42.0
22246,49.92,7.5,42.0
22248,53.76,7.31,42.0
22249,49.63,1.76,42.0
22250,54.06,4.53,42.0
22251,52.35,15.88,42.0
22254,50.58,6.25,42.0
22255,49.34,6.67,42.0
22256,49.61,5.43,42.0
22257,50.0,10.0,42.0
22258,50.56,5.77,42.0
22259,53.32,9.56,42.0
22260,51.27,2.63,42.0
22261,48.7,0.0,42.0
22262,53.88,12.11,42.0
22263,52.39,3.0,42.0
22264,49.83,10.89,42.0
22265,49.33,12.74,42.0
22266,53.14,10.59,42.0
22267,48.9,5.0,42.0
22268,49.72,6.04,42.0
22269,50.18,5.88,42.0
22271,47.39,5.56,42.0
22272,52.71,12.18,42.0
22273,51.18,6.38,42.0
22274,50.44,8.57,42.0
22275,47.75,3.33,42.0
22276,49.04,9.52,42.0
22277,50.9,4.7,42.0
22278,53.55,15.36,42.0
22279,47.76,3.19,42.0
22280,51.2,11.24,42.0
22281,49.55,4.08,42.0
22282,53.72,10.7,42.0
22283,52.32,5.88,42.0
22284,48.33,12.92,42.0
22285,48.02,4.53,42.0
22286,48.28,17.5,42.0
22287,51.5,6.71,42.0
22288,45.7,2.63,42.0
22289,46.29,0.0,42.0
22291,49.94,5.66,42.0
22293,49.6,0.0,42.0
22294,49.55,4.34,42.0
22295,50.16,10.34,42.0
22296,51.32,0.0,42.0
22299,50.01,6.87,42.0
22300,48.01,7.32,42.0
22302,53.91,10.2,42.0
22304,53.11,5.56,42.0
22305,49.34,8.7,42.0
22306,48.64,13.46,42.0
22307,49.8,6.87,42.0
22308,48.42,4.82,42.0
22310,51.59,12.82,42.0
22311,49.74,5.5,42.0
22312,50.24,5.26,42.0
22313,48.91,8.57,42.0
22314,49.37,2.37,42.0
22315,47.94,7.41,42.0
22316,47.17,16.67,42.0
22317,51.47,3.7,42.0
22318,51.38,10.71,42.0
22319,51.12,13.51,42.0
22320,50.6,13.33,42.0
22321,51.55,6.32,42.0
22322,47.26,10.81,42.0
22323,50.59,8.82,42.0
22324,52.2,17.03,42.0
22325,54.23,12.65,42.0
22326,46.83,2.08,42.0
22327,50.37,10.49,42.0
22328,45.98,2.68,42.0
22330,43.37,2.33,42.0
22331,49.46,0.0,42.0
22332,47.07,13.4,42.0
22333,52.54,5.97,42.0
22334,51.22,0.0,42.0
22335,44.54,0.0,42.0
22337,49.2,2.82,42.0
22338,49.44,6.76,42.0
22339,50.39,12.0,42.0
22340,50.04,11.61,42.0
22341,49.86,2.86,42.0
22342,50.34,6.38,42.0
22343,52.94,25.0,42.0
22344,51.51,9.09,42.0
22345,48.23,4.23,42.0
22346,49.9,6.98,42.0
22347,51.22,13.44,42.0
22348,47.07,10.43,42.0
22349,50.86,16.13,42.0
22350,50.93,13.33,42.0
22351,49.79,6.98,42.0
22352,49.54,4.35,42.0
22353,52.02,20.5,42.0
22354,48.78,4.3,42.0
22356,50.81,12.09,42.0
22358,48.57,5.17,42.0
22359,52.8,10.26,42.0
22360,53.49,11.16,42.0
22361,51.52,6.37,42.0
22362,57.98,9.55,42.0
22363,52.42,26.97,42.0
22364,52.84,7.93,42.0
22365,49.06,11.73,42.0
22366,50.46,8.57,42.0
22368,49.97,5.06,42.0
22369,50.62,12.86,42.0
22370,47.43,7.24,42.0
22371,47.75,3.28,42.0
22372,52.34,10.3,42.0
22373,49.06,0.0,42.0
22375,50.25,10.34,42.0
22376,49.58,3.25,42.0
22377,50.72,10.71,42.0
22378,49.43,5.0,42.0
22379,51.88,16.68,42.0
22380,48.26,15.33,42.0
22381,48.73,10.0,42.0
22383,44.71,16.67,42.0
22384,50.71,3.37,42.0
22385,51.41,19.36,42.0
22386,50.05,5.8,42.0
22387,50.77,6.52,42.0
22388,49.85,5.13,42.0
22389,50.94,8.92,42.0
22390,47.97,6.78,42.0
22391,49.09,2.83,42.0
23001,51.22,4.39,42.0
23002,54.36,4.54,42.0
23003,47.97,0.0,42.0
23004,48.07,12.9,42.0
23005,53.77,0.0,42.0
23006,49.76,25.0,42.0
23007,50.37,8.7,42.0
23008,54.84,8.57,42.0
23009,48.91,0.0,42.0
23010,54.62,11.11,42.0
23011,49.08,0.0,42.0
23012,49.18,11.11,42.0
23013,55.08,7.06,42.0
23014,44.55,16.67,42.0
23015,53.42,8.11,42.0
23016,50.55,11.76,42.0
23017,47.31,11.11,42.0
23018,51.34,5.26,42.0
23019,43.33,50.0,42.0
23020,56.86,7.69,42.0
23021,56.3,13.37,42.0
23022,50.23,0.0,42.0
23024,51.06,23.22,42.0
23025,53.7,7.24,42.0
23026,46.36,4.76,42.0
23027,49.16,5.48,42.0
23028,44.44,18.18,42.0
23029,49.27,0.0,42.0
23030,53.74,2.4,42.0
23031,55.37,4.8,42.0
23032,48.74,5.08,42.0
23033,49.67,4.31,42.0
23034,45.16,33.33,42.0
23035,52.14,4.26,42.0
23036,51.67,5.71,42.0
23037,43.66,40.0,42.0
23038,48.86,13.04,42.0
23039,50.46,9.0,42.0
23040,50.32,4.76,42.0
23041,50.37,0.0,42.0
23042,48.0,0.0,42.0
23043,47.42,10.0,42.0
23044,47.56,0.0,42.0
23045,55.38,14.29,42.0
23046,49.38,0.0,42.0
23047,51.33,10.34,42.0
23048,50.51,3.06,42.0
23049,50.59,13.64,42.0
23050,51.2,33.33,42.0
23051,52.56,15.38,42.0
23052,48.43,8.33,42.0
23053,48.02,5.0,42.0
23054,50.0,0.0,42.0
23055,37.93,0.0,42.0
23056,46.12,10.0,42.0
23057,51.98,0.0,42.0
23058,47.62,0.0,42.0
23059,48.0,0.0,42.0
23060,51.45,0.0,42.0
23061,52.74,1.69,42.0
23062,50.1,0.0,42.0
23063,48.39,14.29,42.0
23064,50.99,8.19,42.0
23065,51.38,13.26,42.0
23066,48.97,6.25,42.0
23067,51.78,6.3,42.0
23068,50.24,8.71,42.0
23069,52.19,6.9,42.0
23070,49.08,9.09,42.0
23071,52.43,0.0,42.0
23072,50.9,20.0,42.0
23073,49.63,3.12,42.0
23074,50.53,0.0,42.0
23075,55.81,8.76,42.0
23076,53.14,3.09,42.0
23077,47.54,11.76,42.0
23078,50.0,12.5,42.0
23079,49.84,9.98,42.0
23080,52.78,0.0,42.0
23081,48.0,0.0,42.0
23082,52.77,10.71,42.0
23083,52.73,0.0,42.0
23084,51.75,0.0,42.0
23086,52.15,0.0,42.0
23087,52.66,4.0,42.0
23088,55.75,0.0,42.0
23089,50.51,5.45,42.0
23090,46.6,17.57,42.0
23091,44.92,0.0,42.0
23092,48.41,9.23,42.0
23093,53.1,5.11,42.0
23095,49.92,9.52,42.0
23096,53.19,13.48,42.0
23097,45.59,10.71,42.0
23098,52.63,0.0,42.0
23099,51.0,3.86,42.0
23100,52.22,8.82,42.0
23101,51.81,5.0,42.0
23102,47.19,3.85,42.0
23103,51.68,7.31,42.0
23104,51.41,5.56,42.0
23105,53.45,2.15,42.0
23106,48.35,7.26,42.0
23107,47.1,12.5,42.0
23108,46.15,0.0,42.0
23109,47.23,0.0,42.0
23110,49.02,0.0,42.0
23111,49.17,0.0,42.0
23112,51.85,8.67,42.0
23113,46.07,3.24,42.0
23114,50.67,5.71,42.0
23115,49.13,5.26,42.0
23116,51.99,2.36,42.0
23117,50.7,3.33,42.0
23118,48.02,5.88,42.0
23119,41.3,0.0,42.0
23120,45.99,0.0,42.0
23122,57.14,20.0,42.0
23123,51.37,0.0,42.0
23124,53.74,7.5,42.0
23125,48.91,0.0,42.0
23127,45.45,4.35,42.0
23128,52.54,8.33,42.0
23129,57.69,0.0,42.0
23130,50.8,2.3,42.0
23131,52.84,1.56,42.0
23132,50.81,17.14,42.0
23133,53.51,11.11,42.0
23134,54.84,7.69,42.0
23136,50.9,3.85,42.0
23137,50.86,4.88,42.0
23138,49.07,0.0,42.0
23139,46.81,13.04,42.0
23140,50.35,9.52,42.0
23141,51.38,3.7,42.0
23142,50.18,13.33,42.0
23143,48.85,10.88,42.0
23144,49.69,0.0,42.0
23145,47.9,4.17,42.0
23146,45.53,31.69,42.0
23147,51.96,0.0,42.0
23148,45.6,0.0,42.0
23149,47.23,9.81,42.0
23150,49.67,0.0,42.0
23151,48.86,2.51,42.0
23152,43.28,0.0,42.0
23154,49.81,7.53,42.0
23155,51.11,6.06,42.0
23156,54.22,0.0,42.0
23157,44.79,0.0,42.0
23158,51.33,0.0,42.0
23159,48.53,6.67,42.0
23160,47.94,2.97,42.0
23162,47.85,5.99,42.0
23164,51.14,0.0,42.0
23165,55.41,6.0,42.0
23166,51.04,0.0,42.0
23167,55.91,3.7,42.0
23168,52.25,11.41,42.0
23169,51.35,9.88,42.0
23170,44.55,19.05,42.0
23171,44.44,9.09,42.0
23172,50.0,0.0,42.0
23173,47.48,0.0,42.0
23174,51.86,0.0,42.0
23175,50.0,33.33,42.0
23176,53.39,9.25,42.0
23177,47.95,9.89,42.0
23178,46.43,0.0,42.0
23179,47.52,3.87,42.0
23180,50.55,7.27,42.0
23181,46.84,20.27,42.0
23182,49.69,5.26,42.0
23183,53.76,12.5,42.0
23184,43.48,0.0,42.0
23185,47.32,10.53,42.0
23186,51.95,18.18,42.0
23187,52.15,4.76,42.0
23188,48.28,0.0,42.0
23189,49.36,10.37,42.0
23190,52.15,0.0,42.0
23191,49.44,5.0,42.0
23192,51.06,6.56,42.0
23193,51.2,13.06,42.0
23194,52.85,12.5,42.0
23195,51.15,5.77,42.0
23196,48.62,9.09,42.0
23197,49.51,13.79,42.0
23198,43.36,7.69,42.0
23199,47.16,12.53,42.0
23200,48.8,12.5,42.0
23201,46.48,5.88,42.0
23202,43.31,8.33,42.0
23203,52.53,10.0,42.0
23204,52.44,5.88,42.0
23205,50.69,0.0,42.0
23206,49.65,9.72,42.0
23207,43.64,0.0,42.0
23208,46.77,14.77,42.0
23209,45.24,7.69,42.0
23210,51.11,14.29,42.0
23211,50.04,6.03,42.0
23212,48.0,23.08,42.0
23213,43.22,0.0,42.0
23214,50.0,8.33,42.0
23215,49.01,0.0,42.0
23216,46.36,20.0,42.0
23217,50.61,0.0,42.0
23218,47.22,0.0,42.0
23219,51.69,8.33,42.0
23220,50.25,14.82,42.0
23221,49.95,0.0,42.0
23222,52.41,7.69,42.0
23223,54.42,0.0,42.0
23224,48.61,0.0,42.0
23225,47.66,11.11,42.0
23226,53.99,7.14,42.0
23227,46.92,0.0,42.0
23228,49.75,0.0,42.0
23229,52.2,0.0,42.0
23230,47.27,0.0,42.0
23232,49.32,8.33,42.0
23233,50.42,0.0,42.0
23234,46.0,0.0,42.0
23235,51.87,10.0,42.0
23236,49.05,0.0,42.0
23237,52.73,0.0,42.0
23238,47.83,3.01,42.0
23239,53.2,4.14,42.0
23240,49.39,0.0,42.0
23241,46.56,10.53,42.0
23242,48.19,3.85,42.0
23243,46.62,0.0,42.0
23244,51.11,4.19,42.0
23245,50.66,7.91,42.0
23246,52.93,0.0,42.0
23247,50.43,6.85,42.0
23248,49.14,19.01,42.0
23249,50.68,0.0,42.0
23250,49.16,4.0,42.0
23251,48.33,0.0,42.0
23252,47.53,0.0,42.0
23253,51.81,0.0,42.0
23254,48.01,10.5,42.0
23255,46.31,0.0,42.0
23257,50.98,0.0,42.0
23258,50.1,26.92,42.0
23259,51.67,0.0,42.0
23260,45.03,9.09,42.0
23261,49.32,0.0,42.0
23262,52.44,6.67,42.0
23263,49.45,8.95,42.0
23264,53.19,0.0,42.0
23265,53.06,0.0,42.0
23266,46.01,7.14,42.0
24001,50.71,10.26,42.0
24002,52.63,3.75,42.0
24004,48.67,12.5,42.0
24005,52.1,9.38,42.0
24006,47.61,12.53,42.0
24007,51.2,7.14,42.0
24008,52.34,7.84,42.0
24009,52.22,0.0,42.0
24010,51.11,10.13,42.0
24011,50.93,14.23,42.0
24012,47.45,10.0,42.0
24014,49.48,6.9,42.0
24015,51.42,13.33,42.0
24016,51.76,7.16,42.0
24018,47.63,9.8,42.0
24019,51.26,7.89,42.0
24020,51.06,8.45,42.0
24021,51.54,6.45,42.0
24022,51.9,0.0,42.0
24023,49.3,9.1,42.0
24024,51.16,0.0,42.0
24025,51.15,7.69,42.0
24026,50.77,9.76,42.0
24027,48.37,2.85,42.0
24028,51.56,6.33,42.0
24029,49.67,2.66,42.0
24030,51.27,1.89,42.0
24031,51.62,3.7,42.0
24032,51.79,0.0,42.0
24034,48.85,4.24,42.0
24035,54.46,7.31,42.0
24036,55.37,15.38,42.0
24037,54.78,10.81,42.0
24038,49.8,6.82,42.0
24039,52.03,5.26,42.0
24040,49.47,6.67,42.0
24042,48.93,8.22,42.0
24043,47.13,0.0,42.0
24045,48.96,10.53,42.0
24046,51.82,0.0,42.0
24048,50.99,7.41,42.0
24050,46.88,3.33,42.0
24051,52.79,0.0,42.0
24052,51.24,10.0,42.0
24053,50.99,7.8,42.0
24054,47.36,17.46,42.0
24055,52.13,15.67,42.0
24056,52.01,0.0,42.0
24057,59.72,0.0,42.0
24058,54.24,0.0,42.0
24059,48.91,3.23,42.0
24060,49.12,14.29,42.0
24061,57.26,6.9,42.0
24062,50.89,0.0,42.0
24063,48.48,0.0,42.0
24064,51.76,9.45,42.0
24066,50.38,0.0,42.0
24067,52.59,5.77,42.0
24068,53.63,6.29,42.0
24069,48.32,2.94,42.0
24070,52.62,10.78,42.0
24071,49.2,0.0,42.0
24073,48.77,3.12,42.0
24074,51.2,4.55,42.0
24075,50.86,6.45,42.0
24076,50.26,10.44,42.0
24077,45.04,0.0,42.0
24080,58.09,12.18,42.0
24081,49.12,8.7,42.0
24082,53.67,8.12,42.0
24083,49.51,5.88,42.0
24084,51.04,0.0,42.0
24085,51.01,6.25,42.0
24086,48.73,13.04,42.0
24087,51.8,3.56,42.0
24088,47.12,8.0,42.0
24090,48.81,4.26,42.0
24091,51.3,6.8,42.0
24094,47.04,7.69,42.0
24095,50.61,4.88,42.0
24096,53.21,10.12,42.0
24097,51.61,0.0,42.0
24098,52.67,21.51,42.0
24100,51.12,5.56,42.0
24101,48.45,4.35,42.0
24102,51.89,10.65,42.0
24104,50.9,6.8,42.0
24105,47.45,13.33,42.0
24106,51.27,12.01,42.0
24107,51.01,2.9,42.0
24108,49.38,13.59,42.0
24109,49.02,6.67,42.0
24110,55.36,0.0,42.0
24111,48.65,0.0,42.0
24113,52.38,25.0,42.0
24114,52.44,20.0,42.0
24115,51.91,6.7,42.0
24116,46.2,9.09,42.0
24117,47.85,4.71,42.0
24119,52.91,0.0,42.0
24120,50.99,17.31,42.0
24121,56.52,0.0,42.0
24122,51.72,0.0,42.0
24123,52.94,12.5,42.0
24124,54.49,13.33,42.0
24126,50.55,13.04,42.0
24128,55.15,0.0,42.0
24129,54.35,5.56,42.0
24130,52.61,4.88,42.0
24131,50.63,0.0,42.0
24132,48.8,16.67,42.0
24133,54.93,3.24,42.0
24134,49.65,4.08,42.0
24135,48.48,9.84,42.0
24136,48.67,7.69,42.0
24137,51.9,13.33,42.0
24138,52.54,12.15,42.0
24139,50.27,8.5,42.0
24140,51.55,5.63,42.0
24141,49.49,0.0,42.0
24142,51.34,5.31,42.0
24143,49.57,11.11,42.0
24144,48.08,0.0,42.0
24145,52.13,5.6,42.0
24146,52.41,5.88,42.0
24147,50.87,13.07,42.0
24148,51.11,0.0,42.0
24150,50.52,7.5,42.0
24151,47.06,37.5,42.0
24152,52.14,7.24,42.0
24153,50.6,6.82,42.0
24154,48.91,7.69,42.0
24155,47.37,12.5,42.0
24156,49.87,5.93,42.0
24157,52.01,0.0,42.0
24158,48.83,0.0,42.0
24159,52.03,0.0,42.0
24160,49.58,6.14,42.0
24161,46.34,0.0,42.0
24162,48.76,5.0,42.0
24163,46.67,0.0,42.0
24164,54.23,3.61,42.0
24165,53.56,2.44,42.0
24167,52.68,9.23,42.0
24168,50.73,6.98,42.0
24171,47.75,4.0,42.0
24172,51.46,8.12,42.0
24174,50.75,7.14,42.0
24175,49.83,3.85,42.0
24176,56.76,25.0,42.0
24177,50.37,4.76,42.0
24179,51.63,7.64,42.0
24180,49.66,13.04,42.0
24182,51.63,7.96,42.0
24183,55.77,17.39,42.0
24184,47.65,9.09,42.0
24186,53.78,6.67,42.0
24188,52.26,4.44,42.0
24189,49.18,4.0,42.0
24190,49.6,3.85,42.0
24191,52.07,22.73,42.0
24192,51.65,25.0,42.0
24193,49.38,9.8,42.0
24194,51.89,6.43,42.0
24195,51.89,0.0,42.0
24196,49.52,3.13,42.0
24197,51.45,6.15,42.0
24199,51.33,4.35,42.0
24200,48.49,6.39,42.0
24202,52.0,33.33,42.0
24205,51.3,7.75,42.0
24206,44.76,0.0,42.0
24207,50.43,11.67,42.0
24208,50.41,0.0,42.0
24209,49.59,5.56,42.0
24210,53.61,7.59,42.0
24211,51.4,9.09,42.0
24212,55.1,13.83,42.0
24213,50.88,10.53,42.0
24214,52.5,6.55,42.0
24215,50.0,0.0,42.0
24216,48.03,6.27,42.0
24217,51.63,0.0,42.0
24218,49.42,4.9,42.0
24220,49.7,2.88,42.0
24221,39.93,10.0,42.0
24222,52.4,6.53,42.0
24223,54.26,5.64,42.0
24224,49.62,6.86,42.0
24225,50.71,5.38,42.0
24226,51.56,8.05,42.0
24227,54.56,1.91,42.0
24228,53.06,13.29,42.0
24229,50.85,2.36,42.0
24230,46.15,0.0,42.0
24231,51.0,0.0,42.0
24232,48.24,0.0,42.0
24234,47.61,5.13,42.0
24236,50.62,10.58,42.0
24237,51.01,12.53,42.0
24238,53.28,33.33,42.0
24240,47.0,4.5,42.0
24241,50.7,0.0,42.0
24242,51.45,12.5,42.0
24243,49.94,7.46,42.0
24244,59.14,18.18,42.0
24245,51.17,12.5,42.0
24246,50.26,11.43,42.0
24247,49.69,13.04,42.0
24248,49.83,3.17,42.0
24251,49.96,8.01,42.0
24252,52.95,4.19,42.0
24253,51.6,9.81,42.0
24254,50.54,11.36,42.0
24255,50.91,16.0,42.0
24256,51.36,6.6,42.0
24257,52.01,5.26,42.0
24259,51.44,7.91,42.0
24260,30.22,8.82,42.0
24261,52.57,14.03,42.0
24262,48.45,0.0,42.0
24263,47.84,4.35,42.0
24264,50.03,5.0,42.0
24266,50.03,6.22,42.0
24267,52.0,21.05,42.0
24268,50.85,7.69,42.0
24269,51.54,5.62,42.0
24271,49.05,5.71,42.0
24272,50.91,2.33,42.0
24273,49.56,6.4,42.0
24274,50.59,15.49,42.0
24276,51.13,11.76,42.0
24277,48.0,4.17,42.0
24278,48.19,0.0,42.0
24279,56.45,33.33,42.0
24280,51.13,10.53,42.0
24281,50.0,0.0,42.0
24282,51.18,6.67,42.0
24284,45.26,7.69,42.0
24285,54.96,16.13,42.0
24286,52.92,8.39,42.0
24287,47.24,0.0,42.0
24288,50.27,3.19,42.0
24289,51.39,6.92,42.0
24290,51.59,7.69,42.0
24291,53.45,10.29,42.0
24292,52.59,3.12,42.0
24293,51.87,10.34,42.0
24294,53.68,7.49,42.0
24295,51.34,12.02,42.0
24296,52.81,8.99,42.0
24297,51.35,2.9,42.0
24299,54.2,7.97,42.0
24300,50.02,5.56,42.0
24301,50.56,9.36,42.0
24302,50.45,3.24,42.0
24303,53.85,41.67,42.0
24304,50.55,8.6,42.0
24305,52.42,17.65,42.0
24306,46.47,7.69,42.0
24307,49.58,0.0,42.0
24308,52.0,9.34,42.0
24309,47.75,6.85,42.0
24311,52.52,9.24,42.0
24312,51.4,12.62,42.0
24313,48.98,0.0,42.0
24316,48.06,6.64,42.0
24317,46.7,0.0,42.0
24318,51.28,3.99,42.0
24319,47.51,0.0,42.0
24320,51.8,1.75,42.0
24321,50.56,7.32,42.0
24322,53.44,13.95,42.0
24323,45.45,0.0,42.0
24324,49.64,2.21,42.0
24325,51.76,4.22,42.0
24326,52.06,20.0,42.0
24327,55.75,36.36,42.0
24328,53.86,8.43,42.0
24329,50.35,2.02,42.0
24330,54.08,17.86,42.0
24331,49.73,10.14,42.0
24334,49.52,10.0,42.0
24335,53.4,9.94,42.0
24336,50.2,3.18,42.0
24337,48.23,0.0,42.0
24338,49.78,5.41,42.0
24339,53.8,8.33,42.0
24340,52.75,9.57,42.0
24341,51.83,12.22,42.0
24345,48.87,11.11,42.0
24346,50.18,3.27,42.0
24347,41.55,0.0,42.0
24348,55.9,3.79,42.0
24349,53.52,8.61,42.0
24350,51.46,8.65,42.0
24351,51.75,7.41,42.0
24352,52.95,8.79,42.0
24353,48.68,10.34,42.0
24354,52.05,4.1,42.0
24355,52.29,13.04,42.0
24356,51.61,7.53,42.0
24357,48.87,5.71,42.0
24359,53.92,12.5,42.0
24360,47.79,13.04,42.0
24361,48.29,4.76,42.0
24362,50.06,3.74,42.0
24364,52.31,5.18,42.0
24365,47.09,7.41,42.0
24366,50.94,7.14,42.0
24367,53.7,0.0,42.0
24370,52.29,3.87,42.0
24371,49.89,12.0,42.0
24372,53.11,9.56,42.0
24373,49.6,9.98,42.0
24374,50.63,10.81,42.0
24375,49.69,6.67,42.0
24376,54.09,7.14,42.0
24377,47.02,0.0,42.0
24378,53.01,11.11,42.0
24379,50.52,8.57,42.0
24380,49.77,5.57,42.0
24381,52.58,5.26,42.0
24382,50.2,4.11,42.0
24383,46.45,5.0,42.0
24384,43.75,0.0,42.0
24385,48.92,0.0,42.0
24386,50.33,11.76,42.0
24388,49.29,11.98,42.0
24390,52.2,3.33,42.0
24392,49.25,3.85,42.0
24393,48.86,0.0,42.0
24394,47.22,30.0,42.0
24395,50.86,13.79,42.0
24396,52.97,4.8,42.0
24397,53.31,6.25,42.0
24398,52.53,7.4,42.0
24399,48.65,0.0,42.0
24401,50.49,0.0,42.0
24403,54.17,20.0,42.0
24404,48.88,16.67,42.0
24405,47.49,0.0,42.0
24406,61.49,0.0,42.0
24407,47.92,9.52,42.0
24408,49.31,16.17,42.0
24409,52.64,11.58,42.0
24410,51.16,8.82,42.0
24411,47.02,12.5,42.0
24412,51.85,4.73,42.0
24413,50.36,0.0,42.0
24414,55.15,12.29,42.0
24415,51.69,26.92,42.0
24416,50.0,14.29,42.0
24417,51.53,4.88,42.0
24418,51.77,5.71,42.0
24419,48.99,6.06,42.0
24420,51.02,0.0,42.0
24421,52.28,17.65,42.0
24422,49.25,25.0,42.0
24423,48.87,6.16,42.0
24424,50.79,16.67,42.0
24425,51.35,8.85,42.0
24426,54.04,0.0,42.0
24428,51.93,14.0,42.0
24429,49.95,4.17,42.0
24432,51.29,1.85,42.0
24434,46.43,8.33,42.0
24436,50.59,10.0,42.0
24437,50.29,4.48,42.0
24438,52.71,11.76,42.0
24441,47.3,14.29,42.0
24442,53.09,3.8,42.0
24443,55.58,15.56,42.0
24444,52.98,9.09,42.0
24445,52.08,0.0,42.0
24446,49.12,0.0,42.0
24448,50.1,5.41,42.0
24449,50.0,4.88,42.0
24450,50.71,2.63,42.0
24451,52.29,3.69,42.0
24452,50.0,0.0,42.0
24453,52.07,6.25,42.0
24454,49.58,10.01,42.0
24455,50.52,8.22,42.0
24456,53.2,12.5,42.0
24457,47.83,15.38,42.0
24458,48.7,3.57,42.0
24459,47.08,4.03,42.0
24460,50.73,6.98,42.0
24461,51.31,4.69,42.0
24462,53.61,6.67,42.0
24463,50.17,8.33,42.0
24464,47.36,0.0,42.0
24465,53.36,0.0,42.0
24466,50.08,2.99,42.0
24468,49.31,5.56,42.0
24470,48.5,4.76,42.0
24471,49.42,2.16,42.0
24472,48.77,9.76,42.0
24473,51.85,2.87,42.0
24474,50.63,0.0,42.0
24476,49.69,6.67,42.0
24477,53.4,4.35,42.0
24478,53.4,8.33,42.0
24479,52.39,12.82,42.0
24480,48.35,16.67,42.0
24481,48.91,3.45,42.0
24482,52.37,0.0,42.0
24483,49.3,0.0,42.0
24484,51.73,6.25,42.0
24485,47.6,2.33,42.0
24486,51.91,4.17,42.0
24487,50.79,4.9,42.0
24488,51.78,5.71,42.0
24489,51.08,5.56,42.0
24490,51.03,6.35,42.0
24491,49.84,14.29,42.0
24492,44.74,0.0,42.0
24493,50.54,0.0,42.0
24494,48.82,14.88,42.0
24495,48.08,0.0,42.0
24496,49.72,3.45,42.0
24498,52.13,4.62,42.0
24499,51.87,5.41,42.0
24500,49.32,0.0,42.0
24501,50.98,4.65,42.0
24502,53.33,0.0,42.0
24504,50.0,13.04,42.0
24505,50.58,7.41,42.0
24507,48.72,0.0,42.0
24508,51.72,15.79,42.0
24509,49.11,1.75,42.0
24510,51.82,8.33,42.0
24511,50.02,11.76,42.0
24512,49.38,4.35,42.0
24513,50.75,12.9,42.0
24514,48.34,5.26,42.0
24515,42.5,5.31,42.0
24516,52.5,13.04,42.0
24517,45.21,25.0,42.0
24518,46.96,3.57,42.0
24519,47.99,7.84,42.0
24520,53.4,7.42,42.0
24521,50.45,8.67,42.0
24522,51.27,2.92,42.0
24523,52.1,9.76,42.0
24524,48.85,18.75,42.0
24525,53.0,0.0,42.0
24526,50.49,3.49,42.0
24527,53.86,5.32,42.0
24528,48.39,0.0,42.0
24529,48.5,0.0,42.0
24531,52.43,24.27,42.0
24532,51.13,7.69,42.0
24533,49.33,0.0,42.0
24534,51.97,8.24,42.0
24535,53.04,19.05,42.0
24536,50.8,3.13,42.0
24537,48.84,7.69,42.0
24538,50.68,6.75,42.0
24540,49.33,12.18,42.0
24541,51.96,0.0,42.0
24542,48.65,15.38,42.0
24543,50.09,4.12,42.0
24544,51.85,4.55,42.0
24545,50.0,0.0,42.0
24546,44.44,0.0,42.0
24547,52.35,7.13,42.0
24548,48.54,0.0,42.0
24549,39.28,11.63,42.0
24550,53.27,2.17,42.0
24551,53.33,4.98,42.0
24552,50.37,0.0,42.0
24553,54.28,8.56,42.0
24554,54.69,5.1,42.0
24555,51.94,17.0,42.0
24557,53.99,12.89,42.0
24558,49.95,2.52,42.0
24559,47.05,13.33,42.0
24560,48.72,14.29,42.0
24562,50.54,21.0,42.0
24563,50.9,6.9,42.0
24564,50.18,8.69,42.0
24565,50.24,2.43,42.0
24566,53.04,0.0,42.0
24567,49.68,17.86,42.0
24568,51.39,1.95,42.0
24569,50.37,0.0,42.0
24570,53.85,28.57,42.0
24571,52.69,8.22,42.0
24572,52.36,5.32,42.0
24573,52.58,6.72,42.0
24574,53.85,3.57,42.0
24575,50.0,4.76,42.0
24576,48.3,0.0,42.0
24577,51.43,9.0,42.0
24580,46.08,5.56,42.0
24581,51.58,3.08,42.0
24582,51.78,3.33,42.0
24584,51.62,8.27,42.0
24585,53.71,3.78,42.0
24586,50.73,13.89,42.0
24587,52.28,8.52,42.0
25001,51.09,20.0,42.0
25002,50.88,10.0,42.0
25003,49.22,7.64,42.0
25004,49.89,9.58,42.0
25005,46.67,0.0,42.0
25006,50.0,0.0,42.0
25007,47.62,0.0,42.0
25008,51.14,6.98,42.0
25009,53.8,5.0,42.0
25011,48.49,13.76,42.0
25012,44.77,0.0,42.0
25013,48.1,36.0,42.0
25014,49.56,18.39,42.0
25015,51.77,3.03,42.0
25016,47.4,5.26,42.0
25017,46.51,9.09,42.0
25018,49.53,10.06,42.0
25019,51.29,7.85,42.0
25020,51.38,11.03,42.0
25021,50.41,11.89,42.0
25022,52.06,10.23,42.0
25024,50.18,10.4,42.0
25025,51.45,5.56,42.0
25026,45.55,0.0,42.0
25029,47.51,3.77,42.0
25030,49.31,8.89,42.0
25031,51.81,7.34,42.0
25032,50.35,4.55,42.0
25033,49.74,9.52,42.0
25035,52.72,21.52,42.0
25036,53.6,20.35,42.0
25038,51.33,14.29,42.0
25039,51.26,5.49,42.0
25040,49.94,4.62,42.0
25041,45.58,2.25,42.0
25042,52.76,3.57,42.0
25043,51.99,17.72,42.0
25044,46.67,25.0,42.0
25045,45.71,0.0,42.0
25046,50.63,12.5,42.0
25047,53.59,12.32,42.0
25048,50.02,14.84,42.0
25049,50.41,5.56,42.0
25050,47.85,11.32,42.0
25051,48.87,3.35,42.0
25052,45.57,0.0,42.0
25053,52.08,0.0,42.0
25054,49.27,14.03,42.0
25055,47.29,14.29,42.0
25056,52.98,19.64,42.0
25057,51.25,6.78,42.0
25058,50.36,18.46,42.0
25059,46.91,6.9,42.0
25060,49.76,11.73,42.0
25061,49.07,0.0,42.0
25062,49.13,12.12,42.0
25063,52.14,11.29,42.0
25065,53.57,50.0,42.0
25066,49.33,0.0,42.0
25067,47.89,15.0,42.0
25070,49.42,2.63,42.0
25071,51.98,8.7,42.0
25072,57.14,33.33,42.0
25073,50.9,21.09,42.0
25074,49.82,6.97,42.0
25075,49.47,8.62,42.0
25077,47.25,0.0,42.0
25078,50.32,13.88,42.0
25079,47.71,4.76,42.0
25082,50.01,4.44,42.0
25083,52.38,13.33,42.0
25084,51.9,14.67,42.0
25085,47.98,5.0,42.0
25086,52.22,16.67,42.0
25087,42.94,9.52,42.0
25088,50.0,42.86,42.0
25089,48.98,10.0,42.0
25090,51.28,0.0,42.0
25091,48.92,6.12,42.0
25092,48.57,0.0,42.0
25093,46.05,16.67,42.0
25094,44.54,11.11,42.0
25095,45.27,17.24,42.0
25096,47.24,10.0,42.0
25097,52.95,32.31,42.0
25098,51.09,12.5,42.0
25099,46.96,11.11,42.0
25100,46.21,8.7,42.0
25101,51.15,13.99,42.0
25102,42.86,0.0,42.0
25103,49.33,11.11,42.0
25104,46.05,0.0,42.0
25105,50.31,9.8,42.0
25106,50.77,0.0,42.0
25107,47.0,14.29,42.0
25108,50.31,3.57,42.0
25109,46.45,11.62,42.0
25110,51.28,9.9,42.0
25111,45.52,16.03,42.0
25112,47.66,18.26,42.0
25113,48.92,0.0,42.0
25114,51.03,0.0,42.0
25115,53.87,7.14,42.0
25116,47.77,4.17,42.0
25117,46.67,20.0,42.0
25119,49.12,6.67,42.0
25120,47.34,9.1,42.0
25121,46.65,12.0,42.0
25122,49.81,3.7,42.0
25124,48.95,0.0,42.0
25125,49.52,6.67,42.0
25126,48.11,9.8,42.0
25127,49.66,5.86,42.0
25129,52.17,0.0,42.0
25131,50.0,0.0,42.0
25132,52.82,23.08,42.0
25133,50.86,21.05,42.0
25136,50.61,16.47,42.0
25138,50.35,0.0,42.0
25139,48.4,5.66,42.0
25141,59.16,0.0,42.0
25142,47.1,2.7,42.0
25143,49.51,23.53,42.0
25145,50.43,0.0,42.0
25147,51.37,18.03,42.0
25148,47.5,11.11,42.0
25149,48.75,18.77,42.0
25150,47.93,32.14,42.0
25151,47.86,20.0,42.0
25152,46.67,7.69,42.0
25153,52.63,6.25,42.0
25154,50.92,3.85,42.0
25155,50.77,17.24,42.0
25156,48.55,6.41,42.0
25157,48.32,5.15,42.0
25159,51.64,6.56,42.0
25160,47.45,8.28,42.0
25161,34.93,0.0,42.0
25162,44.81,0.0,42.0
25163,57.95,12.5,42.0
25164,45.89,0.0,42.0
25166,45.07,22.22,42.0
25170,51.72,20.0,42.0
25171,49.49,0.0,42.0
25172,49.99,3.7,42.0
25173,47.3,0.0,42.0
25174,48.14,0.0,42.0
25175,45.05,0.0,42.0
25176,48.17,12.45,42.0
25177,45.33,0.0,42.0
25178,52.42,7.14,42.0
25179,56.52,0.0,42.0
25180,49.57,0.0,42.0
25181,45.61,16.67,42.0
25182,51.96,0.0,42.0
25183,39.47,0.0,42.0
25184,46.36,11.11,42.0
25185,54.54,0.0,42.0
25186,50.61,20.39,42.0
25187,48.77,8.0,42.0
25188,48.78,17.26,42.0
25189,47.71,9.52,42.0
25190,51.05,9.92,42.0
25191,48.2,16.67,42.0
25192,48.77,14.29,42.0
25193,52.02,7.14,42.0
25194,54.46,0.0,42.0
25195,50.18,22.2,42.0
25196,49.57,15.1,42.0
25197,49.44,15.0,42.0
25198,56.67,6.88,42.0
25199,50.3,0.0,42.0
25200,53.45,21.2,42.0
25201,48.83,8.04,42.0
25202,51.2,0.0,42.0
25203,46.82,14.29,42.0
25204,52.73,6.83,42.0
25207,53.01,19.3,42.0
25208,54.04,12.5,42.0
25209,60.0,8.33,42.0
25210,45.34,40.0,42.0
25211,48.28,0.0,42.0
25212,51.04,23.35,42.0
25213,49.41,9.59,42.0
25214,49.37,10.15,42.0
25215,47.52,0.0,42.0
25216,50.66,0.0,42.0
25217,51.49,4.44,42.0
25218,47.88,23.08,42.0
25219,51.5,10.15,42.0
25220,51.5,12.5,42.0
25221,48.46,0.0,42.0
25222,50.73,10.73,42.0
25223,46.55,6.82,42.0
25224,48.42,15.85,42.0
25225,49.44,5.56,42.0
25226,49.51,0.0,42.0
25227,45.86,11.54,42.0
25228,51.71,13.32,42.0
25229,46.35,5.41,42.0
25230,52.52,12.18,42.0
25231,44.54,0.0,42.0
25232,46.0,30.0,42.0
25233,50.53,3.85,42.0
25234,49.71,0.0,42.0
25235,50.0,6.67,42.0
25236,46.2,12.0,42.0
25237,50.19,12.04,42.0
25238,50.32,8.47,42.0
25239,49.21,0.0,42.0
25240,48.56,13.96,42.0
25241,53.57,5.56,42.0
25242,47.54,10.0,42.0
25243,51.91,3.11,42.0
25244,52.38,18.18,42.0
25245,51.32,16.63,42.0
25246,51.41,4.55,42.0
25247,47.62,0.0,42.0
25248,50.07,3.28,42.0
25249,55.74,0.0,42.0
25251,49.03,21.05,42.0
25252,47.69,15.38,42.0
25253,48.79,18.75,42.0
25254,48.38,4.46,42.0
25255,48.47,18.42,42.0
25256,49.02,6.32,42.0
25257,50.56,17.24,42.0
25258,51.95,15.83,42.0
25259,51.09,2.97,42.0
25261,46.25,0.0,42.0
25262,45.82,3.76,42.0
25263,47.62,9.37,42.0
25264,48.19,0.0,42.0
25265,50.32,13.97,42.0
25266,49.6,10.0,42.0
25267,49.5,25.71,42.0
25268,45.6,0.0,42.0
25269,43.55,0.0,42.0
25270,47.06,33.33,42.0
25271,49.84,8.65,42.0
25273,48.02,0.0,42.0
25274,48.97,8.85,42.0
25275,47.09,5.26,42.0
25276,49.37,15.79,42.0
25277,48.19,25.0,42.0
25278,48.83,7.14,42.0
25279,46.61,7.14,42.0
25280,50.27,8.7,42.0
25281,52.21,10.0,42.0
25283,46.77,16.67,42.0
25284,51.21,5.59,42.0
25285,48.46,10.59,42.0
25286,51.2,7.69,42.0
25287,52.2,18.03,42.0
25288,47.67,9.58,42.0
25289,54.55,0.0,42.0
25290,47.92,0.0,42.0
25293,49.22,6.03,42.0
25295,46.47,12.9,42.0
25296,48.36,6.52,42.0
25298,51.64,4.17,42.0
25299,50.93,7.14,42.0
25300,53.0,3.7,42.0
25301,50.36,6.9,42.0
25304,50.03,5.13,42.0
25305,47.82,11.12,42.0
25306,50.0,0.0,42.0
25307,48.36,16.82,42.0
25308,48.23,8.51,42.0
25309,50.73,9.73,42.0
25310,52.04,0.0,42.0
25311,49.16,15.79,42.0
25312,52.38,0.0,42.0
25313,46.84,0.0,42.0
25314,49.37,3.85,42.0
25315,52.92,5.71,42.0
25316,50.21,16.67,42.0
25317,52.06,10.0,42.0
25318,48.64,13.31,42.0
25320,50.13,4.96,42.0
25321,49.2,14.1,42.0
25322,49.16,21.04,42.0
25323,50.86,7.68,42.0
25324,45.28,12.5,42.0
25325,44.83,11.76,42.0
25326,49.03,12.24,42.0
25327,41.43,12.5,42.0
25328,52.47,20.83,42.0
25329,46.67,0.0,42.0
25330,47.18,0.0,42.0
25331,51.05,3.57,42.0
25332,49.51,11.67,42.0
25333,48.49,14.12,42.0
25334,51.18,4.54,42.0
25335,51.32,12.66,42.0
25336,49.27,19.58,42.0
25338,50.57,0.0,42.0
25339,49.85,4.76,42.0
25340,50.26,23.53,42.0
25341,50.0,0.0,42.0
25342,39.74,0.0,42.0
25343,50.31,0.0,42.0
25344,51.35,0.0,42.0
25345,50.21,22.54,42.0
25346,51.19,11.76,42.0
25348,47.15,10.91,42.0
25349,49.37,7.41,42.0
25350,50.31,13.75,42.0
25351,50.65,0.0,42.0
25354,44.23,7.69,42.0
25355,48.39,0.0,42.0
25356,52.24,6.53,42.0
25357,49.15,8.43,42.0
25359,46.88,0.0,42.0
25360,46.85,29.41,42.0
25361,48.68,22.1,42.0
25362,47.55,6.9,42.0
25364,51.55,15.87,42.0
25365,50.31,0.0,42.0
25366,47.75,11.54,42.0
25367,51.29,5.95,42.0
25368,51.15,13.13,42.0
25369,48.67,0.0,42.0
25370,51.65,12.31,42.0
25371,51.39,10.53,42.0
25372,48.94,15.38,42.0
25373,40.0,0.0,42.0
25374,53.33,8.0,42.0
25375,50.61,15.6,42.0
25376,47.06,6.67,42.0
25377,50.43,21.74,42.0
25378,51.78,11.54,42.0
25379,53.52,0.0,42.0
25380,44.79,4.28,42.0
25381,51.84,24.36,42.0
25382,48.78,16.84,42.0
25383,48.84,11.11,42.0
25384,41.77,10.0,42.0
25385,53.17,0.0,42.0
25386,50.0,0.0,42.0
25387,47.45,14.21,42.0
25388,51.46,14.54,42.0
25389,43.48,0.0,42.0
25390,48.06,8.26,42.0
25391,51.78,9.52,42.0
25392,46.63,16.67,42.0
25393,49.36,9.26,42.0
25394,50.04,13.16,42.0
25395,50.68,27.74,42.0
25397,53.79,16.3,42.0
25400,51.82,4.76,42.0
25401,46.15,0.0,42.0
25402,50.0,50.0,42.0
25403,48.31,12.68,42.0
25404,42.86,0.0,42.0
25405,48.38,15.46,42.0
25406,50.89,12.94,42.0
25408,53.57,0.0,42.0
25410,52.77,12.81,42.0
25411,50.43,10.34,42.0
25413,50.89,3.64,42.0
25414,46.97,11.76,42.0
25415,46.54,9.09,42.0
25416,47.83,9.52,42.0
25417,49.01,6.49,42.0
25418,49.92,22.83,42.0
25419,46.81,0.0,42.0
25420,49.09,23.81,42.0
25421,56.57,0.0,42.0
25422,48.82,10.0,42.0
25424,49.98,5.48,42.0
25425,50.13,6.45,42.0
25426,49.17,0.0,42.0
25427,52.15,11.63,42.0
25428,51.19,15.17,42.0
25429,48.25,10.74,42.0
25430,48.89,0.0,42.0
25431,51.09,7.14,42.0
25432,49.06,6.81,42.0
25433,36.59,0.0,42.0
25434,51.64,8.98,42.0
25435,50.84,0.0,42.0
25436,45.9,0.0,42.0
25437,52.44,8.82,42.0
25438,51.17,8.02,42.0
25439,49.56,5.88,42.0
25440,46.2,2.86,42.0
25441,37.31,0.0,42.0
25442,50.0,5.81,42.0
25443,38.98,12.5,42.0
25444,51.77,26.67,42.0
25445,47.97,0.0,42.0
25446,41.88,4.76,42.0
25447,48.8,9.38,42.0
25448,51.42,23.68,42.0
25449,48.87,0.0,42.0
25450,48.84,18.18,42.0
25451,47.13,11.11,42.0
25452,50.42,12.2,42.0
25453,51.13,5.83,42.0
25454,51.26,17.37,42.0
25455,48.99,5.88,42.0
25456,48.88,0.0,42.0
25457,50.45,0.0,42.0
25458,48.13,3.16,42.0
25459,47.9,16.67,42.0
25460,48.39,15.94,42.0
25461,48.66,6.67,42.0
25462,50.91,10.6,42.0
25463,52.6,8.92,42.0
25464,46.9,0.0,42.0
25465,51.92,5.56,42.0
25466,50.86,12.94,42.0
25467,51.8,24.58,42.0
25468,49.25,11.39,42.0
25469,47.29,10.87,42.0
25470,53.8,0.0,42.0
25471,48.92,0.0,42.0
25472,45.16,0.0,42.0
25473,48.98,18.06,42.0
25474,48.57,18.18,42.0
25475,52.09,9.84,42.0
25476,50.74,0.0,42.0
25477,52.62,24.87,42.0
25478,49.06,0.0,42.0
25479,48.55,9.9,42.0
25481,48.21,12.12,42.0
25482,50.09,10.61,42.0
25483,48.0,0.0,42.0
25485,47.09,4.35,42.0
25486,50.22,13.04,42.0
25487,51.22,40.0,42.0
25488,54.21,0.0,42.0
25489,50.97,4.55,42.0
25490,52.82,15.17,42.0
25491,52.88,7.14,42.0
25492,49.48,12.5,42.0
25493,49.86,2.96,42.0
25494,46.8,8.98,42.0
25495,52.15,10.16,42.0
25496,45.45,0.0,42.0
25497,48.55,9.79,42.0
25498,45.24,0.0,42.0
25499,46.02,38.46,42.0
25500,44.66,0.0,42.0
25501,52.63,0.0,42.0
25502,49.31,10.2,42.0
25503,55.17,0.0,42.0
25504,45.68,0.0,42.0
25505,50.13,3.28,42.0
25506,47.25,10.0,42.0
25507,40.23,0.0,42.0
25508,49.38,12.39,42.0
25510,48.89,10.78,42.0
25511,52.06,3.27,42.0
25512,49.46,7.44,42.0
25513,40.43,50.0,42.0
25514,47.57,11.11,42.0
25515,48.96,7.14,42.0
25516,46.77,0.0,42.0
25517,46.51,4.0,42.0
25518,43.31,6.41,42.0
25519,47.77,7.14,42.0
25520,46.56,0.0,42.0
25521,51.9,27.27,42.0
25522,44.75,13.33,42.0
25523,49.92,16.67,42.0
25524,48.87,14.77,42.0
25525,49.34,11.54,42.0
25526,52.51,18.25,42.0
25527,52.73,11.11,42.0
25528,48.65,10.0,42.0
25529,52.57,10.17,42.0
25532,53.41,16.43,42.0
25534,49.0,13.64,42.0
25535,49.34,12.0,42.0
25536,48.94,16.67,42.0
25537,45.03,8.94,42.0
25538,52.14,0.0,42.0
25539,51.84,10.28,42.0
25540,48.87,14.81,42.0
25541,52.02,4.95,42.0
25542,51.11,24.86,42.0
25544,47.69,5.56,42.0
25545,53.49,7.69,42.0
25546,52.0,0.0,42.0
25547,48.68,6.19,42.0
25548,48.46,0.0,42.0
25550,50.2,0.0,42.0
25551,53.73,0.0,42.0
25552,50.43,0.0,42.0
25553,48.35,6.25,42.0
25554,55.12,0.0,42.0
25555,51.32,16.63,42.0
25556,59.57,40.0,42.0
25557,49.39,41.97,42.0
25558,49.93,16.71,42.0
25559,51.17,13.64,42.0
25560,52.84,21.19,42.0
25561,52.59,10.81,42.0
25562,47.78,15.0,42.0
25563,51.26,8.33,42.0
25564,51.22,9.26,42.0
25565,51.69,14.81,42.0
25566,47.27,0.0,42.0
25567,48.72,0.0,42.0
25569,47.61,11.77,42.0
25570,60.71,0.0,42.0
25571,47.74,3.92,42.0
25572,51.43,28.57,42.0
25573,33.33,0.0,42.0
25574,50.99,0.0,42.0
25575,50.32,22.37,42.0
25578,47.51,7.49,42.0
25579,48.41,13.04,42.0
25580,51.34,8.7,42.0
25582,48.59,5.88,42.0
25583,43.66,8.7,42.0
25584,51.54,10.0,42.0
25586,49.65,14.41,42.0
25588,46.15,0.0,42.0
25589,47.3,0.0,42.0
25590,43.75,0.0,42.0
25591,48.3,7.14,42.0
25592,46.21,7.35,42.0
25594,50.71,10.53,42.0
25595,43.16,0.0,42.0
25596,52.31,0.0,42.0
25597,52.74,0.0,42.0
25598,49.7,8.01,42.0
25599,50.78,3.57,42.0
25600,46.12,10.0,42.0
25601,48.23,8.62,42.0
25602,47.46,14.29,42.0
25604,47.58,14.29,42.0
25605,50.6,6.98,42.0
25607,49.02,0.0,42.0
25608,50.56,6.25,42.0
25609,51.01,14.63,42.0
25611,51.01,20.08,42.0
25612,50.37,10.14,42.0
25613,46.81,10.0,42.0
25614,50.07,10.88,42.0
25615,48.18,6.0,42.0
25616,47.88,6.9,42.0
25617,52.16,3.57,42.0
25618,49.29,13.95,42.0
25619,46.78,17.65,42.0
25621,51.34,0.0,42.0
25622,51.29,6.67,42.0
25623,46.48,0.0,42.0
25624,42.55,0.0,42.0
25625,55.1,0.0,42.0
25626,49.12,0.0,42.0
25627,50.51,3.57,42.0
25629,50.52,16.0,42.0
25630,51.25,11.11,42.0
25631,50.09,26.23,42.0
25632,50.57,16.01,42.0
25633,50.51,13.64,42.0
25634,51.87,11.27,42.0
25635,46.99,0.0,42.0
26001,50.9,11.9,42.0
26002,49.25,12.89,42.0
26003,50.0,0.0,42.0
26004,49.56,19.16,42.0
26005,51.35,16.07,42.0
26006,50.87,14.41,42.0
26007,45.87,15.38,42.0
26008,50.53,8.4,42.0
26009,51.34,6.39,42.0
26010,50.21,11.15,42.0
26011,51.23,8.62,42.0
26012,38.71,33.33,42.0
26013,50.68,0.0,42.0
26014,49.83,4.92,42.0
26015,51.39,14.29,42.0
26016,49.29,8.57,42.0
26017,29.41,0.0,42.0
26018,37.5,0.0,42.0
26019,51.35,0.0,42.0
26020,49.42,0.0,42.0
26021,49.34,8.33,42.0
26022,54.95,0.0,42.0
26023,50.88,12.84,42.0
26024,48.63,27.27,42.0
26025,50.0,0.0,42.0
26026,51.32,0.0,42.0
26027,48.03,0.0,42.0
26028,49.34,25.93,42.0
26031,51.6,15.96,42.0
26032,51.74,21.91,42.0
26033,50.86,14.82,42.0
26034,48.98,9.62,42.0
26035,50.51,7.32,42.0
26036,46.6,0.0,42.0
26037,51.75,19.8,42.0
26038,48.27,9.43,42.0
26039,47.95,13.48,42.0
26040,42.68,0.0,42.0
26041,50.28,12.91,42.0
26042,51.84,16.53,42.0
26043,48.94,7.14,42.0
26045,49.79,12.08,42.0
26046,44.16,9.09,42.0
26047,45.82,30.77,42.0
26048,54.39,0.0,42.0
26049,51.62,19.66,42.0
26050,52.63,0.0,42.0
26051,53.42,12.5,42.0
26052,50.44,10.87,42.0
26054,50.04,13.91,42.0
26055,48.37,16.67,42.0
26056,51.36,14.52,42.0
26057,53.31,9.83,42.0
26058,51.11,13.39,42.0
26059,48.06,0.0,42.0
26060,46.71,0.0,42.0
26061,50.77,9.43,42.0
26062,47.06,50.0,42.0
26063,50.81,10.99,42.0
26064,50.82,18.3,42.0
26065,49.65,19.05,42.0
26066,37.14,20.0,42.0
26067,47.46,0.0,42.0
26068,49.76,21.74,42.0
26069,50.41,0.0,42.0
26070,51.58,7.84,42.0
26071,51.4,10.74,42.0
26072,49.84,10.94,42.0
26073,49.12,20.0,42.0
26074,50.44,6.25,42.0
26075,36.0,0.0,42.0
26076,35.48,0.0,42.0
26077,49.06,19.23,42.0
26078,51.23,10.13,42.0
26079,49.24,21.62,42.0
26080,40.05,0.0,42.0
26081,47.62,14.29,42.0
26082,50.95,0.0,42.0
26083,54.84,14.62,42.0
26084,50.33,15.8,42.0
26085,49.51,9.01,42.0
26086,50.76,12.96,42.0
26087,49.11,14.27,42.0
26088,51.88,11.69,42.0
26089,49.18,33.33,42.0
26090,50.0,0.0,42.0
26091,41.86,0.0,42.0
26092,48.99,6.21,42.0
26093,49.92,18.64,42.0
26094,50.11,3.57,42.0
26095,50.28,7.21,42.0
26096,49.92,7.77,42.0
26097,49.35,12.9,42.0
26098,50.59,15.79,42.0
26099,49.81,1.85,42.0
26100,46.14,19.74,42.0
26101,48.91,15.38,42.0
26102,48.87,6.67,42.0
26103,50.5,0.0,42.0
26104,43.95,0.0,42.0
26105,54.05,0.0,42.0
26106,48.39,4.63,42.0
26107,50.79,10.52,42.0
26108,53.52,12.87,42.0
26110,49.31,23.73,42.0
26111,51.04,25.0,42.0
26112,49.75,10.0,42.0
26113,53.82,9.89,42.0
26114,54.32,14.17,42.0
26115,48.76,7.02,42.0
26116,50.58,10.48,42.0
26117,44.64,79.17,42.0
26118,49.73,10.46,42.0
26119,50.83,16.47,42.0
26121,48.81,11.0,42.0
26122,49.96,0.0,42.0
26124,51.05,16.34,42.0
26125,50.97,10.96,42.0
26126,51.11,33.33,42.0
26127,53.33,0.0,42.0
26128,40.0,75.0,42.0
26129,50.05,10.19,42.0
26130,33.33,0.0,42.0
26131,52.29,36.36,42.0
26133,49.46,0.0,42.0
26134,46.99,0.0,42.0
26135,50.82,0.0,42.0
26136,39.22,0.0,42.0
26137,51.04,7.14,42.0
26138,52.05,17.05,42.0
26139,52.99,22.68,42.0
26140,48.33,5.63,42.0
26141,46.52,34.62,42.0
26142,44.07,0.0,42.0
26143,50.21,13.25,42.0
26144,51.03,15.79,42.0
26145,50.07,15.61,42.0
26146,51.85,16.15,42.0
26147,40.0,0.0,42.0
26148,50.38,11.24,42.0
26149,51.91,8.33,42.0
26150,54.55,50.0,42.0
26153,47.37,11.11,42.0
26154,54.3,8.33,42.0
26155,49.16,3.28,42.0
26156,50.05,14.92,42.0
26157,50.16,13.51,42.0
26159,57.39,14.29,42.0
26160,52.99,7.61,42.0
26161,45.0,0.0,42.0
26162,49.24,1.22,42.0
26163,47.83,0.0,42.0
26164,49.12,14.29,42.0
26165,51.57,9.59,42.0
26166,51.24,7.01,42.0
26167,51.19,2.56,42.0
26168,50.04,4.77,42.0
26169,49.48,15.08,42.0
26170,49.83,20.27,42.0
26171,47.64,5.56,42.0
26172,50.11,5.71,42.0
26173,51.1,9.76,42.0
26174,47.05,8.93,42.0
26175,53.98,4.76,42.0
26176,49.97,14.84,42.0
26177,48.37,12.41,42.0
26178,50.17,16.67,42.0
26179,49.46,11.73,42.0
26180,51.4,0.0,42.0
26181,48.56,5.26,42.0
26182,52.42,13.66,42.0
26183,50.02,15.18,42.0
26185,48.51,10.2,42.0
26186,48.61,30.0,42.0
26188,50.58,6.17,42.0
26189,51.66,16.67,42.0
26190,51.79,12.5,42.0
26191,49.98,15.72,42.0
26192,50.94,29.03,42.0
26193,50.45,9.3,42.0
26194,50.74,15.25,42.0
26195,50.26,0.0,42.0
26196,51.26,19.05,42.0
26197,51.74,18.1,42.0
26198,52.82,13.48,42.0
26200,54.46,0.0,42.0
26201,47.06,0.0,42.0
26202,47.98,9.52,42.0
26203,44.92,11.56,42.0
26204,50.74,16.71,42.0
26205,55.95,0.0,42.0
26206,49.94,14.78,42.0
26207,50.23,6.9,42.0
26208,50.81,12.39,42.0
26209,34.62,0.0,42.0
26210,46.37,12.73,42.0
26211,51.01,13.06,42.0
26212,50.04,15.0,42.0
26213,49.17,10.29,42.0
26214,45.33,12.5,42.0
26215,49.62,5.61,42.0
26216,51.43,8.11,42.0
26217,47.67,21.05,42.0
26218,51.53,14.12,42.0
26220,55.49,9.99,42.0
26221,47.27,0.0,42.0
26222,50.0,0.0,42.0
26223,48.85,5.77,42.0
26224,52.04,14.29,42.0
26225,51.05,14.55,42.0
26226,54.77,2.72,42.0
26227,70.37,100.0,42.0
26228,40.91,0.0,42.0
26229,51.32,0.0,42.0
26231,50.63,13.54,42.0
26232,50.76,12.7,42.0
26233,50.37,10.31,42.0
26234,49.53,6.72,42.0
26235,51.4,8.48,42.0
26236,55.26,7.14,42.0
26238,54.92,31.82,42.0
26239,49.0,4.67,42.0
26240,48.78,0.0,42.0
26241,44.9,11.11,42.0
26243,50.45,13.06,42.0
26244,54.7,0.0,42.0
26245,33.33,0.0,42.0
26246,50.35,15.38,42.0
26247,49.53,10.53,42.0
26248,49.44,4.55,42.0
26249,50.41,13.43,42.0
26250,50.83,11.58,42.0
26251,47.69,2.56,42.0
26252,52.31,6.22,42.0
26253,50.0,0.0,42.0
26254,52.0,0.0,42.0
26255,51.61,50.0,42.0
26256,47.33,9.09,42.0
26257,51.05,13.64,42.0
26258,49.76,7.32,42.0
26259,50.55,7.69,42.0
26261,50.25,12.5,42.0
26262,47.71,12.5,42.0
26263,44.86,16.67,42.0
26264,48.18,15.15,42.0
26266,39.13,0.0,42.0
26267,53.85,0.0,42.0
26268,47.41,22.22,42.0
26269,44.64,0.0,42.0
26270,48.48,8.33,42.0
26271,51.79,13.0,42.0
26272,49.79,2.7,42.0
26273,49.89,17.24,42.0
26275,49.28,14.74,42.0
26276,47.92,12.18,42.0
26277,52.63,14.29,42.0
26278,52.91,13.04,42.0
26279,48.33,14.29,42.0
26281,52.39,12.0,42.0
26282,48.48,20.83,42.0
26283,41.67,0.0,42.0
26284,50.27,14.29,42.0
26285,50.42,3.42,42.0
26286,58.33,33.33,42.0
26287,51.14,5.92,42.0
26288,48.69,3.35,42.0
26289,51.06,12.59,42.0
26290,46.29,0.0,42.0
26291,50.59,0.0,42.0
26292,53.23,12.5,42.0
26293,49.43,18.52,42.0
26294,49.72,23.07,42.0
26295,50.03,9.47,42.0
26296,48.39,25.0,42.0
26298,50.57,5.23,42.0
26299,52.38,10.2,42.0
26300,38.78,0.0,42.0
26301,52.5,10.97,42.0
26302,48.33,10.01,42.0
26303,45.95,0.0,42.0
26304,48.87,20.0,42.0
26305,50.97,10.28,42.0
26306,47.29,8.7,42.0
26307,52.92,8.4,42.0
26308,48.54,0.0,42.0
26309,51.17,9.52,42.0
26310,53.16,17.65,42.0
26311,49.75,4.88,42.0
26312,51.5,11.71,42.0
26313,51.68,9.08,42.0
26314,45.17,10.04,42.0
26315,47.25,8.33,42.0
26316,51.9,4.76,42.0
26317,53.76,8.57,42.0
26318,51.52,0.0,42.0
26319,50.62,6.74,42.0
26320,48.5,11.11,42.0
26321,50.73,0.0,42.0
26322,53.5,2.58,42.0
26323,49.25,13.68,42.0
26324,53.15,17.83,42.0
26325,50.57,8.17,42.0
26326,47.99,16.91,42.0
26327,48.8,23.53,42.0
26328,48.21,0.0,42.0
26329,50.0,7.69,42.0
26330,51.11,6.02,42.0
26331,46.39,1.39,42.0
26332,50.87,8.72,42.0
26333,53.69,10.18,42.0
26334,51.95,30.0,42.0
26335,50.93,22.73,42.0
26336,50.94,20.29,42.0
26337,51.64,7.23,42.0
26338,51.37,13.57,42.0
26339,50.37,10.77,42.0
26340,52.12,11.76,42.0
26341,50.74,3.91,42.0
26342,49.37,11.43,42.0
26343,51.4,0.0,42.0
26344,49.59,7.89,42.0
26345,51.67,12.5,42.0
26346,46.15,16.0,42.0
26347,51.8,14.26,42.0
26348,50.96,9.23,42.0
26349,47.74,16.13,42.0
26350,51.57,0.0,42.0
26351,62.5,0.0,42.0
26352,49.84,16.0,42.0
26353,48.07,12.07,42.0
26355,48.52,10.3,42.0
26356,58.04,14.29,42.0
26357,53.17,8.29,42.0
26358,50.08,21.48,42.0
26359,66.67,0.0,42.0
26360,51.57,17.64,42.0
26361,52.24,15.38,42.0
26362,52.37,16.51,42.0
26363,46.34,0.0,42.0
26364,47.09,3.38,42.0
26365,50.28,16.67,42.0
26367,50.16,11.94,42.0
26368,48.44,0.0,42.0
26369,46.27,0.0,42.0
26370,49.61,18.18,42.0
26372,45.45,0.0,42.0
26373,48.15,9.09,42.0
26374,59.09,0.0,42.0
26375,54.55,100.0,42.0
26376,46.53,0.0,42.0
26377,52.5,3.6,42.0
26378,51.35,0.0,42.0
26379,51.5,11.28,42.0
26380,49.91,13.46,42.0
26381,51.0,9.52,42.0
26382,48.09,15.79,42.0
27001,50.08,3.7,42.0
27002,48.29,18.75,42.0
27003,49.16,26.03,42.0
27004,49.39,16.0,42.0
27005,48.29,13.45,42.0
27006,47.4,6.67,42.0
27008,49.9,9.59,42.0
27009,53.42,5.66,42.0
27010,51.72,0.0,42.0
27011,49.79,10.57,42.0
27012,47.99,16.27,42.0
27013,51.16,8.16,42.0
27014,48.07,19.38,42.0
27015,49.28,17.54,42.0
27016,52.2,6.84,42.0
27017,51.88,14.48,42.0
27018,50.44,14.23,42.0
27019,48.47,0.0,42.0
27020,51.15,15.43,42.0
27021,47.94,6.67,42.0
27022,51.98,6.89,42.0
27023,51.06,15.86,42.0
27025,49.31,15.91,42.0
27026,46.86,17.0,42.0
27027,50.39,0.0,42.0
27028,44.82,6.67,42.0
27031,50.8,20.46,42.0
27032,49.7,9.4,42.0
27033,47.56,3.12,42.0
27034,50.16,6.67,42.0
27035,51.96,0.0,42.0
27036,50.62,5.66,42.0
27037,51.75,7.49,42.0
27038,50.74,7.14,42.0
27039,50.83,18.18,42.0
27040,51.57,14.58,42.0
27042,53.41,15.38,42.0
27043,49.26,6.89,42.0
27044,50.12,11.54,42.0
27045,49.09,5.8,42.0
27046,46.85,8.33,42.0
27047,45.54,5.15,42.0
27048,48.62,8.7,42.0
27049,49.44,7.2,42.0
27050,51.79,5.45,42.0
27051,52.28,6.09,42.0
27052,49.32,27.27,42.0
27053,47.0,10.0,42.0
27054,56.41,8.51,42.0
27055,47.93,6.25,42.0
27056,54.72,13.12,42.0
27057,51.07,0.0,42.0
27059,49.11,6.25,42.0
27061,50.47,8.18,42.0
27062,48.63,19.66,42.0
27063,52.36,7.69,42.0
27064,52.4,6.11,42.0
27065,51.49,8.63,42.0
27066,48.1,6.06,42.0
27067,49.84,14.95,42.0
27068,49.74,0.0,42.0
27069,51.84,4.69,42.0
27070,49.11,6.47,42.0
27071,46.98,4.35,42.0
27072,48.45,13.89,42.0
27073,49.0,10.28,42.0
27074,49.77,5.88,42.0
27075,47.17,0.0,42.0
27076,51.31,14.58,42.0
27077,51.06,8.24,42.0
27078,48.41,20.69,42.0
27079,49.23,6.67,42.0
27081,52.58,4.17,42.0
27082,51.58,8.06,42.0
27083,48.46,12.0,42.0
27085,48.13,9.38,42.0
27089,50.98,11.91,42.0
27090,50.53,15.6,42.0
27091,47.94,8.57,42.0
27094,53.49,22.22,42.0
27095,48.36,5.09,42.0
27096,49.9,12.12,42.0
27097,49.77,13.46,42.0
27098,47.22,0.0,42.0
27099,49.97,11.94,42.0
27100,48.08,6.0,42.0
27101,50.2,3.92,42.0
27102,50.74,18.0,42.0
27103,53.33,14.12,42.0
27104,50.46,10.36,42.0
27105,51.47,12.69,42.0
27106,50.23,6.24,42.0
27107,50.5,10.14,42.0
27108,52.11,6.45,42.0
27109,48.23,10.53,42.0
27110,48.08,10.91,42.0
27111,47.29,23.81,42.0
27112,53.4,6.22,42.0
27113,45.39,5.56,42.0
27114,50.97,21.62,42.0
27115,48.06,8.63,42.0
27116,52.69,6.56,42.0
27117,51.34,3.57,42.0
27118,51.94,11.74,42.0
27119,53.07,10.74,42.0
27120,50.76,13.51,42.0
27123,46.64,8.1,42.0
27124,48.18,4.17,42.0
27125,48.3,5.19,42.0
27126,49.52,9.65,42.0
27127,49.62,6.75,42.0
27129,49.09,8.93,42.0
27130,51.14,0.0,42.0
27132,50.92,18.18,42.0
27133,49.47,24.04,42.0
27134,48.57,14.81,42.0
27135,50.45,19.23,42.0
27136,48.96,20.02,42.0
27137,50.31,5.0,42.0
27138,47.08,8.57,42.0
27139,46.58,7.14,42.0
27140,49.49,20.41,42.0
27141,42.19,25.0,42.0
27142,48.4,26.14,42.0
27144,49.36,0.0,42.0
27146,48.98,4.76,42.0
27147,52.94,17.74,42.0
27148,47.85,5.37,42.0
27149,53.85,11.11,42.0
27151,50.65,4.76,42.0
27152,48.13,3.28,42.0
27153,53.44,2.7,42.0
27154,50.03,8.0,42.0
27155,51.4,9.09,42.0
27156,50.02,8.49,42.0
27157,49.12,8.07,42.0
27158,49.75,3.9,42.0
27161,51.85,11.53,42.0
27162,53.17,18.18,42.0
27163,49.16,0.0,42.0
27164,47.76,16.67,42.0
27165,53.72,6.5,42.0
27167,49.25,10.94,42.0
27168,50.0,0.0,42.0
27169,48.3,17.79,42.0
27170,54.24,7.77,42.0
27171,50.56,15.4,42.0
27173,43.33,10.0,42.0
27174,48.8,6.47,42.0
27176,51.16,9.09,42.0
27177,50.76,9.23,42.0
27179,51.63,1.49,42.0
27180,50.04,9.37,42.0
27181,48.74,8.06,42.0
27182,48.15,12.5,42.0
27183,51.85,7.83,42.0
27184,48.39,7.69,42.0
27185,50.92,1.92,42.0
27187,49.7,7.14,42.0
27188,50.39,10.64,42.0
27189,51.83,7.55,42.0
27190,50.42,14.29,42.0
27191,50.69,11.6,42.0
27192,51.97,9.68,42.0
27193,50.23,7.44,42.0
27194,50.4,0.0,42.0
27196,52.0,14.2,42.0
27198,51.61,8.26,42.0
27199,50.3,16.13,42.0
27200,48.09,0.0,42.0
27201,48.98,4.35,42.0
27202,45.89,8.16,42.0
27203,48.19,8.86,42.0
27204,51.92,10.71,42.0
27205,48.79,11.36,42.0
27206,51.54,9.52,42.0
27207,50.52,7.85,42.0
27208,53.29,18.18,42.0
27209,48.76,6.45,42.0
27210,47.31,11.36,42.0
27212,49.58,9.09,42.0
27213,50.26,11.45,42.0
27214,54.49,7.14,42.0
27215,49.23,10.26,42.0
27216,48.26,24.23,42.0
27217,48.17,1.82,42.0
27218,50.78,3.88,42.0
27219,47.77,3.57,42.0
27220,46.11,4.91,42.0
27222,49.75,17.65,42.0
27224,47.37,7.77,42.0
27226,53.4,4.76,42.0
27227,48.27,5.97,42.0
27228,50.79,10.71,42.0
27229,53.12,12.97,42.0
27230,52.48,8.5,42.0
27231,50.04,14.63,42.0
27232,49.31,12.2,42.0
27233,49.65,12.82,42.0
27234,48.51,14.67,42.0
27235,51.3,6.67,42.0
27237,52.46,5.56,42.0
27238,50.17,11.11,42.0
27239,51.27,12.82,42.0
27240,55.85,22.73,42.0
27241,48.78,6.25,42.0
27242,50.42,9.9,42.0
27243,49.11,9.21,42.0
27245,51.9,11.11,42.0
27246,52.98,5.66,42.0
27247,46.15,6.25,42.0
27248,50.0,5.0,42.0
27249,49.2,10.62,42.0
27251,50.43,7.28,42.0
27252,50.38,6.25,42.0
27254,49.04,23.89,42.0
27256,47.53,1.69,42.0
27258,50.39,12.0,42.0
27259,50.0,10.0,42.0
27260,47.82,4.92,42.0
27261,49.35,15.0,42.0
27263,49.8,7.28,42.0
27266,49.59,7.81,42.0
27267,45.32,9.09,42.0
27269,50.79,0.0,42.0
27271,47.31,9.38,42.0
27273,49.59,19.51,42.0
27275,50.79,8.47,42.0
27276,50.84,13.33,42.0
27277,49.87,23.61,42.0
27278,48.68,8.65,42.0
27279,53.77,8.33,42.0
27280,34.67,10.45,42.0
27281,54.13,15.38,42.0
27282,48.84,22.73,42.0
27284,53.58,8.17,42.0
27285,51.3,30.19,42.0
27286,50.52,7.5,42.0
27287,50.16,19.1,42.0
27288,50.17,8.77,42.0
27289,48.21,25.0,42.0
27290,50.45,5.02,42.0
27291,46.22,11.76,42.0
27294,51.09,6.14,42.0
27295,51.88,6.82,42.0
27298,47.77,12.12,42.0
27299,52.94,12.85,42.0
27300,50.81,16.28,42.0
27301,50.59,5.93,42.0
27302,48.99,9.92,42.0
27304,44.79,6.25,42.0
27306,49.32,14.89,42.0
27307,49.8,10.64,42.0
27309,48.11,14.0,42.0
27310,50.27,13.95,42.0
27311,54.66,10.13,42.0
27312,48.98,14.29,42.0
27313,49.65,10.0,42.0
27315,54.72,6.9,42.0
27316,51.2,6.5,42.0
27317,49.15,10.64,42.0
27318,50.23,10.0,42.0
27319,46.15,3.57,42.0
27320,48.06,0.0,42.0
27321,50.64,16.67,42.0
27322,51.12,12.72,42.0
27323,50.6,0.0,42.0
27324,51.56,13.86,42.0
27325,48.45,16.67,42.0
27326,50.32,21.21,42.0
27327,51.41,5.0,42.0
27329,47.8,20.25,42.0
27330,51.64,7.69,42.0
27331,48.18,12.24,42.0
27332,49.83,9.21,42.0
27333,47.26,5.88,42.0
27334,53.64,0.0,42.0
27335,47.94,18.27,42.0
27336,54.32,16.67,42.0
27337,48.06,5.55,42.0
27338,50.45,11.24,42.0
27339,50.92,14.1,42.0
27340,49.57,16.0,42.0
27341,51.52,0.0,42.0
27342,45.83,15.38,42.0
27343,50.0,20.29,42.0
27345,47.95,23.53,42.0
27346,47.66,3.57,42.0
27347,51.9,17.85,42.0
27348,51.15,7.78,42.0
27349,49.78,14.11,42.0
27350,52.89,5.95,42.0
27351,50.74,10.87,42.0
27353,50.84,15.69,42.0
27354,52.33,12.27,42.0
27355,51.25,8.45,42.0
27358,50.32,16.13,42.0
27359,50.12,0.0,42.0
27360,49.81,9.68,42.0
27361,47.63,13.51,42.0
27363,45.7,21.05,42.0
27364,49.44,4.55,42.0
27365,51.06,9.22,42.0
27366,49.52,5.26,42.0
27367,50.41,7.96,42.0
27368,55.06,5.41,42.0
27369,54.55,22.22,42.0
27370,47.09,3.45,42.0
27371,50.94,0.0,42.0
27372,47.95,1.69,42.0
27373,50.48,10.0,42.0
27374,52.37,13.33,42.0
27375,52.84,10.65,42.0
27376,44.62,11.11,42.0
27377,53.16,6.67,42.0
27378,51.65,16.29,42.0
27379,48.41,6.44,42.0
27380,50.92,12.5,42.0
27381,51.23,18.18,42.0
27382,46.62,6.9,42.0
27383,49.43,6.06,42.0
27384,49.34,3.85,42.0
27385,49.92,9.15,42.0
27386,51.13,3.97,42.0
27388,47.19,2.15,42.0
27389,49.08,10.64,42.0
27390,49.27,10.29,42.0
27391,50.65,13.21,42.0
27392,50.0,16.67,42.0
27393,50.91,12.0,42.0
27394,49.79,17.65,42.0
27395,45.45,0.0,42.0
27396,50.95,10.64,42.0
27397,51.33,16.87,42.0
27398,52.6,14.16,42.0
27399,42.11,25.0,42.0
27400,53.39,20.09,42.0
27401,47.22,11.11,42.0
27403,50.23,16.73,42.0
27404,41.67,0.0,42.0
27405,52.94,10.0,42.0
27406,50.11,4.08,42.0
27407,48.19,2.86,42.0
27408,48.62,10.34,42.0
27410,49.58,11.67,42.0
27411,48.48,8.7,42.0
27412,50.73,12.82,42.0
27413,53.06,6.45,42.0
27414,51.52,1.69,42.0
27415,48.1,13.19,42.0
27417,49.25,13.85,42.0
27418,50.82,16.67,42.0
27419,49.26,14.73,42.0
27420,46.15,0.0,42.0
27421,50.55,17.26,42.0
27422,52.27,11.23,42.0
27423,50.37,18.04,42.0
27424,52.69,2.94,42.0
27425,50.55,8.23,42.0
27426,49.6,13.79,42.0
27427,50.79,15.79,42.0
27428,55.09,6.06,42.0
27429,55.36,16.67,42.0
27430,52.19,5.71,42.0
27431,55.1,11.36,42.0
27432,47.54,13.21,42.0
27433,48.68,5.88,42.0
27434,44.62,0.0,42.0
27435,52.59,4.17,42.0
27436,49.83,4.76,42.0
27437,48.2,5.35,42.0
27438,51.88,6.73,42.0
27439,51.72,15.73,42.0
27440,52.19,23.85,42.0
27441,47.89,0.0,42.0
27442,48.03,8.06,42.0
27444,45.07,10.0,42.0
27445,57.94,20.05,42.0
27446,49.4,16.0,42.0
27447,50.65,16.95,42.0
27448,53.51,15.14,42.0
27451,52.65,26.94,42.0
27453,51.66,8.81,42.0
27454,50.1,7.74,42.0
27455,44.85,13.33,42.0
27456,49.98,12.26,42.0
27457,50.57,2.54,42.0
27458,50.62,10.86,42.0
27459,49.3,0.0,42.0
27460,49.76,22.22,42.0
27462,48.73,5.88,42.0
27463,49.73,10.61,42.0
27464,48.75,13.58,42.0
27465,52.2,15.56,42.0
27466,49.73,3.23,42.0
27467,54.94,7.55,42.0
27468,52.88,6.0,42.0
27469,53.2,14.76,42.0
27470,49.23,2.59,42.0
27471,46.89,17.39,42.0
27472,50.0,17.24,42.0
27473,49.05,26.19,42.0
27474,48.66,14.6,42.0
27475,46.78,0.0,42.0
27476,48.91,9.46,42.0
27477,49.28,12.68,42.0
27478,50.27,11.12,42.0
27480,48.77,0.0,42.0
27481,51.78,13.89,42.0
27482,51.66,6.67,42.0
27483,47.95,0.0,42.0
27485,49.37,6.02,42.0
27486,50.53,7.35,42.0
27487,50.7,4.41,42.0
27488,46.86,9.52,42.0
27489,49.92,3.72,42.0
27490,49.62,12.0,42.0
27492,49.12,6.45,42.0
27493,52.31,9.46,42.0
27495,51.88,0.0,42.0
27496,46.92,10.34,42.0
27497,49.61,6.3,42.0
27498,49.13,11.11,42.0
27500,51.11,4.26,42.0
27501,47.64,24.0,42.0
27502,53.73,7.19,42.0
27504,49.71,9.23,42.0
27505,50.68,11.11,42.0
27507,52.49,4.35,42.0
27508,50.0,0.0,42.0
27511,50.18,8.57,42.0
27512,49.55,3.33,42.0
27514,51.43,26.09,42.0
27516,51.12,7.96,42.0
27517,50.67,21.24,42.0
27518,47.57,6.76,42.0
27520,50.35,18.18,42.0
27521,51.68,0.0,42.0
27522,48.43,7.66,42.0
27524,48.73,11.76,42.0
27525,46.99,16.67,42.0
27527,50.49,0.0,42.0
27528,54.49,18.28,42.0
27529,49.18,27.5,42.0
27530,49.33,0.0,42.0
27531,49.51,21.74,42.0
27533,48.44,22.32,42.0
27534,50.91,9.32,42.0
27535,53.22,7.89,42.0
27536,48.44,13.72,42.0
27537,51.0,19.05,42.0
27538,52.9,5.77,42.0
27539,50.77,9.76,42.0
27540,47.38,15.38,42.0
27541,49.4,19.04,42.0
27542,49.44,6.17,42.0
27543,50.06,8.64,42.0
27544,53.01,4.76,42.0
27545,52.46,46.15,42.0
27546,47.67,10.53,42.0
27547,51.78,0.0,42.0
27548,49.14,14.41,42.0
27550,48.21,3.9,42.0
27552,53.27,10.0,42.0
27553,50.84,20.45,42.0
27554,50.01,19.54,42.0
27555,50.81,0.0,42.0
27556,46.97,25.0,42.0
27557,50.74,6.06,42.0
27558,49.07,16.67,42.0
27560,52.16,15.62,42.0
27561,48.74,10.77,42.0
27562,51.13,18.95,42.0
27563,49.34,11.23,42.0
27564,50.39,12.5,42.0
27565,49.02,4.9,42.0
27567,47.3,0.0,42.0
27568,48.33,9.2,42.0
27569,51.01,13.8,42.0
27570,51.0,0.0,42.0
27571,48.21,11.76,42.0
27572,50.86,9.37,42.0
27576,47.43,20.0,42.0
27577,48.36,13.95,42.0
27578,50.78,4.08,42.0
27579,56.44,10.0,42.0
27580,50.28,13.25,42.0
27582,51.6,9.63,42.0
27584,48.56,10.34,42.0
27586,52.66,6.25,42.0
27587,51.53,2.82,42.0
27589,49.5,25.42,42.0
27590,45.06,4.35,42.0
27591,49.6,3.58,42.0
27592,51.53,12.51,42.0
27593,49.21,5.16,42.0
27594,44.96,8.0,42.0
27595,52.91,10.23,42.0
27597,49.31,8.66,42.0
27598,50.45,9.69,42.0
27599,51.78,12.96,42.0
27601,48.71,12.08,42.0
27602,53.93,14.81,42.0
27603,49.73,17.65,42.0
27604,50.0,0.0,42.0
27605,52.81,9.09,42.0
27606,50.43,7.32,42.0
27608,48.99,6.7,42.0
27609,48.66,9.48,42.0
27610,49.09,66.67,42.0
27611,53.14,15.04,42.0
27612,52.96,10.0,42.0
27613,51.62,0.0,42.0
27614,51.45,0.0,42.0
27615,49.49,18.75,42.0
27616,49.66,18.6,42.0
27617,47.91,5.47,42.0
27618,47.57,0.0,42.0
27620,47.9,4.35,42.0
27621,48.45,0.0,42.0
27622,52.88,2.23,42.0
27623,49.69,6.9,42.0
27624,51.48,9.09,42.0
27625,47.67,8.82,42.0
27627,47.38,3.57,42.0
27629,52.63,4.32,42.0
27630,51.41,10.34,42.0
27631,48.22,8.11,42.0
27632,50.97,11.32,42.0
27633,51.33,6.25,42.0
27635,48.94,9.52,42.0
27638,50.48,12.98,42.0
27640,47.5,0.0,42.0
27641,48.31,7.41,42.0
27643,53.42,7.37,42.0
27644,48.92,19.17,42.0
27645,51.61,8.33,42.0
27646,49.93,8.16,42.0
27649,50.22,0.0,42.0
27650,49.14,8.64,42.0
27652,51.16,25.0,42.0
27654,47.96,10.26,42.0
27655,49.47,8.97,42.0
27656,50.5,8.07,42.0
27658,47.0,9.38,42.0
27659,48.82,33.33,42.0
27660,47.54,5.88,42.0
27661,48.32,16.0,42.0
27662,51.0,26.92,42.0
27663,46.12,0.0,42.0
27664,47.36,11.74,42.0
27665,51.19,10.77,42.0
27666,45.08,15.31,42.0
27667,50.86,2.7,42.0
27668,49.6,11.31,42.0
27669,49.64,10.81,42.0
27670,50.99,5.05,42.0
27671,47.85,7.69,42.0
27672,51.33,25.0,42.0
27673,48.3,31.25,42.0
27674,47.23,18.18,42.0
27676,52.1,14.98,42.0
27677,48.59,8.82,42.0
27678,50.03,6.42,42.0
27679,53.11,10.23,42.0
27680,44.44,7.14,42.0
27681,52.93,19.09,42.0
27682,49.72,13.9,42.0
27683,50.52,8.33,42.0
27684,52.02,8.42,42.0
27685,50.36,3.66,42.0
27686,35.42,66.67,42.0
27689,50.29,13.08,42.0
27690,48.88,9.68,42.0
27691,48.67,9.88,42.0
27692,43.2,0.0,42.0
27693,49.15,22.94,42.0
27694,51.94,30.5,42.0
27695,45.49,29.03,42.0
27696,49.59,14.77,42.0
27697,47.09,8.75,42.0
27698,50.49,13.21,42.0
27699,53.78,9.09,42.0
27700,49.52,15.79,42.0
27701,48.51,6.54,42.0
28001,50.65,18.72,42.0
28003,46.81,20.0,42.0
28004,49.16,2.94,42.0
28005,46.17,15.79,42.0
28006,51.32,12.31,42.0
28007,52.89,9.25,42.0
28008,48.11,6.25,42.0
28009,46.48,0.0,42.0
28010,47.78,7.43,42.0
28012,50.95,7.49,42.0
28013,48.18,14.57,42.0
28014,51.38,3.17,42.0
28015,50.93,13.44,42.0
28016,39.83,5.56,42.0
28018,49.65,6.08,42.0
28019,52.55,7.69,42.0
28021,49.51,9.55,42.0
28022,47.52,18.06,42.0
28023,47.48,18.54,42.0
28024,50.34,11.18,42.0
28026,50.86,3.57,42.0
28027,53.12,2.22,42.0
28028,50.53,0.0,42.0
28029,47.5,15.08,42.0
28030,46.83,6.67,42.0
28031,50.89,20.49,42.0
28032,49.2,12.2,42.0
28033,49.95,3.51,42.0
28034,49.63,14.77,42.0
28035,49.36,15.71,42.0
28036,51.24,28.57,42.0
28037,48.7,8.82,42.0
28038,53.79,18.18,42.0
28039,50.61,8.52,42.0
28040,50.97,28.95,42.0
28041,52.48,21.74,42.0
28045,49.78,5.26,42.0
28046,49.13,6.49,42.0
28047,49.42,6.71,42.0
28048,50.23,9.45,42.0
28049,50.0,4.76,42.0
28050,47.92,0.0,42.0
28051,51.57,6.47,42.0
28052,51.23,14.66,42.0
28053,49.72,11.54,42.0
28054,50.8,5.93,42.0
28055,48.7,17.1,42.0
28056,50.93,20.48,42.0
28057,50.24,3.77,42.0
28058,50.44,29.73,42.0
28059,53.67,5.29,42.0
28060,51.12,6.9,42.0
28061,54.19,5.74,42.0
28062,50.78,13.54,42.0
28064,50.78,14.82,42.0
28065,50.42,9.09,42.0
28067,53.75,9.09,42.0
28068,48.71,12.24,42.0
28070,50.65,17.41,42.0
28071,49.12,6.81,42.0
28072,51.41,12.5,42.0
28073,48.41,32.26,42.0
28074,49.53,14.44,42.0
28075,52.42,5.0,42.0
28076,49.48,21.13,42.0
28077,53.25,20.0,42.0
28078,45.11,0.0,42.0
28079,45.35,8.0,42.0
28080,52.37,8.33,42.0
28081,49.06,14.29,42.0
28082,49.06,16.67,42.0
28084,51.88,17.91,42.0
28085,53.68,19.17,42.0
28086,45.72,0.0,42.0
28087,48.6,17.39,42.0
28088,50.21,7.26,42.0
28089,55.3,6.58,42.0
28090,55.14,28.57,42.0
28091,49.66,0.0,42.0
28092,50.13,20.0,42.0
28094,50.51,10.0,42.0
28095,50.92,9.05,42.0
28096,51.76,11.67,42.0
28098,50.87,16.52,42.0
28099,50.27,7.7,42.0
28100,50.3,8.7,42.0
28102,48.73,9.09,42.0
28103,51.99,8.53,42.0
28104,50.09,10.89,42.0
28105,46.78,11.56,42.0
28106,48.59,10.87,42.0
28107,47.83,2.7,42.0
28108,48.53,5.26,42.0
28109,51.49,21.88,42.0
28110,51.31,20.67,42.0
28111,50.82,9.27,42.0
28113,50.1,11.99,42.0
28114,49.28,8.33,42.0
28116,53.07,11.0,42.0
28117,50.4,13.04,42.0
28118,49.28,22.5,42.0
28119,47.97,0.0,42.0
28120,48.58,7.41,42.0
28121,41.94,20.0,42.0
28122,50.08,11.97,42.0
28123,50.79,9.52,42.0
28124,48.1,20.99,42.0
28126,48.24,5.56,42.0
28127,50.8,5.54,42.0
28128,50.37,13.89,42.0
28129,47.43,11.84,42.0
28130,48.32,3.23,42.0
28132,48.79,10.31,42.0
28134,52.24,8.95,42.0
28135,51.5,36.67,42.0
28136,44.03,17.65,42.0
28137,48.71,23.02,42.0
28139,51.48,9.52,42.0
28140,53.33,18.12,42.0
28141,48.41,21.05,42.0
28142,43.75,4.76,42.0
28143,51.89,0.0,42.0
28144,50.47,0.0,42.0
28146,49.76,21.74,42.0
28147,49.48,5.09,42.0
28148,45.77,14.71,42.0
28149,48.81,4.4,42.0
28151,42.07,0.0,42.0
28153,49.52,14.29,42.0
28154,51.79,5.96,42.0
28155,52.94,15.79,42.0
28156,48.44,9.09,42.0
28157,49.66,16.67,42.0
28158,50.49,22.55,42.0
28159,47.83,9.09,42.0
28160,51.08,5.06,42.0
28161,49.23,8.7,42.0
28162,45.04,7.23,42.0
28163,51.64,26.09,42.0
28164,48.72,1.3,42.0
28166,49.47,3.13,42.0
28167,49.2,5.4,42.0
28168,51.23,13.55,42.0
28169,51.12,23.08,42.0
28170,49.87,11.5,42.0
28171,54.07,13.31,42.0
28172,49.32,11.84,42.0
28173,50.09,20.0,42.0
28175,45.81,26.67,42.0
28176,49.08,4.41,42.0
28177,49.52,9.84,42.0
28178,50.46,9.94,42.0
28180,49.68,15.37,42.0
28182,48.26,2.51,42.0
28183,48.13,2.87,42.0
28184,49.4,5.26,42.0
28185,47.77,18.29,42.0
28187,46.53,3.03,42.0
28188,48.1,14.15,42.0
28189,45.51,4.55,42.0
28190,46.87,6.38,42.0
28191,49.59,15.07,42.0
28192,48.38,3.23,42.0
28193,56.49,33.33,42.0
28194,49.37,25.58,42.0
28195,49.33,16.22,42.0
28196,52.41,6.84,42.0
28197,45.45,6.25,42.0
28198,50.95,7.89,42.0
28199,51.01,4.21,42.0
28200,51.77,6.52,42.0
28201,51.08,16.84,42.0
28202,50.46,6.93,42.0
28203,50.95,10.77,42.0
28206,50.53,6.67,42.0
28207,49.58,4.17,42.0
28208,49.19,18.11,42.0
28209,51.48,16.48,42.0
28210,47.73,8.33,42.0
28211,46.52,10.24,42.0
28212,47.91,0.0,42.0
28213,53.57,13.85,42.0
28214,52.87,3.7,42.0
28215,45.67,12.5,42.0
28216,53.48,9.52,42.0
28217,51.21,14.29,42.0
28218,52.2,7.08,42.0
28219,47.96,0.0,42.0
28220,53.01,21.04,42.0
28221,42.03,0.0,42.0
28222,49.1,8.11,42.0
28223,51.5,12.8,42.0
28225,48.75,17.74,42.0
28226,47.91,8.82,42.0
28227,51.87,17.84,42.0
28229,53.17,11.73,42.0
28230,50.65,4.51,42.0
28231,50.66,8.7,42.0
28232,52.15,5.66,42.0
28233,48.1,7.02,42.0
28234,51.19,10.42,42.0
28235,50.62,16.19,42.0
28236,50.25,6.14,42.0
28237,49.76,23.53,42.0
28239,49.78,8.7,42.0
28240,50.16,6.87,42.0
28242,49.06,11.11,42.0
28243,51.42,7.69,42.0
28245,47.45,18.19,42.0
28246,51.35,19.61,42.0
28247,48.6,11.29,42.0
28248,48.37,9.09,42.0
28249,52.09,24.56,42.0
28251,50.15,19.2,42.0
28252,48.78,11.11,42.0
28253,48.83,13.33,42.0
28254,48.13,11.34,42.0
28255,48.75,11.76,42.0
28256,51.84,10.8,42.0
28257,50.0,20.0,42.0
28259,49.37,9.92,42.0
28260,42.99,14.29,42.0
28261,46.25,1.92,42.0
28263,49.85,17.44,42.0
28264,51.47,0.0,42.0
28265,49.46,0.0,42.0
28267,49.07,13.73,42.0
28268,55.0,33.33,42.0
28269,51.53,13.46,42.0
28270,49.1,3.7,42.0
28271,49.29,0.0,42.0
28272,52.2,6.02,42.0
28273,49.64,7.14,42.0
28274,50.79,14.81,42.0
28275,48.89,16.15,42.0
28277,50.06,20.82,42.0
28278,53.65,15.79,42.0
28279,52.29,14.12,42.0
28280,53.23,9.44,42.0
28281,48.8,11.9,42.0
28282,47.16,2.27,42.0
28283,47.6,5.72,42.0
28284,47.29,3.23,42.0
28285,50.13,10.53,42.0
28286,47.6,6.78,42.0
28287,52.22,5.43,42.0
28289,50.91,6.76,42.0
28290,49.09,15.15,42.0
28291,48.02,7.27,42.0
28292,49.04,16.67,42.0
28293,49.57,10.75,42.0
28294,52.45,13.2,42.0
28296,49.85,3.45,42.0
28298,50.97,19.61,42.0
28299,50.88,21.43,42.0
28300,50.0,0.0,42.0
28301,49.35,19.11,42.0
28302,51.69,9.41,42.0
28303,50.0,9.09,42.0
28304,48.78,9.52,42.0
28305,47.55,13.79,42.0
28306,46.02,6.25,42.0
28308,49.04,16.0,42.0
28309,51.26,11.5,42.0
28310,46.88,5.0,42.0
28312,55.15,0.0,42.0
28313,49.49,9.09,42.0
28314,45.75,8.33,42.0
28315,38.46,0.0,42.0
28316,48.41,0.0,42.0
28317,49.54,9.68,42.0
28319,48.14,9.88,42.0
28321,51.05,18.6,42.0
28322,50.96,10.87,42.0
28323,49.98,14.81,42.0
28324,48.49,8.89,42.0
28325,50.75,16.03,42.0
28326,44.7,12.77,42.0
28327,48.97,4.35,42.0
28329,46.85,0.0,42.0
28330,47.62,4.55,42.0
28331,47.65,10.94,42.0
28332,49.08,19.52,42.0
28333,48.0,0.0,42.0
28334,52.94,7.07,42.0
28335,48.65,6.45,42.0
28336,53.19,8.33,42.0
28337,50.81,14.24,42.0
28339,51.54,10.0,42.0
28341,48.67,16.0,42.0
28342,49.44,8.6,42.0
28343,49.15,14.29,42.0
28344,47.07,8.7,42.0
28346,50.0,14.29,42.0
28347,50.55,29.11,42.0
28348,52.66,6.58,42.0
28349,52.89,12.0,42.0
28350,48.99,20.0,42.0
28351,48.92,15.38,42.0
28352,50.3,15.24,42.0
28353,49.52,17.95,42.0
28354,46.93,8.28,42.0
28355,50.35,23.33,42.0
28357,50.8,18.34,42.0
28358,48.69,25.02,42.0
28359,51.32,5.74,42.0
28360,48.54,11.83,42.0
28362,46.37,18.18,42.0
28363,49.49,11.71,42.0
28364,48.51,2.63,42.0
28365,51.52,17.78,42.0
28366,49.03,17.65,42.0
28367,50.65,18.92,42.0
28368,47.18,0.0,42.0
28369,51.96,13.85,42.0
28370,48.82,3.92,42.0
28371,49.44,11.65,42.0
28372,50.84,19.3,42.0
28373,53.35,11.17,42.0
28374,52.63,5.17,42.0
28375,48.9,13.33,42.0
28377,48.04,7.47,42.0
28378,50.2,4.26,42.0
28379,50.53,13.73,42.0
28380,48.83,9.22,42.0
28382,49.42,2.97,42.0
28383,48.9,9.06,42.0
28385,49.41,8.89,42.0
28386,48.71,7.03,42.0
28387,54.21,5.0,42.0
28388,50.43,10.68,42.0
28389,48.75,3.08,42.0
28390,46.84,13.16,42.0
28391,51.94,4.56,42.0
28392,43.98,19.05,42.0
28393,48.93,13.52,42.0
28394,50.26,8.41,42.0
28395,49.28,6.9,42.0
28396,49.21,6.9,42.0
28397,52.17,19.49,42.0
28398,49.67,5.04,42.0
28400,51.11,6.25,42.0
28401,49.11,4.17,42.0
28403,51.69,23.31,42.0
28404,51.68,6.62,42.0
28405,49.06,5.21,42.0
28406,47.42,8.94,42.0
28407,46.76,0.0,42.0
28408,49.14,0.0,42.0
28409,47.75,18.64,42.0
28410,52.48,16.0,42.0
28411,52.05,5.26,42.0
28414,50.85,12.5,42.0
28415,49.91,10.22,42.0
28417,48.86,18.6,42.0
28418,50.0,15.38,42.0
28419,46.0,2.64,42.0
28421,51.0,7.32,42.0
28422,51.2,5.66,42.0
28423,48.15,35.86,42.0
28424,50.45,9.29,42.0
28425,51.72,10.17,42.0
28426,48.52,6.12,42.0
29001,50.33,9.09,42.0
29002,51.88,10.77,42.0
29003,54.28,9.01,42.0
29004,50.38,6.5,42.0
29005,50.98,10.46,42.0
29006,53.95,22.96,42.0
29007,49.65,6.67,42.0
29008,48.43,8.0,42.0
29010,44.18,3.59,42.0
29011,52.78,24.46,42.0
29012,43.93,0.0,42.0
29013,47.82,6.67,42.0
29014,49.84,6.09,42.0
29015,52.04,10.98,42.0
29016,49.21,5.81,42.0
29017,49.03,5.85,42.0
29018,51.26,2.94,42.0
29019,51.01,17.68,42.0
29020,50.17,6.35,42.0
29021,50.79,12.42,42.0
29022,53.07,8.4,42.0
29023,54.12,19.63,42.0
29024,52.97,11.52,42.0
29025,50.77,4.76,42.0
29026,51.78,7.19,42.0
29027,52.22,6.8,42.0
29028,54.94,10.05,42.0
29029,47.97,3.15,42.0
29030,51.82,6.44,42.0
29031,51.53,19.47,42.0
29032,51.35,8.44,42.0
29033,53.9,6.57,42.0
29034,50.93,1.92,42.0
29035,49.83,9.01,42.0
29036,50.84,2.08,42.0
29037,53.89,17.28,42.0
29038,48.6,10.09,42.0
29039,53.54,11.82,42.0
29040,53.4,20.68,42.0
29041,50.49,11.76,42.0
29042,50.87,12.2,42.0
29043,52.6,24.02,42.0
29044,43.34,2.84,42.0
29045,49.94,16.52,42.0
29046,53.74,11.26,42.0
29047,50.69,6.63,42.0
29048,49.3,7.69,42.0
29049,50.12,12.92,42.0
29051,51.03,14.77,42.0
29053,53.08,10.26,42.0
29054,49.56,5.88,42.0
29055,52.44,7.39,42.0
29056,50.37,20.23,42.0
29057,50.94,17.01,42.0
29058,52.5,16.23,42.0
29059,50.21,12.62,42.0
29060,50.64,20.85,42.0
29061,51.19,18.6,42.0
29062,47.89,9.48,42.0
29063,52.26,2.5,42.0
29064,53.73,8.11,42.0
29065,51.79,5.32,42.0
29066,49.22,10.41,42.0
29067,51.61,4.4,42.0
29068,49.49,6.19,42.0
29069,51.98,13.98,42.0
29070,50.74,2.13,42.0
29071,47.64,5.8,42.0
29072,53.52,6.28,42.0
29073,49.28,4.17,42.0
29074,49.4,3.88,42.0
29075,50.5,17.96,42.0
29076,49.39,11.67,42.0
29077,49.57,12.6,42.0
29078,49.53,18.62,42.0
29079,50.67,12.22,42.0
29080,50.85,21.79,42.0
29081,53.41,7.14,42.0
29082,51.56,7.07,42.0
29083,48.7,0.0,42.0
29084,48.75,7.14,42.0
29085,52.89,15.38,42.0
29086,49.42,17.48,42.0
29087,51.28,12.31,42.0
29089,51.95,1.25,42.0
29090,49.18,14.81,42.0
29091,49.86,11.18,42.0
29093,48.65,2.95,42.0
29094,49.05,10.53,42.0
29095,49.63,15.17,42.0
29097,48.56,6.48,42.0
29098,49.61,12.63,42.0
29099,49.55,5.29,42.0
29100,52.67,2.4,42.0
29101,51.77,16.18,42.0
29102,47.74,3.81,42.0
29103,53.47,15.31,42.0
29104,45.97,29.17,42.0
29105,51.63,8.58,42.0
29106,48.33,9.9,42.0
29107,51.13,12.68,42.0
29108,50.76,4.92,42.0
29109,50.11,13.68,42.0
29110,50.3,6.52,42.0
29111,49.67,4.39,42.0
29112,49.43,16.05,42.0
29113,53.5,3.86,42.0
29114,48.62,5.12,42.0
29115,49.53,0.0,42.0
29116,51.3,10.53,42.0
29117,51.09,9.79,42.0
29119,48.73,10.67,42.0
29120,46.17,21.57,42.0
29122,48.75,0.0,42.0
29123,47.04,8.43,42.0
29124,53.12,8.36,42.0
29125,48.5,1.37,42.0
29126,48.33,0.0,42.0
29128,43.39,0.0,42.0
29130,50.5,23.0,42.0
29131,49.3,2.18,42.0
29132,52.08,18.95,42.0
29133,52.48,19.81,42.0
29134,52.27,22.39,42.0
29135,53.49,16.26,42.0
29136,49.48,7.13,42.0
29137,50.6,17.89,42.0
29139,47.42,4.69,42.0
29140,50.49,20.58,42.0
29141,48.65,3.71,42.0
29142,47.22,13.04,42.0
29143,49.49,2.15,42.0
29144,50.3,5.8,42.0
29145,50.36,8.18,42.0
29146,49.87,10.29,42.0
29147,50.17,6.73,42.0
29148,48.08,2.16,42.0
29150,52.42,11.64,42.0
29151,51.82,12.71,42.0
29152,49.46,4.48,42.0
29153,51.33,11.29,42.0
29155,52.11,9.61,42.0
29156,49.75,12.35,42.0
29158,53.04,10.03,42.0
29159,51.97,10.99,42.0
29160,51.15,11.02,42.0
29161,51.48,10.48,42.0
29162,49.96,6.96,42.0
29163,51.83,6.57,42.0
29165,51.36,10.24,42.0
29166,49.48,5.56,42.0
29167,48.81,7.81,42.0
29168,50.88,9.59,42.0
29169,49.42,10.96,42.0
29170,50.97,16.32,42.0
29171,51.03,6.17,42.0
29172,52.02,9.59,42.0
29173,49.56,12.24,42.0
29174,51.16,7.79,42.0
29175,51.79,2.66,42.0
29176,51.48,8.92,42.0
29177,50.06,11.83,42.0
29178,51.12,11.27,42.0
29179,49.26,12.88,42.0
29180,50.31,6.66,42.0
29181,48.59,8.52,42.0
29182,48.58,5.13,42.0
29183,50.83,2.63,42.0
29184,49.95,12.15,42.0
29185,52.83,6.72,42.0
29186,52.2,12.3,42.0
29187,46.72,6.08,42.0
29188,51.45,13.47,42.0
29189,52.23,22.96,42.0
29190,51.08,27.45,42.0
29191,50.95,6.25,42.0
29192,50.41,5.88,42.0
29193,50.27,6.56,42.0
29195,51.03,10.62,42.0
29196,49.13,6.64,42.0
29197,52.15,10.27,42.0
29198,49.63,10.47,42.0
29199,50.46,8.61,42.0
29201,48.89,12.95,42.0
29202,49.46,5.33,42.0
29204,49.11,7.54,42.0
29205,50.17,10.62,42.0
29206,50.89,6.76,42.0
29207,51.52,9.52,42.0
29208,47.72,11.4,42.0
29209,48.45,5.03,42.0
29210,50.89,6.96,42.0
29211,49.4,6.12,42.0
29212,49.15,18.81,42.0
29213,48.34,9.24,42.0
29214,49.56,19.35,42.0
29215,52.04,7.59,42.0
29216,51.27,9.64,42.0
29217,53.97,6.71,42.0
29218,55.12,8.85,42.0
29220,54.16,9.53,42.0
29221,51.18,10.33,42.0
29222,47.9,17.99,42.0
29224,50.83,10.62,42.0
29225,51.17,7.28,42.0
29226,50.89,5.08,42.0
29227,48.22,6.53,42.0
29228,53.91,9.32,42.0
29229,49.83,9.4,42.0
29230,50.19,9.42,42.0
29232,52.98,15.4,42.0
29233,52.19,8.22,42.0
29234,49.23,12.3,42.0
29235,52.23,24.68,42.0
29236,51.58,9.73,42.0
29237,49.79,15.15,42.0
29238,48.6,23.02,42.0
29239,53.7,16.64,42.0
29240,47.9,15.73,42.0
29241,51.85,6.08,42.0
29243,49.89,0.0,42.0
29244,48.7,6.17,42.0
29245,51.12,14.0,42.0
29246,49.52,12.5,42.0
29247,50.63,9.66,42.0
29248,47.34,8.62,42.0
29249,47.41,9.09,42.0
29250,50.85,1.55,42.0
29251,49.85,25.38,42.0
29252,49.47,10.34,42.0
29254,53.3,11.36,42.0
29255,50.0,8.7,42.0
29256,51.49,11.62,42.0
29257,49.98,15.86,42.0
29259,53.02,10.36,42.0
29260,51.69,14.8,42.0
29261,52.89,7.14,42.0
29262,48.99,4.05,42.0
29263,49.74,3.02,42.0
29264,50.57,5.19,42.0
29265,51.63,6.11,42.0
29266,51.19,6.64,42.0
29267,49.15,8.57,42.0
29268,49.39,15.63,42.0
29269,49.85,4.3,42.0
29270,48.56,9.43,42.0
29271,46.9,4.4,42.0
29272,52.01,8.6,42.0
29273,51.32,6.94,42.0
29274,49.08,4.98,42.0
29275,50.11,6.12,42.0
29276,49.83,11.82,42.0
29277,50.26,9.59,42.0
29278,50.39,4.91,42.0
29279,51.54,8.54,42.0
29280,50.51,6.54,42.0
29281,50.7,7.76,42.0
29282,49.94,5.88,42.0
29284,50.7,5.33,42.0
29285,50.87,3.89,42.0
29286,46.44,8.33,42.0
29287,50.73,4.54,42.0
29288,47.87,9.52,42.0
29289,47.76,0.0,42.0
29290,50.36,8.34,42.0
29291,46.48,6.59,42.0
29292,47.89,17.24,42.0
29293,52.31,12.29,42.0
29294,48.9,1.69,42.0
29295,49.12,13.22,42.0
29296,50.6,15.15,42.0
29297,50.59,7.32,42.0
29298,48.95,8.16,42.0
29299,51.15,2.82,42.0
29300,52.99,4.64,42.0
29301,48.88,5.88,42.0
29302,50.2,5.99,42.0
2A001,50.12,12.44,42.0
2A004,53.13,11.28,42.0
2A006,48.95,13.14,42.0
2A008,51.54,14.73,42.0
2A011,54.9,11.11,42.0
2A014,48.1,18.75,42.0
2A017,51.0,10.32,42.0
2A018,51.25,7.14,42.0
2A019,49.09,0.0,42.0
2A021,50.65,3.57,42.0
2A022,46.91,11.11,42.0
2A024,49.2,3.33,42.0
2A026,44.93,3.66,42.0
2A027,34.69,4.55,42.0
2A028,43.85,3.28,42.0
2A031,53.14,11.45,42.0
2A032,51.65,11.71,42.0
2A035,49.09,9.41,42.0
2A038,48.08,27.78,42.0
2A040,47.23,8.24,42.0
2A041,51.29,7.14,42.0
2A048,51.57,10.85,42.0
2A056,55.88,2.0,42.0
2A060,42.86,20.0,42.0
2A061,49.11,8.11,42.0
2A062,50.6,8.74,42.0
2A064,43.75,0.0,42.0
2A065,51.59,7.18,42.0
2A066,43.08,9.52,42.0
2A070,49.83,7.48,42.0
2A071,46.29,5.1,42.0
2A085,52.81,13.51,42.0
2A089,42.86,12.07,42.0
2A090,51.98,11.07,42.0
2A091,48.52,5.88,42.0
2A092,49.55,10.91,42.0
2A094,43.42,4.35,42.0
2A098,51.34,9.96,42.0
2A099,47.33,6.67,42.0
2A100,45.68,3.85,42.0
2A103,51.89,11.91,42.0
2A104,49.25,13.06,42.0
2A108,50.62,1.54,42.0
2A114,50.06,7.52,42.0
2A115,47.37,5.06,42.0
2A117,46.24,20.0,42.0
2A118,51.69,3.77,42.0
2A119,47.45,16.28,42.0
2A127,49.06,17.07,42.0
2A128,44.57,11.43,42.0
2A129,52.05,33.33,42.0
2A130,51.56,14.96,42.0
2A131,56.55,12.96,42.0
2A132,47.95,13.11,42.0
2A133,52.32,6.25,42.0
2A139,47.86,10.46,42.0
2A141,42.16,15.62,42.0
2A142,53.03,4.75,42.0
2A144,46.02,9.76,42.0
2A146,48.94,0.0,42.0
2A154,46.23,13.51,42.0
2A158,51.35,16.67,42.0
2A160,51.59,8.16,42.0
2A163,51.76,8.54,42.0
2A174,48.51,12.5,42.0
2A181,50.67,4.42,42.0
2A186,52.05,1.14,42.0
2A189,51.19,9.83,42.0
2A191,46.55,5.97,42.0
2A196,53.09,4.55,42.0
2A197,46.46,6.0,42.0
2A198,52.23,3.2,42.0
2A200,50.75,1.89,42.0
2A203,51.58,3.85,42.0
2A204,36.46,2.17,42.0
2A209,49.38,11.86,42.0
2A211,51.67,6.44,42.0
2A212,47.73,3.54,42.0
2A215,50.0,9.87,42.0
2A228,51.29,14.12,42.0
2A232,47.18,5.0,42.0
2A240,43.38,6.38,42.0
2A247,52.05,8.98,42.0
2A249,50.93,5.23,42.0
2A253,56.06,11.11,42.0
2A254,41.76,4.55,42.0
2A258,42.86,11.76,42.0
2A259,56.45,12.5,42.0
2A262,48.08,6.25,42.0
2A266,49.44,4.35,42.0
2A268,48.89,15.0,42.0
2A269,53.01,8.09,42.0
2A270,50.31,12.24,42.0
2A271,53.99,8.35,42.0
2A272,50.88,9.47,42.0
2A276,47.53,10.0,42.0
2A278,49.63,0.0,42.0
2A279,52.5,13.56,42.0
2A282,51.23,8.16,42.0
2A284,51.49,7.74,42.0
2A285,47.69,30.43,42.0
2A288,48.61,8.07,42.0
2A295,47.52,15.79,42.0
2A300,49.68,8.3,42.0
2A308,44.28,8.54,42.0
2A310,50.0,8.33,42.0
2A312,51.39,8.98,42.0
2A322,47.13,0.0,42.0
2A323,47.92,4.74,42.0
2A324,48.88,7.18,42.0
2A326,47.93,5.08,42.0
2A330,49.31,11.25,42.0
2A331,45.76,0.0,42.0
2A336,48.54,8.33,42.0
2A345,52.12,7.31,42.0
2A348,50.15,4.38,42.0
2A349,49.55,8.05,42.0
2A351,46.81,19.81,42.0
2A357,48.0,5.88,42.0
2A358,30.77,0.0,42.0
2A359,49.76,2.53,42.0
2A360,43.75,14.81,42.0
2A362,51.32,6.08,42.0
2A363,50.0,15.79,42.0
2B002,38.69,5.69,42.0
2B003,56.0,33.33,42.0
2B005,58.62,15.38,42.0
2B007,46.73,1.33,42.0
2B009,49.49,7.16,42.0
2B010,54.35,4.73,42.0
2B012,48.15,18.75,42.0
2B013,40.0,9.09,42.0
2B015,44.0,50.0,42.0
2B016,42.29,7.73,42.0
2B020,50.84,7.58,42.0
2B023,50.43,11.43,42.0
2B025,48.75,2.78,42.0
2B029,45.6,12.1,42.0
2B030,48.85,14.29,42.0
2B033,53.09,11.96,42.0
2B034,51.69,7.57,42.0
2B036,46.39,18.52,42.0
2B037,51.8,11.54,42.0
2B039,50.82,14.47,42.0
2B042,49.9,7.59,42.0
2B043,50.06,21.19,42.0
2B045,50.0,4.17,42.0
2B046,51.61,12.07,42.0
2B047,46.24,8.32,42.0
2B049,50.93,5.01,42.0
2B050,44.79,3.86,42.0
2B051,40.35,10.71,42.0
2B052,52.17,20.0,42.0
2B053,63.16,50.0,42.0
2B054,45.95,13.41,42.0
2B055,49.07,12.2,42.0
2B057,47.02,4.76,42.0
2B058,49.49,8.41,42.0
2B059,44.72,0.0,42.0
2B063,54.39,0.0,42.0
2B067,61.54,0.0,42.0
2B068,44.0,25.0,42.0
2B069,56.03,12.12,42.0
2B072,43.14,5.56,42.0
2B073,48.25,0.0,42.0
2B074,53.33,16.84,42.0
2B075,44.78,0.0,42.0
2B077,50.84,10.23,42.0
2B078,53.57,13.33,42.0
2B079,51.38,8.81,42.0
2B080,48.54,7.69,42.0
2B081,43.59,0.0,42.0
2B082,54.29,30.0,42.0
2B083,54.72,6.94,42.0
2B084,52.04,7.21,42.0
2B086,50.79,5.13,42.0
2B087,50.15,9.97,42.0
2B088,47.77,12.04,42.0
2B093,52.5,12.41,42.0
2B095,48.03,13.95,42.0
2B096,53.39,13.09,42.0
2B097,52.94,12.12,42.0
2B101,49.35,8.33,42.0
2B102,53.75,17.24,42.0
2B105,50.0,19.51,42.0
2B106,28.57,16.67,42.0
2B107,50.79,7.58,42.0
2B109,47.52,15.74,42.0
2B110,47.76,14.29,42.0
2B111,55.36,25.0,42.0
2B112,49.79,7.45,42.0
2B113,50.0,0.0,42.0
2B116,53.57,0.0,42.0
2B120,51.88,11.7,42.0
2B121,51.63,7.62,42.0
2B122,45.76,12.5,42.0
2B123,48.17,6.3,42.0
2B124,53.76,12.73,42.0
2B125,53.66,0.0,42.0
2B126,53.0,0.0,42.0
2B134,52.6,9.11,42.0
2B135,47.59,3.41,42.0
2B136,45.86,14.06,42.0
2B137,56.52,9.09,42.0
2B138,53.69,8.45,42.0
2B140,45.22,19.23,42.0
2B143,47.19,5.16,42.0
2B145,55.06,12.0,42.0
2B147,42.73,24.39,42.0
2B148,51.29,10.05,42.0
2B149,48.81,2.63,42.0
2B150,46.63,7.35,42.0
2B152,49.17,10.47,42.0
2B153,43.48,6.98,42.0
2B155,51.79,0.0,42.0
2B156,42.31,0.0,42.0
2B157,45.45,0.0,42.0
2B159,45.68,8.33,42.0
2B161,47.69,3.57,42.0
2B162,50.5,6.75,42.0
2B164,56.0,27.27,42.0
2B165,50.43,11.2,42.0
2B166,49.83,10.38,42.0
2B167,51.93,9.06,42.0
2B168,52.41,10.9,42.0
2B169,51.6,5.65,42.0
2B170,46.85,4.55,42.0
2B171,50.0,6.25,42.0
2B172,53.19,9.48,42.0
2B173,52.23,14.29,42.0
2B175,56.45,19.05,42.0
2B176,46.05,11.11,42.0
2B177,50.68,34.78,42.0
2B178,47.62,11.11,42.0
2B179,58.62,3.85,42.0
2B180,48.72,15.38,42.0
2B182,50.96,9.38,42.0
2B183,55.32,5.26,42.0
2B184,46.24,6.06,42.0
2B185,51.14,11.86,42.0
2B187,50.38,8.33,42.0
2B188,49.49,7.69,42.0
2B190,50.29,3.28,42.0
2B192,49.64,5.13,42.0
2B193,50.08,14.12,42.0
2B194,50.0,20.0,42.0
2B195,42.57,1.82,42.0
2B199,51.09,15.0,42.0
2B201,53.81,7.25,42.0
2B202,43.48,0.0,42.0
2B205,48.31,10.1,42.0
2B206,56.1,17.65,42.0
2B207,52.03,8.65,42.0
2B208,53.21,0.0,42.0
2B210,48.25,3.92,42.0
2B213,50.85,4.76,42.0
2B214,57.89,18.18,42.0
2B216,63.16,0.0,42.0
2B217,44.0,7.69,42.0
2B218,49.12,10.0,42.0
2B219,47.56,8.06,42.0
2B220,45.12,11.86,42.0
2B221,50.0,11.11,42.0
2B222,47.06,21.05,42.0
2B223,51.91,5.15,42.0
2B224,52.92,10.19,42.0
2B225,50.51,0.0,42.0
2B226,40.68,0.0,42.0
2B227,48.48,0.0,42.0
2B229,52.87,7.9,42.0
2B230,51.72,9.3,42.0
2B231,50.76,22.5,42.0
2B233,51.35,1.89,42.0
2B234,40.91,0.0,42.0
2B235,47.62,6.9,42.0
2B236,49.18,9.84,42.0
2B238,53.38,20.0,42.0
2B239,48.46,23.58,42.0
2B241,50.0,0.0,42.0
2B242,49.04,4.58,42.0
2B243,51.61,18.75,42.0
2B244,39.02,11.11,42.0
2B245,50.0,17.39,42.0
2B246,49.21,3.03,42.0
2B248,52.94,11.76,42.0
2B250,44.08,4.94,42.0
2B251,51.01,5.58,42.0
2B252,48.63,2.5,42.0
2B255,51.67,13.64,42.0
2B256,45.16,8.33,42.0
2B257,44.44,9.38,42.0
2B260,47.44,8.79,42.0
2B261,51.81,4.95,42.0
2B263,50.72,3.7,42.0
2B264,44.62,16.67,42.0
2B265,48.36,10.0,42.0
2B267,48.94,5.88,42.0
2B273,41.46,10.53,42.0
2B274,47.31,22.22,42.0
2B275,50.7,18.18,42.0
2B277,50.11,6.34,42.0
2B280,55.66,10.53,42.0
2B281,52.63,9.92,42.0
2B283,49.43,6.6,42.0
2B286,51.28,10.22,42.0
2B287,52.34,13.04,42.0
2B289,52.38,14.75,42.0
2B290,49.04,8.49,42.0
2B291,52.94,18.75,42.0
2B292,51.79,16.67,42.0
2B293,47.93,3.8,42.0
2B296,42.98,6.78,42.0
2B297,50.91,13.04,42.0
2B298,52.69,8.46,42.0
2B299,43.81,4.65,42.0
2B301,50.88,7.14,42.0
2B302,47.06,9.52,42.0
2B303,46.54,4.91,42.0
2B304,45.32,3.64,42.0
2B305,52.6,16.78,42.0
2B306,48.7,12.07,42.0
2B307,52.71,4.69,42.0
2B309,51.79,18.46,42.0
2B311,53.33,7.8,42.0
2B313,53.13,5.55,42.0
2B314,49.7,5.62,42.0
2B315,47.26,14.87,42.0
2B316,51.22,8.46,42.0
2B317,46.67,0.0,42.0
2B318,52.41,8.15,42.0
2B319,50.0,7.58,42.0
2B320,48.9,6.07,42.0
2B321,43.75,0.0,42.0
2B327,49.27,9.88,42.0
2B328,51.04,10.34,42.0
2B329,50.0,16.36,42.0
2B332,53.67,10.0,42.0
2B333,50.31,12.73,42.0
2B334,48.39,9.68,42.0
2B335,47.95,7.36,42.0
2B337,46.43,7.69,42.0
2B338,37.93,12.5,42.0
2B339,42.86,11.11,42.0
2B340,48.57,1.79,42.0
2B341,50.08,16.89,42.0
2B342,49.86,6.23,42.0
2B343,49.81,8.22,42.0
2B344,38.1,0.0,42.0
2B346,52.02,8.21,42.0
2B347,48.32,6.56,42.0
2B350,51.71,10.96,42.0
2B352,42.54,6.9,42.0
2B353,53.97,23.42,42.0
2B354,50.94,14.37,42.0
2B355,50.4,6.12,42.0
2B356,46.58,15.0,42.0
2B361,51.91,4.76,42.0
2B364,52.78,0.0,42.0
2B365,54.55,5.41,42.0
2B366,48.04,25.64,42.0
30001,49.09,21.43,42.0
30002,50.49,5.62,42.0
30003,52.64,9.21,42.0
30004,52.15,20.54,42.0
30005,49.64,0.0,42.0
30006,50.79,7.9,42.0
30007,53.49,8.74,42.0
30008,49.33,4.92,42.0
30009,49.81,0.0,42.0
30010,54.48,6.27,42.0
30011,54.2,20.63,42.0
30012,52.45,14.29,42.0
30013,52.01,8.2,42.0
30014,51.62,16.67,42.0
30015,51.05,21.05,42.0
30016,52.71,0.0,42.0
30017,46.83,30.77,42.0
30018,51.57,20.75,42.0
30019,51.42,22.5,42.0
30020,51.49,11.54,42.0
30021,47.93,20.0,42.0
30022,48.3,0.0,42.0
30023,51.46,10.78,42.0
30024,48.75,24.16,42.0
30025,49.84,6.67,42.0
30026,50.24,5.56,42.0
30027,51.65,6.52,42.0
30028,53.81,11.94,42.0
30029,51.74,5.47,42.0
30030,49.11,13.89,42.0
30031,55.95,5.93,42.0
30032,51.93,7.15,42.0
30033,50.81,8.4,42.0
30034,51.63,6.9,42.0
30035,51.05,0.0,42.0
30036,51.97,12.86,42.0
30037,52.71,7.1,42.0
30038,48.07,4.35,42.0
30039,52.37,7.88,42.0
30040,48.37,15.38,42.0
30041,49.77,20.25,42.0
30042,51.88,8.86,42.0
30043,50.08,31.71,42.0
30044,45.45,14.29,42.0
30045,50.99,3.24,42.0
30046,48.7,5.68,42.0
30047,52.77,14.7,42.0
30048,47.72,7.14,42.0
30049,49.62,2.92,42.0
30050,47.31,16.67,42.0
30051,51.41,6.12,42.0
30052,50.06,12.7,42.0
30053,50.77,9.33,42.0
30054,48.11,8.33,42.0
30055,49.8,21.36,42.0
30056,49.68,11.54,42.0
30057,51.02,10.69,42.0
30058,51.53,25.0,42.0
30059,51.36,9.26,42.0
30060,53.14,20.45,42.0
30061,51.7,9.46,42.0
30062,51.74,15.75,42.0
30064,49.25,11.11,42.0
30065,48.64,6.06,42.0
30066,49.51,6.38,42.0
30067,50.26,2.74,42.0
30068,49.67,7.87,42.0
30069,50.22,22.22,42.0
30070,51.48,19.07,42.0
30071,50.22,12.5,42.0
30072,50.46,4.45,42.0
30073,49.8,9.88,42.0
30074,50.0,0.0,42.0
30075,52.75,17.28,42.0
30076,49.97,14.29,42.0
30077,51.71,7.4,42.0
30079,48.47,8.33,42.0
30080,51.31,6.67,42.0
30081,51.54,10.0,42.0
30082,51.27,18.49,42.0
30083,50.85,12.99,42.0
30084,52.91,7.9,42.0
30085,50.25,13.27,42.0
30086,52.46,10.45,42.0
30087,50.0,11.11,42.0
30088,53.67,15.87,42.0
30089,49.71,11.05,42.0
30090,51.48,0.0,42.0
30091,52.01,15.81,42.0
30092,51.47,22.35,42.0
30093,49.57,0.0,42.0
30095,51.07,32.29,42.0
30096,50.77,8.0,42.0
30097,47.35,14.29,42.0
30098,49.96,13.95,42.0
30099,48.24,15.0,42.0
30100,50.83,11.94,42.0
30101,50.55,12.5,42.0
30102,50.58,17.21,42.0
30103,50.48,15.15,42.0
30104,50.13,10.98,42.0
30105,42.09,0.0,42.0
30106,50.81,17.49,42.0
30107,48.72,22.22,42.0
30108,43.31,6.67,42.0
30109,48.97,5.88,42.0
30110,49.7,20.0,42.0
30111,46.93,7.93,42.0
30112,52.49,12.95,42.0
30113,48.38,4.55,42.0
30114,47.52,11.44,42.0
30115,53.11,20.0,42.0
30116,50.51,8.57,42.0
30117,51.23,15.71,42.0
30119,48.47,13.33,42.0
30120,51.61,2.38,42.0
30121,48.41,9.17,42.0
30122,49.97,17.95,42.0
30123,51.79,16.49,42.0
30124,47.99,5.56,42.0
30125,51.69,11.97,42.0
30126,50.75,11.76,42.0
30127,50.8,12.1,42.0
30128,51.28,10.84,42.0
30129,49.31,12.5,42.0
30130,50.98,5.41,42.0
30131,52.37,10.03,42.0
30132,52.54,4.61,42.0
30133,52.65,8.67,42.0
30134,49.01,3.79,42.0
30135,51.36,9.21,42.0
30136,50.38,16.36,42.0
30137,50.72,0.0,42.0
30138,51.73,19.15,42.0
30139,41.59,7.89,42.0
30140,52.69,15.73,42.0
30141,45.92,10.95,42.0
30142,50.17,4.5,42.0
30143,49.34,11.11,42.0
30144,48.38,17.78,42.0
30145,49.34,12.47,42.0
30146,52.92,8.57,42.0
30147,50.06,9.7,42.0
30148,48.61,8.0,42.0
30149,49.54,12.2,42.0
30150,49.73,15.15,42.0
30151,50.26,14.58,42.0
30152,51.52,6.43,42.0
30153,47.75,12.5,42.0
30154,51.08,11.11,42.0
30155,51.23,11.5,42.0
30156,52.27,9.83,42.0
30158,49.46,6.67,42.0
30159,52.44,3.64,42.0
30160,51.68,4.27,42.0
30161,47.98,21.05,42.0
30162,53.24,3.22,42.0
30163,48.23,0.0,42.0
30164,51.89,8.62,42.0
30165,50.24,17.64,42.0
30166,51.58,11.52,42.0
30167,51.01,4.81,42.0
30168,49.6,18.18,42.0
30169,52.86,10.7,42.0
30170,51.88,9.33,42.0
30171,52.85,8.14,42.0
30172,53.5,12.03,42.0
30173,50.33,9.32,42.0
30174,51.19,10.08,42.0
30175,54.22,25.0,42.0
30176,47.31,6.25,42.0
30177,48.29,14.06,42.0
30178,51.07,9.49,42.0
30179,50.79,6.88,42.0
30180,51.25,3.03,42.0
30181,48.6,10.87,42.0
30182,50.91,13.4,42.0
30183,49.84,1.69,42.0
30184,51.66,11.02,42.0
30185,49.59,10.92,42.0
30186,50.48,17.13,42.0
30187,53.82,4.03,42.0
30188,50.6,8.33,42.0
30189,52.05,14.32,42.0
30191,51.14,16.37,42.0
30192,51.54,19.2,42.0
30193,52.0,14.29,42.0
30194,48.53,15.0,42.0
30195,36.67,0.0,42.0
30196,51.3,17.16,42.0
30197,51.79,32.0,42.0
30198,47.37,10.0,42.0
30199,43.64,0.0,42.0
30200,51.75,18.92,42.0
30201,51.28,4.76,42.0
30202,51.81,9.49,42.0
30203,50.93,13.79,42.0
30204,47.05,9.09,42.0
30205,48.71,4.76,42.0
30206,50.19,19.34,42.0
30207,50.8,7.35,42.0
30208,56.0,0.0,42.0
30209,50.94,22.67,42.0
30210,51.57,14.52,42.0
30211,51.41,10.43,42.0
30212,51.83,8.78,42.0
30213,43.24,0.0,42.0
30214,50.72,9.38,42.0
30215,54.17,11.11,42.0
30216,52.26,8.06,42.0
30217,51.92,17.23,42.0
30218,45.93,5.0,42.0
30219,50.66,0.0,42.0
30220,42.47,10.0,42.0
30221,51.98,10.32,42.0
30222,50.28,0.0,42.0
30223,50.37,7.6,42.0
30224,50.53,6.56,42.0
30225,50.17,14.91,42.0
30226,48.96,10.17,42.0
30227,52.78,6.7,42.0
30228,49.84,11.25,42.0
30229,49.58,14.36,42.0
30230,49.1,18.03,42.0
30231,45.42,11.11,42.0
30232,50.68,11.43,42.0
30233,51.2,8.34,42.0
30234,49.51,15.38,42.0
30235,49.17,9.46,42.0
30236,53.49,0.0,42.0
30237,52.57,10.42,42.0
30238,42.42,0.0,42.0
30239,49.62,13.46,42.0
30240,50.35,11.11,42.0
30241,52.4,9.32,42.0
30242,49.38,22.22,42.0
30243,53.18,8.19,42.0
30244,48.97,17.5,42.0
30245,49.66,8.79,42.0
30246,55.02,0.0,42.0
30247,51.8,4.63,42.0
30248,50.32,6.67,42.0
30249,49.91,23.23,42.0
30250,48.34,11.11,42.0
30251,50.91,11.55,42.0
30252,49.86,10.53,42.0
30253,52.33,5.95,42.0
30254,50.4,10.99,42.0
30255,52.61,7.2,42.0
30256,48.88,11.43,42.0
30257,51.42,8.27,42.0
30258,49.83,5.15,42.0
30259,52.5,11.09,42.0
30260,53.6,9.19,42.0
30261,52.6,5.26,42.0
30262,51.49,10.53,42.0
30263,51.84,7.18,42.0
30264,46.63,0.0,42.0
30265,53.61,5.88,42.0
30266,52.21,4.48,42.0
30267,50.02,6.0,42.0
30268,48.76,10.28,42.0
30269,51.74,5.82,42.0
30270,51.33,11.19,42.0
30271,49.88,6.06,42.0
30272,53.1,0.0,42.0
30273,49.05,9.77,42.0
30274,50.51,8.52,42.0
30275,47.52,22.72,42.0
30276,51.78,11.45,42.0
30277,51.04,8.33,42.0
30278,50.45,14.96,42.0
30279,51.06,15.22,42.0
30280,49.39,23.47,42.0
30281,50.4,14.19,42.0
30282,49.37,12.64,42.0
30283,48.41,7.14,42.0
30284,52.46,8.21,42.0
30285,48.49,9.23,42.0
30286,49.9,12.25,42.0
30287,51.59,12.5,42.0
30288,49.72,7.21,42.0
30289,48.15,20.0,42.0
30290,50.95,14.15,42.0
30291,51.68,4.55,42.0
30292,48.1,14.29,42.0
30293,50.74,12.82,42.0
30294,51.0,11.15,42.0
30295,53.04,17.82,42.0
30296,48.8,0.0,42.0
30297,47.59,13.33,42.0
30298,49.6,14.29,42.0
30299,49.92,18.87,42.0
30300,49.15,10.86,42.0
30301,50.16,16.13,42.0
30302,50.58,18.77,42.0
30303,50.21,6.94,42.0
30304,48.48,16.67,42.0
30305,52.21,7.14,42.0
30306,49.05,14.31,42.0
30307,51.14,2.45,42.0
30308,49.28,10.81,42.0
30309,53.11,20.83,42.0
30310,51.81,24.38,42.0
30311,50.03,7.81,42.0
30312,51.47,17.84,42.0
30313,50.41,20.55,42.0
30314,46.85,4.17,42.0
30315,49.45,9.71,42.0
30316,49.42,11.11,42.0
30317,50.4,12.21,42.0
30318,51.21,17.65,42.0
30319,54.74,14.29,42.0
30320,46.67,9.52,42.0
30321,52.59,14.93,42.0
30322,52.03,3.85,42.0
30323,42.15,0.0,42.0
30324,50.06,15.91,42.0
30325,51.39,11.02,42.0
30326,51.18,15.15,42.0
30327,41.95,14.29,42.0
30328,47.84,12.0,42.0
30329,49.24,6.87,42.0
30330,50.88,9.59,42.0
30331,50.92,20.51,42.0
30332,44.25,7.69,42.0
30333,50.92,12.53,42.0
30334,55.26,12.14,42.0
30335,52.9,30.77,42.0
30336,51.29,5.93,42.0
30337,51.66,5.9,42.0
30338,46.21,0.0,42.0
30339,49.37,6.56,42.0
30340,50.92,11.11,42.0
30341,51.88,7.36,42.0
30342,49.75,14.96,42.0
30343,50.03,7.02,42.0
30344,51.92,15.28,42.0
30345,50.31,7.69,42.0
30346,51.3,12.21,42.0
30347,51.6,10.05,42.0
30348,51.95,15.2,42.0
30349,49.51,24.49,42.0
30350,53.37,12.14,42.0
30351,53.73,29.05,42.0
30352,51.42,17.55,42.0
30353,56.72,0.0,42.0
30354,51.22,12.0,42.0
30355,49.82,9.57,42.0
30356,51.77,14.1,42.0
31001,50.43,0.0,42.0
31002,44.92,23.08,42.0
31003,50.18,38.08,42.0
31004,50.09,25.54,42.0
31005,52.74,9.09,42.0
31006,50.0,20.0,42.0
31007,57.89,0.0,42.0
31008,49.98,8.0,42.0
31009,59.08,0.0,42.0
31010,51.11,11.11,42.0
31011,47.37,9.09,42.0
31012,54.64,60.0,42.0
31013,48.8,15.15,42.0
31014,50.0,33.33,42.0
31015,52.38,0.0,42.0
31017,52.94,20.0,42.0
31018,50.22,8.33,42.0
31019,50.0,0.0,42.0
31020,52.74,12.94,42.0
31021,48.48,15.79,42.0
31022,51.95,16.07,42.0
31023,50.8,4.43,42.0
31024,50.08,24.39,42.0
31025,48.16,47.78,42.0
31026,50.74,22.22,42.0
31027,44.95,10.71,42.0
31028,51.02,5.95,42.0
31029,46.86,20.0,42.0
31030,47.55,50.0,42.0
31031,51.64,9.42,42.0
31032,50.86,20.7,42.0
31033,52.24,11.7,42.0
31034,48.95,20.0,42.0
31035,52.96,43.47,42.0
31036,51.83,43.71,42.0
31037,49.17,13.87,42.0
31038,48.05,32.26,42.0
31039,51.16,0.0,42.0
31040,31.43,0.0,42.0
31041,53.33,16.67,42.0
31042,53.58,5.67,42.0
31043,52.66,20.0,42.0
31044,51.77,32.48,42.0
31045,50.58,11.63,42.0
31046,50.0,0.0,42.0
31047,43.55,9.09,42.0
31048,50.72,19.05,42.0
31049,48.14,18.6,42.0
31050,52.08,0.0,42.0
31051,46.97,23.4,42.0
31052,49.27,18.29,42.0
31053,51.84,27.43,42.0
31054,48.91,55.56,42.0
31055,48.81,26.67,42.0
31056,51.41,23.87,42.0
31057,51.59,23.62,42.0
31058,48.44,40.85,42.0
31059,52.83,30.0,42.0
31060,54.39,0.0,42.0
31061,50.74,31.25,42.0
31062,43.81,0.0,42.0
31063,50.0,7.14,42.0
31064,42.86,0.0,42.0
31065,51.53,11.48,42.0
31066,51.88,12.11,42.0
31067,45.65,0.0,42.0
31068,48.15,0.0,42.0
31069,50.62,28.89,42.0
31070,53.96,5.45,42.0
31071,46.19,12.82,42.0
31072,48.53,60.0,42.0
31073,54.15,13.61,42.0
31074,48.1,21.21,42.0
31075,50.08,30.16,42.0
31076,51.37,9.66,42.0
31077,47.8,3.86,42.0
31078,57.82,0.0,42.0
31079,49.38,21.53,42.0
31080,54.36,6.77,42.0
31082,48.33,22.22,42.0
31083,48.14,16.67,42.0
31084,52.14,4.6,42.0
31085,51.75,20.0,42.0
31086,45.45,0.0,42.0
31087,50.52,9.09,42.0
31088,50.25,36.52,42.0
31089,48.5,24.14,42.0
31090,47.65,11.8,42.0
31091,51.57,20.86,42.0
31092,52.1,8.33,42.0
31093,47.56,18.39,42.0
31094,49.75,15.99,42.0
31095,51.54,30.77,42.0
31096,51.0,10.53,42.0
31097,53.29,12.5,42.0
31098,52.12,10.75,42.0
31099,50.01,24.44,42.0
31100,50.36,13.16,42.0
31101,48.33,12.78,42.0
31102,49.55,22.22,42.0
31103,49.21,11.11,42.0
31104,50.69,17.33,42.0
31105,49.35,28.57,42.0
31106,51.23,17.05,42.0
31107,52.16,12.31,42.0
31108,47.67,14.29,42.0
31109,50.32,5.0,42.0
31110,51.75,7.63,42.0
31111,48.16,8.82,42.0
31112,52.33,0.0,42.0
31113,52.31,31.65,42.0
31114,47.72,10.53,42.0
31115,52.54,0.0,42.0
31116,51.73,17.46,42.0
31117,50.84,25.0,42.0
31118,50.64,15.65,42.0
31119,48.73,24.0,42.0
31120,50.44,27.16,42.0
31121,46.03,14.29,42.0
31122,52.63,0.0,42.0
31123,51.16,0.0,42.0
31124,48.47,7.26,42.0
31125,50.0,0.0,42.0
31126,50.23,13.64,42.0
31128,47.02,8.15,42.0
31129,47.06,0.0,42.0
31130,50.0,0.0,42.0
31131,49.28,0.0,42.0
31132,47.46,0.0,42.0
31133,45.45,0.0,42.0
31134,50.6,0.0,42.0
31135,51.28,6.93,42.0
31136,49.95,11.06,42.0
31137,49.68,7.14,42.0
31138,46.75,12.5,42.0
31139,48.72,16.67,42.0
31140,45.41,8.33,42.0
31141,50.27,4.76,42.0
31142,48.95,8.33,42.0
31143,50.94,4.0,42.0
31144,51.72,2.04,42.0
31145,50.77,14.99,42.0
31147,50.9,7.87,42.0
31148,50.39,36.76,42.0
31149,51.3,22.76,42.0
31150,50.36,27.84,42.0
31151,50.95,35.0,42.0
31152,55.0,16.67,42.0
31153,51.17,11.11,42.0
31155,50.82,7.14,42.0
31156,48.43,7.15,42.0
31157,51.42,22.62,42.0
31158,50.0,0.0,42.0
31159,49.6,5.4,42.0
31160,50.27,24.3,42.0
31161,50.9,26.62,42.0
31162,50.57,34.16,42.0
31163,50.39,27.69,42.0
31164,50.0,19.05,42.0
31165,50.93,15.12,42.0
31166,50.58,22.22,42.0
31167,54.27,3.13,42.0
31168,50.77,0.0,42.0
31169,52.68,29.32,42.0
31170,48.34,20.0,42.0
31171,49.78,29.03,42.0
31172,47.62,0.0,42.0
31173,48.1,13.79,42.0
31174,48.78,14.13,42.0
31175,49.11,8.0,42.0
31176,49.21,11.11,42.0
31177,58.16,8.33,42.0
31178,50.78,0.0,42.0
31179,49.52,31.67,42.0
31180,46.76,24.36,42.0
31181,50.65,10.65,42.0
31182,51.23,16.11,42.0
31183,51.7,0.0,42.0
31184,50.18,29.8,42.0
31185,50.0,15.38,42.0
31186,52.55,18.15,42.0
31187,50.2,21.38,42.0
31188,49.31,26.1,42.0
31189,49.53,9.09,42.0
31190,48.48,0.0,42.0
31191,48.62,10.0,42.0
31192,51.43,31.25,42.0
31193,51.25,6.67,42.0
31194,44.5,40.0,42.0
31195,64.29,0.0,42.0
31196,51.63,4.0,42.0
31197,51.9,9.61,42.0
31198,49.61,25.0,42.0
31199,50.4,10.53,42.0
31200,58.02,28.57,42.0
31201,52.24,0.0,42.0
31202,51.94,13.51,42.0
31203,52.34,19.46,42.0
31204,50.7,0.0,42.0
31205,50.23,17.16,42.0
31206,47.99,12.95,42.0
31207,51.16,20.0,42.0
31208,50.49,8.33,42.0
31209,50.3,18.75,42.0
31210,50.96,23.2,42.0
31211,48.0,15.28,42.0
31212,50.76,19.68,42.0
31213,47.26,23.08,42.0
31215,47.72,23.43,42.0
31216,49.72,23.33,42.0
31217,47.83,0.0,42.0
31218,50.0,21.0,42.0
31219,50.77,13.83,42.0
31220,50.66,18.79,42.0
31221,41.46,12.5,42.0
31222,39.53,50.0,42.0
31223,47.5,0.0,42.0
31224,50.89,8.99,42.0
31225,50.81,22.73,42.0
31226,43.21,16.67,42.0
31227,49.69,49.18,42.0
31228,50.36,25.98,42.0
31229,48.78,22.73,42.0
31230,50.45,24.6,42.0
31231,49.94,12.24,42.0
31232,51.88,15.54,42.0
31233,49.69,21.96,42.0
31234,48.08,13.95,42.0
31235,51.72,0.0,42.0
31236,48.68,0.0,42.0
31237,51.27,10.0,42.0
31238,49.17,7.85,42.0
31239,54.46,3.8,42.0
31240,48.55,30.3,42.0
31241,54.68,4.2,42.0
31243,46.38,16.67,42.0
31244,52.19,4.04,42.0
31245,46.33,10.0,42.0
31246,50.85,3.7,42.0
31247,50.73,6.46,42.0
31248,51.62,18.68,42.0
31249,52.78,15.67,42.0
31250,49.99,10.31,42.0
31251,47.02,0.0,42.0
31252,50.46,15.76,42.0
31253,50.2,17.75,42.0
31254,50.98,30.25,42.0
31255,49.97,8.0,42.0
31256,46.17,16.13,42.0
31258,48.96,10.07,42.0
31259,51.72,43.28,42.0
31260,44.79,0.0,42.0
31261,49.22,8.62,42.0
31262,48.94,17.39,42.0
31263,52.0,15.04,42.0
31264,50.64,24.12,42.0
31265,47.7,16.0,42.0
31266,42.45,0.0,42.0
31267,45.28,25.0,42.0
31268,50.37,0.0,42.0
31269,49.85,14.38,42.0
31270,50.78,13.79,42.0
31271,50.12,17.12,42.0
31272,47.62,16.67,42.0
31273,50.93,27.91,42.0
31274,45.95,11.76,42.0
31275,48.75,7.69,42.0
31276,48.31,11.54,42.0
31277,49.32,31.62,42.0
31278,49.86,3.45,42.0
31279,38.96,14.29,42.0
31280,43.71,26.83,42.0
31281,49.11,6.79,42.0
31282,51.79,17.93,42.0
31283,50.2,6.06,42.0
31284,50.42,52.12,42.0
31285,49.63,26.74,42.0
31286,47.9,17.92,42.0
31287,51.57,18.22,42.0
31288,48.19,12.9,42.0
31289,49.47,8.0,42.0
31290,48.48,0.0,42.0
31291,51.59,24.61,42.0
31292,52.0,0.0,42.0
31293,49.42,12.25,42.0
31294,50.59,9.09,42.0
31295,52.0,28.57,42.0
31296,50.1,4.07,42.0
31297,49.56,31.96,42.0
31299,51.13,16.4,42.0
31300,47.24,15.38,42.0
31301,50.0,0.0,42.0
31302,49.83,3.7,42.0
31303,50.55,13.38,42.0
31304,48.24,21.82,42.0
31305,44.5,0.0,42.0
31306,47.97,0.0,42.0
31308,50.0,0.0,42.0
31309,49.34,0.0,42.0
31310,52.67,25.71,42.0
31311,51.66,10.48,42.0
31312,41.18,0.0,42.0
31313,50.44,0.0,42.0
31314,50.93,5.26,42.0
31315,51.58,2.72,42.0
31316,51.31,5.13,42.0
31317,50.32,4.67,42.0
31318,49.0,13.04,42.0
31319,46.67,0.0,42.0
31320,49.24,12.62,42.0
31321,45.39,11.76,42.0
31322,53.03,0.0,42.0
31323,52.39,11.43,42.0
31324,51.38,7.54,42.0
31325,55.8,13.64,42.0
31326,48.48,9.09,42.0
31327,48.29,0.0,42.0
31328,49.69,15.79,42.0
31329,47.83,21.74,42.0
31330,50.69,6.38,42.0
31331,47.55,30.14,42.0
31332,49.31,11.56,42.0
31333,49.43,0.0,42.0
31334,49.71,24.63,42.0
31335,43.33,0.0,42.0
31336,51.05,12.96,42.0
31337,39.13,0.0,42.0
31338,47.95,31.71,42.0
31339,49.45,20.37,42.0
31340,47.23,53.33,42.0
31341,50.66,21.93,42.0
31342,49.21,10.0,42.0
31343,55.38,0.0,42.0
31344,51.61,3.85,42.0
31345,49.83,11.84,42.0
31346,48.94,7.08,42.0
31347,48.78,5.56,42.0
31348,52.78,33.33,42.0
31349,50.87,11.39,42.0
31350,50.62,0.0,42.0
31351,50.05,23.14,42.0
31352,50.68,28.0,42.0
31353,46.43,12.5,42.0
31354,45.9,40.0,42.0
31355,48.24,45.93,42.0
31356,50.14,27.9,42.0
31357,50.82,3.57,42.0
31358,51.54,22.7,42.0
31359,51.52,16.67,42.0
31360,56.9,11.9,42.0
31361,48.95,10.53,42.0
31362,47.24,13.33,42.0
31363,51.46,4.0,42.0
31364,51.91,21.14,42.0
31365,51.81,14.89,42.0
31366,51.98,36.04,42.0
31367,52.44,11.11,42.0
31368,45.83,17.39,42.0
31369,53.85,100.0,42.0
31370,48.44,25.0,42.0
31371,50.67,8.11,42.0
31372,50.34,6.7,42.0
31373,51.46,0.0,42.0
31374,49.4,26.09,42.0
31375,52.81,7.75,42.0
31376,52.25,0.0,42.0
31377,49.94,11.23,42.0
31378,41.79,0.0,42.0
31379,51.48,4.76,42.0
31380,49.78,17.31,42.0
31381,49.65,27.6,42.0
31382,49.57,0.0,42.0
31383,49.69,21.71,42.0
31384,50.37,23.7,42.0
31385,50.08,0.0,42.0
31386,53.74,10.53,42.0
31387,48.84,14.29,42.0
31388,49.56,47.5,42.0
31389,52.63,28.43,42.0
31390,54.42,5.61,42.0
31391,52.09,14.29,42.0
31392,48.75,22.22,42.0
31393,48.8,10.0,42.0
31394,48.03,14.29,42.0
31395,49.88,13.07,42.0
31396,50.99,22.4,42.0
31397,42.31,0.0,42.0
31398,47.27,10.0,42.0
31399,51.95,9.98,42.0
31400,47.78,42.86,42.0
31401,47.56,14.29,42.0
31402,50.55,42.29,42.0
31403,46.07,17.97,42.0
31404,48.51,0.0,42.0
31405,52.07,0.0,42.0
31406,51.0,11.11,42.0
31407,50.1,22.35,42.0
31408,55.56,16.67,42.0
31409,51.48,43.56,42.0
31410,50.98,25.41,42.0
31411,52.55,54.02,42.0
31412,49.34,4.82,42.0
31413,49.63,11.54,42.0
31414,50.0,28.57,42.0
31415,56.79,0.0,42.0
31416,48.76,15.79,42.0
31417,51.98,41.11,42.0
31418,51.82,39.2,42.0
31419,47.24,18.18,42.0
31420,51.42,17.22,42.0
31421,51.22,19.08,42.0
31422,46.24,0.0,42.0
31423,49.58,8.0,42.0
31424,52.2,26.87,42.0
31425,50.61,2.49,42.0
31426,52.16,3.07,42.0
31427,52.07,2.6,42.0
31428,45.71,20.0,42.0
31429,49.41,37.39,42.0
31430,48.27,8.43,42.0
31431,44.44,0.0,42.0
31432,50.0,20.0,42.0
31433,52.26,15.81,42.0
31434,43.75,18.18,42.0
31435,50.42,17.24,42.0
31436,51.62,19.51,42.0
31437,47.19,33.33,42.0
31439,48.02,36.99,42.0
31440,52.54,0.0,42.0
31441,47.65,25.0,42.0
31442,49.39,1.96,42.0
31443,47.42,7.14,42.0
31444,45.93,18.75,42.0
31445,53.92,29.22,42.0
31446,51.62,32.28,42.0
31447,41.38,0.0,42.0
31448,48.68,60.47,42.0
31449,53.96,0.0,42.0
31450,52.08,17.47,42.0
31451,53.19,8.39,42.0
31452,45.83,50.0,42.0
31453,51.09,20.0,42.0
31454,51.99,12.83,42.0
31455,51.77,14.08,42.0
31456,52.54,0.0,42.0
31457,51.64,11.39,42.0
31458,49.68,19.79,42.0
31459,49.31,35.38,42.0
31460,50.99,18.55,42.0
31461,48.91,3.57,42.0
31462,49.42,38.6,42.0
31463,50.66,19.05,42.0
31464,51.7,8.82,42.0
31466,50.0,19.51,42.0
31467,51.93,14.09,42.0
31468,51.75,11.76,42.0
31469,45.74,0.0,42.0
31470,41.33,0.0,42.0
31471,56.1,6.52,42.0
31472,51.27,4.35,42.0
31473,47.24,13.64,42.0
31474,51.1,13.64,42.0
31475,50.42,18.98,42.0
31476,49.73,21.84,42.0
31477,49.09,16.67,42.0
31478,50.0,14.75,42.0
31479,50.85,0.0,42.0
31480,50.95,36.28,42.0
31481,50.11,17.84,42.0
31482,51.71,9.09,42.0
31483,55.01,10.76,42.0
31484,51.85,25.69,42.0
31485,49.15,30.0,42.0
31486,49.69,13.28,42.0
31487,49.25,12.0,42.0
31488,53.89,24.04,42.0
31489,49.67,27.03,42.0
31490,50.78,12.21,42.0
31491,49.77,18.2,42.0
31492,50.47,19.99,42.0
31493,45.67,16.67,42.0
31494,51.69,8.33,42.0
31495,48.98,23.48,42.0
31496,51.56,31.82,42.0
31497,50.38,20.2,42.0
31498,44.74,0.0,42.0
31499,52.25,16.58,42.0
31500,51.27,7.55,42.0
31501,49.99,15.53,42.0
31502,46.61,3.21,42.0
31503,50.53,5.0,42.0
31504,52.68,15.79,42.0
31505,46.7,3.23,42.0
31506,52.3,26.84,42.0
31507,50.16,16.96,42.0
31508,50.0,25.0,42.0
31509,46.99,5.56,42.0
31510,46.81,0.0,42.0
31511,50.39,15.0,42.0
31512,50.37,29.33,42.0
31513,52.66,8.0,42.0
31514,51.72,25.0,42.0
31515,49.83,20.47,42.0
31516,50.6,14.2,42.0
31517,51.63,10.31,42.0
31518,48.16,8.33,42.0
31519,47.71,20.0,42.0
31520,55.24,0.0,42.0
31521,50.45,14.29,42.0
31522,44.93,20.0,42.0
31523,55.33,9.23,42.0
31524,45.67,18.75,42.0
31525,52.04,5.45,42.0
31526,50.49,22.71,42.0
31527,57.33,9.09,42.0
31528,47.59,0.0,42.0
31529,42.86,0.0,42.0
31530,54.02,5.88,42.0
31531,37.68,20.0,42.0
31532,50.55,8.33,42.0
31533,50.45,18.75,42.0
31534,49.77,20.83,42.0
31535,50.9,11.2,42.0
31536,49.62,15.58,42.0
31537,48.72,10.53,42.0
31538,49.76,10.53,42.0
31539,45.16,0.0,42.0
31540,48.75,17.86,42.0
31541,50.49,35.22,42.0
31542,55.98,0.0,42.0
31543,52.54,33.33,42.0
31544,51.53,0.0,42.0
31545,49.05,0.0,42.0
31546,46.88,31.25,42.0
31547,46.13,16.53,42.0
31548,46.34,0.0,42.0
31550,48.96,7.98,42.0
31551,50.6,27.27,42.0
31552,50.0,20.0,42.0
31553,49.2,13.07,42.0
31554,51.61,0.0,42.0
31555,51.37,29.25,42.0
31556,52.97,5.52,42.0
31557,51.42,38.72,42.0
31558,49.3,12.9,42.0
31559,57.14,0.0,42.0
31560,48.13,30.0,42.0
31561,53.25,28.81,42.0
31562,52.5,6.67,42.0
31563,49.86,28.45,42.0
31564,52.67,20.0,42.0
31565,51.04,8.21,42.0
31566,49.14,14.18,42.0
31567,48.04,16.43,42.0
31568,50.78,24.24,42.0
31569,53.06,12.19,42.0
31570,46.81,20.57,42.0
31571,47.64,16.67,42.0
31572,49.95,31.98,42.0
31573,50.3,20.11,42.0
31574,50.1,24.42,42.0
31575,49.45,51.55,42.0
31576,48.21,32.35,42.0
31577,51.59,6.67,42.0
31578,49.63,52.89,42.0
31579,49.08,14.63,42.0
31580,51.9,23.0,42.0
31581,51.66,15.84,42.0
31582,53.04,17.11,42.0
31583,48.62,17.86,42.0
31584,51.13,10.16,42.0
31585,52.71,11.72,42.0
31586,48.66,10.45,42.0
31587,48.97,18.59,42.0
31588,51.95,20.06,42.0
31589,50.64,24.43,42.0
31590,60.0,0.0,42.0
31591,40.51,0.0,42.0
31592,49.09,22.91,42.0
31593,48.0,10.0,42.0
32001,52.24,3.69,42.0
32002,46.84,0.0,42.0
32003,51.22,0.0,42.0
32004,49.2,15.38,42.0
32005,51.71,8.7,42.0
32007,51.16,21.74,42.0
32008,54.05,0.0,42.0
32009,51.09,0.0,42.0
32010,50.56,0.0,42.0
32012,49.87,12.37,42.0
32013,52.83,13.37,42.0
32014,52.27,36.36,42.0
32015,53.93,0.0,42.0
32016,47.73,19.15,42.0
32017,49.61,36.36,42.0
32018,49.77,15.0,42.0
32019,50.99,11.51,42.0
32020,47.13,18.18,42.0
32021,50.0,33.33,42.0
32022,49.43,0.0,42.0
32023,51.72,9.09,42.0
32024,53.09,0.0,42.0
32025,51.25,12.5,42.0
32026,50.0,0.0,42.0
32027,53.88,9.32,42.0
32028,48.08,0.0,42.0
32029,51.84,1.52,42.0
32030,50.41,5.0,42.0
32031,52.35,0.0,42.0
32032,49.55,5.88,42.0
32033,44.57,14.29,42.0
32034,46.77,20.0,42.0
32035,51.01,4.35,42.0
32036,50.59,3.4,42.0
32037,49.61,6.67,42.0
32038,50.49,15.79,42.0
32039,47.54,8.33,42.0
32040,49.26,6.25,42.0
32041,52.12,0.0,42.0
32042,52.94,28.57,42.0
32043,49.66,18.18,42.0
32044,49.4,8.57,42.0
32045,50.69,13.51,42.0
32046,50.54,5.88,42.0
32047,49.55,0.0,42.0
32048,46.67,9.09,42.0
32049,53.95,11.11,42.0
32050,52.88,0.0,42.0
32051,50.0,9.09,42.0
32052,53.49,6.67,42.0
32053,48.65,5.26,42.0
32054,49.86,21.05,42.0
32055,50.45,16.67,42.0
32056,42.22,0.0,42.0
32057,50.78,12.5,42.0
32058,44.12,0.0,42.0
32059,48.11,0.0,42.0
32060,49.27,0.0,42.0
32061,60.92,13.86,42.0
32062,51.85,0.0,42.0
32063,47.88,15.0,42.0
32064,50.8,0.0,42.0
32065,44.49,4.35,42.0
32066,49.02,7.69,42.0
32068,50.67,7.69,42.0
32069,47.83,12.5,42.0
32070,47.76,0.0,42.0
32071,48.11,17.65,42.0
32072,41.82,25.0,42.0
32073,47.44,16.67,42.0
32075,54.25,12.5,42.0
32076,48.15,18.18,42.0
32077,51.61,0.0,42.0
32078,42.37,16.13,42.0
32079,49.91,7.62,42.0
32080,51.02,0.0,42.0
32081,49.07,11.11,42.0
32082,48.35,7.69,42.0
32083,53.32,7.21,42.0
32084,51.92,20.0,42.0
32085,50.86,22.22,42.0
32086,47.44,0.0,42.0
32087,53.19,7.14,42.0
32088,50.45,8.33,42.0
32089,52.0,14.29,42.0
32090,47.82,18.92,42.0
32091,48.18,12.12,42.0
32092,48.57,25.0,42.0
32093,51.46,0.0,42.0
32094,50.22,2.7,42.0
32095,53.11,1.69,42.0
32096,51.15,9.13,42.0
32097,48.21,5.88,42.0
32098,49.06,22.58,42.0
32099,48.61,40.0,42.0
32100,47.24,0.0,42.0
32101,51.09,4.35,42.0
32102,49.26,10.0,42.0
32103,49.13,0.0,42.0
32104,49.38,13.33,42.0
32105,51.78,15.38,42.0
32106,55.19,9.37,42.0
32107,52.32,8.79,42.0
32108,45.45,16.67,42.0
32109,51.56,12.5,42.0
32110,50.08,2.76,42.0
32111,48.98,0.0,42.0
32112,52.87,9.52,42.0
32113,52.81,16.67,42.0
32114,47.2,7.69,42.0
32115,48.37,9.2,42.0
32116,48.76,6.25,42.0
32117,51.72,20.59,42.0
32118,48.55,14.29,42.0
32119,51.32,7.92,42.0
32120,51.58,12.5,42.0
32121,51.75,20.15,42.0
32122,47.97,5.55,42.0
32123,47.7,16.37,42.0
32124,47.85,13.64,42.0
32125,52.94,7.69,42.0
32126,47.53,0.0,42.0
32127,51.42,6.02,42.0
32128,46.77,10.53,42.0
32129,45.08,7.69,42.0
32130,49.98,10.79,42.0
32131,50.74,14.29,42.0
32132,53.3,9.8,42.0
32133,48.4,9.22,42.0
32134,51.26,15.0,42.0
32135,54.17,6.67,42.0
32136,50.0,0.0,42.0
32138,45.39,0.0,42.0
32139,50.89,11.11,42.0
32140,48.72,0.0,42.0
32141,53.51,10.0,42.0
32142,53.96,7.69,42.0
32143,49.91,0.0,42.0
32144,45.21,14.29,42.0
32145,55.32,40.0,42.0
32146,52.19,10.71,42.0
32147,52.27,9.52,42.0
32148,52.38,12.5,42.0
32149,50.99,9.09,42.0
32150,52.13,6.25,42.0
32151,45.45,0.0,42.0
32152,50.37,0.0,42.0
32153,51.97,7.69,42.0
32154,51.35,0.0,42.0
32155,50.26,12.1,42.0
32156,48.13,0.0,42.0
32157,50.58,0.0,42.0
32158,48.82,17.39,42.0
32159,52.36,7.41,42.0
32160,51.94,17.39,42.0
32161,54.95,22.73,42.0
32162,50.17,10.38,42.0
32163,48.75,3.74,42.0
32164,46.96,0.0,42.0
32165,48.47,9.09,42.0
32166,48.6,8.33,42.0
32167,46.07,6.45,42.0
32169,49.66,35.71,42.0
32170,48.94,0.0,42.0
32171,49.72,7.14,42.0
32172,49.72,19.35,42.0
32173,50.7,26.32,42.0
32174,49.08,8.33,42.0
32175,48.81,0.0,42.0
32176,51.22,0.0,42.0
32177,48.21,14.29,42.0
32178,47.44,28.57,42.0
32180,50.82,8.16,42.0
32181,50.22,0.0,42.0
32182,49.44,35.29,42.0
32183,48.93,8.0,42.0
32184,51.11,0.0,42.0
32185,46.0,0.0,42.0
32186,45.12,0.0,42.0
32187,48.46,0.0,42.0
32188,50.0,20.0,42.0
32189,51.89,7.69,42.0
32190,50.85,11.17,42.0
32191,44.83,10.0,42.0
32192,48.36,5.26,42.0
32193,51.49,5.0,42.0
32194,51.17,0.0,42.0
32195,51.11,0.0,42.0
32196,52.8,10.53,42.0
32197,51.26,3.73,42.0
32198,46.97,5.0,42.0
32199,45.76,21.05,42.0
32200,50.58,11.59,42.0
32201,49.7,26.67,42.0
32202,53.14,3.7,42.0
32203,50.97,8.33,42.0
32204,52.46,13.98,42.0
32205,49.53,9.09,42.0
32206,49.13,0.0,42.0
32207,52.32,23.53,42.0
32208,53.71,11.33,42.0
32209,49.28,5.88,42.0
32210,49.84,32.16,42.0
32211,56.44,15.0,42.0
32212,46.12,0.0,42.0
32213,51.76,8.37,42.0
32214,46.15,0.0,42.0
32215,52.8,7.14,42.0
32216,48.67,8.33,42.0
32217,52.38,0.0,42.0
32218,53.42,33.33,42.0
32219,49.56,9.98,42.0
32220,52.11,8.33,42.0
32221,50.49,12.5,42.0
32222,55.84,0.0,42.0
32223,42.84,0.0,42.0
32224,52.26,12.0,42.0
32225,47.12,9.09,42.0
32226,56.1,0.0,42.0
32227,52.17,6.06,42.0
32228,48.78,0.0,42.0
32229,49.21,0.0,42.0
32230,52.17,0.0,42.0
32231,51.07,10.64,42.0
32232,52.0,0.0,42.0
32233,53.77,11.0,42.0
32234,48.57,25.93,42.0
32235,49.7,0.0,42.0
32236,46.67,0.0,42.0
32237,49.57,4.44,42.0
32238,51.22,14.29,42.0
32239,50.28,2.44,42.0
32240,50.94,0.0,42.0
32241,50.0,5.88,42.0
32242,50.15,4.59,42.0
32243,47.74,7.13,42.0
32244,47.2,0.0,42.0
32245,48.51,0.0,42.0
32246,47.25,5.29,42.0
32247,49.34,8.33,42.0
32248,52.78,0.0,42.0
32249,52.34,8.19,42.0
32250,56.58,12.5,42.0
32251,46.38,14.29,42.0
32252,50.97,6.74,42.0
32253,50.3,0.0,42.0
32254,50.71,7.89,42.0
32255,46.36,0.0,42.0
32256,52.9,13.01,42.0
32257,53.73,0.0,42.0
32258,47.52,0.0,42.0
32261,50.9,3.0,42.0
32262,47.82,18.42,42.0
32263,45.67,33.33,42.0
32264,51.18,0.0,42.0
32265,50.46,14.29,42.0
32266,46.75,0.0,42.0
32267,52.21,7.69,42.0
32268,47.78,16.0,42.0
32269,51.27,14.29,42.0
32270,50.0,9.09,42.0
32271,49.55,13.13,42.0
32272,49.7,0.0,42.0
32273,44.44,0.0,42.0
32274,48.4,0.0,42.0
32275,45.71,0.0,42.0
32276,50.77,37.5,42.0
32277,46.49,8.33,42.0
32278,48.78,0.0,42.0
32279,51.42,16.62,42.0
32280,45.74,11.11,42.0
32281,56.19,0.0,42.0
32282,49.32,15.69,42.0
32283,50.51,8.08,42.0
32284,49.28,0.0,42.0
32285,48.15,6.38,42.0
32286,53.57,5.08,42.0
32287,49.4,14.29,42.0
32288,45.65,33.33,42.0
32289,50.0,26.09,42.0
32290,52.55,0.99,42.0
32291,46.3,0.0,42.0
32292,49.09,7.14,42.0
32293,47.56,0.0,42.0
32294,40.0,0.0,42.0
32295,52.17,12.5,42.0
32296,54.72,6.29,42.0
32297,48.36,21.05,42.0
32298,49.87,15.15,42.0
32299,50.5,0.0,42.0
32300,49.63,13.79,42.0
32301,48.12,14.6,42.0
32302,48.54,8.0,42.0
32303,44.44,0.0,42.0
32304,49.49,9.99,42.0
32305,52.11,14.66,42.0
32306,47.25,10.53,42.0
32307,51.03,12.63,42.0
32308,54.17,33.33,42.0
32309,55.34,16.67,42.0
32310,50.48,11.11,42.0
32311,48.51,4.16,42.0
32312,49.53,3.45,42.0
32313,44.93,0.0,42.0
32314,45.33,0.0,42.0
32315,46.35,16.67,42.0
32316,45.45,0.0,42.0
32317,41.27,10.0,42.0
32318,51.58,12.5,42.0
32319,52.71,6.0,42.0
32320,52.67,5.56,42.0
32321,52.97,8.0,42.0
32322,49.76,21.74,42.0
32323,43.52,6.33,42.0
32324,53.75,16.67,42.0
32325,47.5,23.08,42.0
32326,49.66,0.0,42.0
32327,54.12,16.67,42.0
32328,49.11,22.22,42.0
32329,53.85,5.88,42.0
32330,53.17,0.0,42.0
32331,53.25,19.85,42.0
32332,51.24,23.53,42.0
32333,46.15,10.53,42.0
32334,50.02,27.1,42.0
32335,51.99,4.88,42.0
32336,46.88,12.5,42.0
32337,47.95,0.0,42.0
32338,45.41,4.17,42.0
32339,48.57,17.86,42.0
32340,47.58,5.63,42.0
32341,52.2,0.0,42.0
32342,46.15,0.0,42.0
32343,49.71,18.75,42.0
32344,54.78,2.12,42.0
32345,51.58,6.38,42.0
32346,48.56,0.0,42.0
32347,53.26,7.14,42.0
32348,50.1,10.69,42.0
32349,45.63,0.0,42.0
32350,47.92,0.0,42.0
32351,57.28,0.0,42.0
32352,52.73,23.08,42.0
32353,49.35,0.0,42.0
32354,50.39,6.67,42.0
32355,55.42,0.0,42.0
32356,42.74,0.0,42.0
32357,52.8,10.0,42.0
32358,50.77,7.14,42.0
32359,48.72,13.33,42.0
32360,50.35,18.75,42.0
32361,57.35,5.56,42.0
32362,49.01,9.09,42.0
32363,43.48,11.11,42.0
32364,52.69,0.0,42.0
32365,47.31,8.39,42.0
32366,49.32,0.0,42.0
32367,56.92,0.0,42.0
32368,49.02,15.38,42.0
32369,51.06,11.11,42.0
32370,50.27,8.54,42.0
32371,44.83,0.0,42.0
32372,47.42,32.0,42.0
32373,48.9,6.25,42.0
32374,44.74,6.25,42.0
32375,48.31,0.0,42.0
32376,47.11,0.0,42.0
32377,46.67,12.5,42.0
32378,49.89,10.81,42.0
32379,50.46,31.82,42.0
32380,50.0,13.7,42.0
32381,50.0,0.0,42.0
32382,51.16,9.2,42.0
32383,52.11,14.29,42.0
32384,49.02,32.0,42.0
32385,52.17,5.88,42.0
32386,50.35,0.0,42.0
32387,46.74,9.09,42.0
32388,50.13,6.82,42.0
32389,50.17,2.7,42.0
32390,51.9,0.0,42.0
32391,56.59,0.0,42.0
32392,57.47,0.0,42.0
32393,48.51,7.69,42.0
32394,49.58,3.57,42.0
32395,51.67,0.0,42.0
32396,51.71,0.0,42.0
32397,51.94,4.76,42.0
32398,50.97,4.0,42.0
32399,53.09,33.33,42.0
32400,48.45,5.26,42.0
32401,47.96,0.0,42.0
32402,52.78,0.0,42.0
32403,50.82,0.0,42.0
32404,51.11,11.11,42.0
32405,50.0,6.67,42.0
32406,48.68,7.12,42.0
32407,50.0,14.29,42.0
32408,46.55,7.14,42.0
32409,46.05,0.0,42.0
32410,52.02,14.62,42.0
32411,48.08,0.0,42.0
32412,50.74,8.97,42.0
32414,47.89,14.29,42.0
32415,51.11,12.5,42.0
32416,49.86,16.22,42.0
32417,51.68,11.91,42.0
32418,50.89,7.41,42.0
32419,46.53,0.0,42.0
32420,53.12,14.29,42.0
32421,46.58,20.0,42.0
32422,39.53,0.0,42.0
32423,47.62,0.0,42.0
32424,50.81,0.0,42.0
32425,49.83,18.79,42.0
32426,51.09,7.07,42.0
32427,44.83,0.0,42.0
32428,50.0,12.5,42.0
32429,48.92,8.33,42.0
32430,43.75,25.0,42.0
32431,50.0,0.0,42.0
32432,50.03,18.52,42.0
32433,52.27,8.93,42.0
32434,49.48,0.0,42.0
32435,50.3,12.5,42.0
32436,49.1,4.76,42.0
32437,50.25,6.67,42.0
32438,45.76,0.0,42.0
32439,51.48,0.0,42.0
32440,49.69,9.09,42.0
32441,48.53,0.0,42.0
32442,49.4,8.11,42.0
32443,48.05,20.0,42.0
32444,55.18,12.5,42.0
32445,48.08,0.0,42.0
32446,51.44,8.0,42.0
32447,52.0,0.0,42.0
32448,49.38,9.43,42.0
32449,45.92,4.35,42.0
32450,45.87,11.76,42.0
32451,51.69,11.76,42.0
32452,45.32,18.18,42.0
32453,46.46,9.09,42.0
32454,40.85,28.57,42.0
32455,53.7,0.0,42.0
32456,43.4,16.67,42.0
32457,50.93,11.54,42.0
32458,44.51,21.3,42.0
32459,53.33,9.71,42.0
32460,50.28,3.23,42.0
32461,54.03,0.0,42.0
32462,53.26,8.37,42.0
32463,49.98,5.41,42.0
32464,50.85,4.41,42.0
32465,47.62,0.0,42.0
32466,51.06,0.0,42.0
32467,52.45,8.33,42.0
32468,50.0,28.57,42.0
33001,51.14,3.17,42.0
33002,50.6,6.94,42.0
33003,52.42,8.23,42.0
33004,49.8,7.05,42.0
33005,53.96,17.07,42.0
33006,50.85,4.49,42.0
33007,49.67,9.17,42.0
33008,52.79,7.6,42.0
33009,57.54,16.09,42.0
33010,51.37,1.85,42.0
33011,54.22,11.15,42.0
33012,50.45,18.93,42.0
33013,51.52,14.73,42.0
33014,48.99,6.9,42.0
33015,49.08,18.34,42.0
33016,50.52,6.82,42.0
33017,47.96,12.0,42.0
33018,49.51,9.3,42.0
33019,52.61,10.61,42.0
33020,48.91,6.67,42.0
33021,52.1,6.82,42.0
33022,48.85,8.58,42.0
33023,51.2,12.89,42.0
33024,45.99,9.68,42.0
33025,51.24,2.5,42.0
33026,49.81,15.91,42.0
33027,49.74,17.39,42.0
33028,48.67,8.93,42.0
33029,51.09,12.3,42.0
33030,48.58,10.37,42.0
33031,51.91,26.67,42.0
33032,52.75,6.98,42.0
33033,53.32,19.54,42.0
33034,49.62,2.44,42.0
33035,50.51,6.09,42.0
33036,53.36,12.65,42.0
33037,51.94,16.59,42.0
33038,50.06,10.75,42.0
33039,52.78,15.89,42.0
33040,50.91,8.18,42.0
33042,50.99,10.04,42.0
33043,50.12,0.0,42.0
33044,49.91,8.33,42.0
33045,55.15,14.71,42.0
33046,51.92,7.42,42.0
33047,50.99,6.12,42.0
33048,48.97,4.35,42.0
33049,50.81,14.76,42.0
33050,52.56,16.23,42.0
33051,52.48,11.08,42.0
33052,52.65,10.62,42.0
33053,50.21,3.57,42.0
33054,51.33,12.0,42.0
33055,51.89,3.77,42.0
33056,51.52,16.58,42.0
33057,47.64,4.94,42.0
33058,52.48,13.44,42.0
33059,49.84,6.06,42.0
33060,48.07,14.89,42.0
33061,50.55,14.12,42.0
33062,50.95,8.82,42.0
33063,53.1,28.22,42.0
33064,44.9,0.0,42.0
33065,48.95,23.41,42.0
33066,47.47,25.0,42.0
33067,51.19,6.07,42.0
33068,54.84,14.29,42.0
33069,55.02,27.11,42.0
33070,49.26,8.7,42.0
33071,54.2,9.57,42.0
33072,53.27,3.85,42.0
33073,49.48,2.34,42.0
33074,51.46,17.39,42.0
33075,52.06,19.49,42.0
33076,49.65,11.37,42.0
33077,49.5,12.4,42.0
33078,49.54,12.77,42.0
33079,49.04,21.21,42.0
33080,51.37,12.84,42.0
33081,46.73,7.99,42.0
33082,50.18,6.61,42.0
33083,49.46,26.67,42.0
33084,50.49,8.08,42.0
33085,51.03,19.93,42.0
33086,49.79,13.89,42.0
33087,50.61,2.33,42.0
33088,52.17,5.67,42.0
33089,49.6,5.12,42.0
33090,51.75,18.52,42.0
33093,48.19,8.96,42.0
33094,52.26,3.85,42.0
33095,51.35,5.05,42.0
33096,53.53,12.78,42.0
33097,49.96,12.8,42.0
33098,49.83,14.03,42.0
33099,51.51,24.12,42.0
33100,48.73,8.25,42.0
33101,48.89,7.21,42.0
33102,50.74,2.71,42.0
33103,51.02,0.0,42.0
33104,52.45,9.03,42.0
33105,49.75,0.0,42.0
33106,51.53,10.76,42.0
33108,54.61,4.89,42.0
33109,49.83,11.64,42.0
33111,53.3,8.03,42.0
33112,52.99,10.0,42.0
33113,46.94,8.33,42.0
33114,51.71,2.67,42.0
33115,51.19,14.29,42.0
33116,50.87,4.55,42.0
33117,52.19,0.0,42.0
33118,50.57,22.26,42.0
33119,52.41,9.47,42.0
33120,51.15,8.65,42.0
33121,52.53,9.52,42.0
33122,51.57,26.17,42.0
33123,50.86,5.02,42.0
33124,49.55,0.0,42.0
33125,49.4,5.98,42.0
33126,49.18,11.25,42.0
33127,52.43,23.81,42.0
33128,49.65,7.04,42.0
33129,48.37,0.0,42.0
33130,50.71,9.6,42.0
33131,51.2,7.69,42.0
33132,51.82,0.0,42.0
33133,48.61,16.67,42.0
33134,47.8,3.33,42.0
33135,48.36,23.08,42.0
33136,46.91,0.0,42.0
33137,51.46,7.41,42.0
33138,54.06,5.92,42.0
33139,49.44,28.57,42.0
33140,54.16,7.95,42.0
33141,47.13,11.16,42.0
33142,51.1,7.69,42.0
33143,51.41,8.97,42.0
33144,51.27,10.82,42.0
33145,50.22,8.08,42.0
33146,49.17,3.62,42.0
33147,51.97,15.22,42.0
33148,47.78,14.29,42.0
33149,51.75,0.0,42.0
33150,63.24,13.04,42.0
33151,52.74,12.2,42.0
33152,55.83,0.0,42.0
33153,49.63,4.0,42.0
33154,51.99,4.19,42.0
33155,48.76,8.33,42.0
33156,51.83,6.06,42.0
33157,49.87,13.25,42.0
33158,51.12,6.67,42.0
33159,50.9,7.52,42.0
33160,52.19,3.51,42.0
33161,50.86,8.8,42.0
33162,52.92,15.64,42.0
33163,53.19,13.89,42.0
33164,51.75,11.49,42.0
33165,52.23,16.33,42.0
33166,47.57,5.26,42.0
33167,52.28,12.52,42.0
33168,50.4,10.91,42.0
33169,46.67,7.69,42.0
33170,50.94,6.41,42.0
33171,54.71,12.5,42.0
33172,48.53,3.6,42.0
33173,47.34,0.0,42.0
33174,53.14,15.05,42.0
33175,49.33,4.11,42.0
33176,49.95,24.2,42.0
33177,51.18,6.8,42.0
33178,50.27,6.06,42.0
33179,51.05,10.26,42.0
33180,47.34,4.76,42.0
33181,49.15,15.92,42.0
33182,51.27,12.9,42.0
33183,50.12,3.56,42.0
33184,51.0,13.21,42.0
33185,50.37,12.74,42.0
33186,53.2,4.38,42.0
33187,52.6,4.45,42.0
33188,44.57,0.0,42.0
33189,51.62,7.22,42.0
33190,47.01,0.0,42.0
33191,49.14,6.82,42.0
33192,51.38,24.64,42.0
33193,50.97,1.9,42.0
33194,51.1,11.54,42.0
33195,52.26,7.59,42.0
33196,53.04,20.0,42.0
33197,48.56,12.28,42.0
33198,52.84,9.7,42.0
33199,52.13,15.56,42.0
33200,52.05,21.75,42.0
33201,51.93,9.68,42.0
33202,50.1,12.59,42.0
33203,51.13,10.19,42.0
33204,53.39,4.94,42.0
33205,50.1,13.67,42.0
33206,50.72,15.09,42.0
33207,51.26,12.48,42.0
33208,49.93,2.74,42.0
33209,49.15,11.54,42.0
33210,49.88,11.54,42.0
33211,51.44,7.25,42.0
33212,50.34,10.0,42.0
33213,51.07,26.49,42.0
33214,51.06,14.19,42.0
33215,50.0,13.04,42.0
33216,51.12,12.5,42.0
33218,50.28,3.87,42.0
33219,52.3,10.25,42.0
33220,52.15,3.23,42.0
33221,50.96,0.98,42.0
33222,53.57,18.52,42.0
33223,49.08,0.0,42.0
33224,48.54,38.46,42.0
33225,50.69,12.68,42.0
33226,48.87,12.32,42.0
33227,53.21,7.9,42.0
33228,50.38,14.98,42.0
33229,52.78,14.57,42.0
33230,50.46,4.26,42.0
33231,47.32,0.0,42.0
33232,48.78,50.0,42.0
33233,49.5,5.53,42.0
33234,52.18,30.32,42.0
33235,49.73,6.25,42.0
33236,51.55,12.31,42.0
33237,48.91,10.53,42.0
33238,51.64,24.13,42.0
33239,51.53,2.27,42.0
33240,53.21,3.76,42.0
33241,51.86,20.0,42.0
33242,53.48,1.99,42.0
33243,54.5,11.57,42.0
33244,52.36,8.11,42.0
33245,47.34,21.09,42.0
33246,51.33,0.0,42.0
33247,48.91,11.11,42.0
33248,49.7,6.79,42.0
33249,52.72,6.33,42.0
33250,52.01,20.0,42.0
33251,47.64,6.41,42.0
33252,49.16,7.58,42.0
33253,51.24,8.25,42.0
33254,52.95,6.47,42.0
33255,51.88,0.0,42.0
33256,50.02,17.28,42.0
33257,53.81,7.84,42.0
33258,51.0,3.45,42.0
33259,51.92,8.16,42.0
33260,48.67,13.16,42.0
33261,51.48,5.26,42.0
33262,50.93,10.74,42.0
33263,52.88,10.34,42.0
33264,49.95,6.8,42.0
33266,50.3,17.18,42.0
33268,49.77,5.24,42.0
33269,51.11,2.63,42.0
33270,48.98,0.0,42.0
33271,47.57,20.0,42.0
33272,49.14,11.57,42.0
33273,49.01,25.0,42.0
33274,50.71,21.44,42.0
33275,47.17,0.0,42.0
33276,53.33,9.09,42.0
33277,55.18,11.54,42.0
33278,50.26,11.54,42.0
33279,49.34,8.96,42.0
33280,50.3,4.0,42.0
33281,53.03,22.14,42.0
33282,54.85,10.0,42.0
33283,48.88,0.0,42.0
33284,50.6,13.59,42.0
33285,47.82,5.71,42.0
33287,51.72,10.34,42.0
33288,49.78,0.0,42.0
33289,53.44,6.43,42.0
33290,50.15,13.12,42.0
33291,47.17,9.09,42.0
33292,46.62,0.0,42.0
33293,50.32,11.57,42.0
33294,50.85,14.29,42.0
33295,46.15,20.0,42.0
33296,50.19,1.2,42.0
33297,49.87,9.11,42.0
33298,52.4,13.7,42.0
33299,46.41,9.3,42.0
33300,49.14,5.37,42.0
33301,50.03,9.62,42.0
33302,52.8,14.69,42.0
33303,49.86,14.77,42.0
33304,50.93,7.69,42.0
33305,47.51,7.11,42.0
33306,48.58,10.9,42.0
33307,50.21,12.66,42.0
33308,49.88,17.86,42.0
33309,49.77,4.25,42.0
33310,45.7,0.0,42.0
33311,49.5,13.33,42.0
33312,51.93,16.31,42.0
33314,51.05,6.15,42.0
33315,51.95,4.83,42.0
33316,50.96,2.2,42.0
33317,48.42,12.73,42.0
33318,52.6,25.57,42.0
33319,47.78,7.89,42.0
33320,49.05,6.49,42.0
33321,50.42,10.05,42.0
33322,50.48,19.23,42.0
33323,50.85,17.84,42.0
33324,53.19,6.84,42.0
33325,51.98,15.02,42.0
33326,50.67,4.76,42.0
33327,51.42,8.27,42.0
33328,47.2,7.55,42.0
33329,49.12,17.86,42.0
33330,50.56,24.17,42.0
33331,52.19,19.57,42.0
33332,48.59,7.14,42.0
33333,49.94,9.0,42.0
33334,51.44,10.57,42.0
33335,47.16,10.42,42.0
33336,51.37,1.25,42.0
33337,50.91,14.57,42.0
33339,49.84,13.99,42.0
33341,49.47,9.05,42.0
33342,49.09,5.36,42.0
33343,49.12,12.23,42.0
33344,51.34,14.63,42.0
33345,49.49,2.78,42.0
33346,51.38,21.45,42.0
33347,49.51,6.45,42.0
33348,50.99,4.63,42.0
33349,49.06,20.91,42.0
33350,53.1,4.68,42.0
33351,48.98,4.65,42.0
33352,51.07,5.72,42.0
33353,51.53,5.56,42.0
33354,50.76,0.0,42.0
33355,50.3,8.1,42.0
33356,51.7,13.33,42.0
33357,51.57,15.19,42.0
33358,48.2,14.32,42.0
33359,50.89,0.0,42.0
33360,49.21,6.4,42.0
33361,51.65,9.62,42.0
33362,51.77,2.98,42.0
33363,50.61,17.14,42.0
33364,49.28,9.93,42.0
33365,52.63,26.67,42.0
33366,52.02,10.53,42.0
33367,52.44,8.6,42.0
33369,50.97,6.9,42.0
33370,48.97,1.67,42.0
33372,45.16,0.0,42.0
33373,50.96,0.0,42.0
33374,51.01,2.53,42.0
33375,49.77,17.71,42.0
33376,50.99,34.46,42.0
33377,52.99,0.0,42.0
33378,51.26,6.45,42.0
33379,52.0,6.26,42.0
33380,49.78,7.2,42.0
33381,51.79,14.57,42.0
33382,52.33,4.71,42.0
33383,48.5,9.68,42.0
33384,51.49,13.98,42.0
33385,47.47,3.33,42.0
33386,51.83,0.0,42.0
33387,49.42,4.55,42.0
33388,50.47,13.33,42.0
33389,52.01,8.37,42.0
33390,48.31,14.96,42.0
33391,52.62,15.15,42.0
33392,50.67,10.12,42.0
33393,52.06,7.58,42.0
33394,50.29,12.64,42.0
33395,50.03,2.67,42.0
33396,47.69,3.19,42.0
33397,50.68,10.84,42.0
33398,47.93,5.56,42.0
33399,52.41,4.26,42.0
33400,50.6,14.85,42.0
33401,47.26,16.67,42.0
33402,53.76,5.33,42.0
33403,52.21,7.14,42.0
33404,51.04,0.0,42.0
33405,53.52,15.38,42.0
33406,53.65,2.27,42.0
33407,47.83,11.4,42.0
33408,49.88,5.82,42.0
33411,50.0,0.0,42.0
33412,50.04,3.85,42.0
33413,51.5,20.98,42.0
33414,47.49,7.5,42.0
33415,50.62,8.46,42.0
33416,51.04,3.19,42.0
33417,50.7,11.04,42.0
33418,49.45,0.0,42.0
33419,56.96,0.0,42.0
33420,45.05,0.0,42.0
33421,48.67,7.5,42.0
33422,50.64,18.5,42.0
33423,48.73,5.2,42.0
33424,50.92,6.14,42.0
33425,49.3,10.64,42.0
33426,49.34,3.12,42.0
33427,47.77,13.04,42.0
33428,52.38,0.0,42.0
33429,48.73,0.0,42.0
33431,49.66,13.33,42.0
33432,47.77,17.39,42.0
33433,51.72,14.3,42.0
33434,50.68,7.69,42.0
33435,54.9,13.64,42.0
33436,50.28,9.78,42.0
33437,51.79,5.2,42.0
33438,51.42,3.64,42.0
33439,50.95,7.24,42.0
33440,44.78,0.0,42.0
33441,50.53,15.53,42.0
33442,48.17,8.47,42.0
33443,48.7,9.43,42.0
33444,48.38,13.73,42.0
33445,52.71,10.09,42.0
33446,47.62,0.0,42.0
33447,52.88,6.59,42.0
33448,48.96,14.44,42.0
33449,51.95,22.36,42.0
33450,50.93,4.57,42.0
33451,49.43,12.28,42.0
33452,48.56,13.16,42.0
33453,48.04,8.33,42.0
33454,50.36,15.7,42.0
33456,47.24,5.45,42.0
33457,49.2,14.52,42.0
33458,49.18,1.13,42.0
33459,51.58,11.11,42.0
33460,48.41,7.51,42.0
33461,48.79,6.17,42.0
33462,51.7,7.62,42.0
33463,50.98,10.74,42.0
33464,47.59,3.55,42.0
33465,52.22,11.57,42.0
33466,49.24,6.71,42.0
33467,51.72,4.76,42.0
33468,47.74,4.36,42.0
33470,50.63,13.95,42.0
33471,50.45,5.92,42.0
33472,46.73,6.64,42.0
33473,51.08,8.67,42.0
33474,48.88,21.04,42.0
33475,50.59,7.18,42.0
33476,48.33,4.48,42.0
33477,55.24,10.26,42.0
33478,54.59,4.01,42.0
33479,50.31,4.55,42.0
33480,53.19,11.02,42.0
33481,45.15,0.0,42.0
33482,51.21,0.0,42.0
33483,51.16,17.0,42.0
33484,53.07,5.23,42.0
33485,52.75,8.28,42.0
33486,50.81,0.0,42.0
33487,50.0,6.42,42.0
33488,50.54,5.26,42.0
33489,48.97,2.86,42.0
33490,51.72,6.61,42.0
33491,49.62,3.47,42.0
33492,51.53,3.37,42.0
33493,48.46,14.43,42.0
33494,48.16,10.34,42.0
33496,51.99,18.46,42.0
33498,50.81,16.24,42.0
33499,48.06,6.0,42.0
33500,48.83,8.57,42.0
33501,50.31,15.36,42.0
33502,48.13,6.45,42.0
33503,49.2,18.52,42.0
33504,51.02,11.54,42.0
33505,49.4,6.25,42.0
33506,51.84,7.89,42.0
33507,48.96,10.71,42.0
33508,48.72,5.19,42.0
33509,51.41,18.6,42.0
33510,51.77,5.0,42.0
33511,46.4,8.82,42.0
33512,50.51,3.57,42.0
33513,54.62,0.0,42.0
33514,54.24,9.63,42.0
33515,48.55,6.98,42.0
33516,46.74,10.53,42.0
33517,50.47,6.67,42.0
33518,50.24,15.1,42.0
33519,50.82,23.12,42.0
33520,47.66,9.09,42.0
33521,49.07,10.71,42.0
33522,52.61,25.36,42.0
33523,53.08,7.18,42.0
33524,51.68,2.56,42.0
33525,50.52,5.34,42.0
33526,48.03,0.0,42.0
33527,52.55,12.3,42.0
33528,49.5,18.95,42.0
33529,53.07,12.4,42.0
33530,48.43,7.06,42.0
33531,50.8,7.69,42.0
33532,48.22,3.85,42.0
33533,52.84,3.33,42.0
33534,50.48,14.29,42.0
33535,51.96,21.7,42.0
33536,50.52,15.38,42.0
33537,49.65,18.37,42.0
33538,49.11,2.2,42.0
33539,50.42,14.44,42.0
33540,52.59,8.29,42.0
33541,50.34,1.33,42.0
33542,50.31,8.43,42.0
33543,49.62,8.77,42.0
33544,50.52,4.88,42.0
33545,52.26,6.19,42.0
33546,50.53,6.89,42.0
33547,49.6,8.55,42.0
33548,50.21,10.82,42.0
33549,52.63,24.09,42.0
33550,52.22,15.51,42.0
33551,51.13,7.69,42.0
33552,50.31,8.15,42.0
33553,51.59,4.56,42.0
33554,50.71,17.5,42.0
33555,50.35,11.75,42.0
34001,51.79,2.02,42.0
34002,50.12,10.28,42.0
34003,53.3,8.67,42.0
34004,50.99,4.55,42.0
34005,52.21,19.05,42.0
34006,47.65,22.22,42.0
34007,52.69,10.87,42.0
34008,49.63,1.82,42.0
34009,52.19,7.7,42.0
34010,50.13,12.65,42.0
34011,45.95,18.18,42.0
34012,48.88,20.33,42.0
34013,50.77,9.4,42.0
34014,51.42,35.11,42.0
34015,52.3,6.67,42.0
34016,51.89,21.35,42.0
34017,52.5,13.38,42.0
34018,50.29,11.25,42.0
34019,48.3,4.17,42.0
34020,54.23,20.97,42.0
34021,51.13,6.67,42.0
34022,50.72,18.25,42.0
34023,53.86,9.24,42.0
34024,52.46,8.03,42.0
34025,52.32,11.96,42.0
34026,46.51,11.11,42.0
34027,49.37,17.13,42.0
34028,52.22,6.5,42.0
34029,50.91,5.26,42.0
34030,47.87,5.88,42.0
34031,51.4,6.42,42.0
34032,52.41,9.72,42.0
34033,52.55,20.22,42.0
34034,44.44,25.0,42.0
34035,49.25,16.0,42.0
34036,49.42,11.3,42.0
34037,53.87,14.92,42.0
34038,54.42,11.02,42.0
34039,49.39,9.52,42.0
34040,41.38,14.29,42.0
34041,48.72,14.74,42.0
34042,49.78,17.64,42.0
34043,50.29,27.5,42.0
34044,49.32,11.27,42.0
34045,49.91,9.86,42.0
34046,48.98,0.0,42.0
34047,51.46,15.94,42.0
34048,52.54,6.25,42.0
34049,49.87,18.75,42.0
34050,51.96,14.76,42.0
34051,51.22,11.29,42.0
34052,52.44,8.96,42.0
34053,50.0,35.71,42.0
34054,43.64,0.0,42.0
34055,47.45,0.0,42.0
34056,51.71,5.83,42.0
34057,51.92,25.13,42.0
34058,51.58,19.44,42.0
34059,46.05,0.0,42.0
34060,50.56,10.71,42.0
34061,52.34,10.8,42.0
34062,47.37,0.0,42.0
34063,52.12,7.91,42.0
34064,51.21,6.0,42.0
34065,49.62,15.68,42.0
34066,46.52,50.0,42.0
34067,51.64,6.99,42.0
34068,50.18,2.78,42.0
34069,51.22,7.23,42.0
34070,50.32,3.28,42.0
34071,50.2,12.0,42.0
34072,59.26,0.0,42.0
34073,51.75,13.08,42.0
34074,52.23,4.71,42.0
34075,48.47,0.0,42.0
34076,50.8,15.72,42.0
34077,52.38,32.49,42.0
34078,51.18,18.35,42.0
34079,53.94,10.39,42.0
34080,53.63,12.2,42.0
34081,52.36,6.65,42.0
34082,48.25,31.64,42.0
34083,48.63,8.45,42.0
34084,53.43,8.82,42.0
34085,49.33,12.5,42.0
34086,52.7,0.0,42.0
34087,51.83,13.79,42.0
34088,50.64,14.42,42.0
34089,52.22,15.35,42.0
34090,52.57,25.06,42.0
34091,53.57,0.0,42.0
34092,49.38,5.64,42.0
34094,50.91,7.45,42.0
34095,51.69,12.57,42.0
34096,48.36,6.81,42.0
34097,49.11,17.5,42.0
34098,50.33,0.0,42.0
34099,51.06,20.0,42.0
34100,51.35,20.0,42.0
34101,51.71,8.07,42.0
34102,49.71,23.68,42.0
34103,51.83,8.17,42.0
34104,44.44,0.0,42.0
34105,54.25,4.55,42.0
34106,52.15,11.11,42.0
34107,47.61,0.0,42.0
34108,52.27,8.59,42.0
34109,52.16,11.48,42.0
34110,50.74,13.25,42.0
34111,55.36,5.88,42.0
34112,49.1,15.38,42.0
34113,51.21,9.81,42.0
34114,51.72,11.85,42.0
34115,52.21,12.5,42.0
34116,51.48,21.66,42.0
34117,49.63,3.82,42.0
34118,49.51,20.83,42.0
34119,53.45,5.97,42.0
34120,52.11,23.15,42.0
34121,49.83,4.17,42.0
34122,50.36,9.64,42.0
34123,53.28,19.88,42.0
34124,52.2,11.11,42.0
34125,54.05,0.0,42.0
34126,54.32,6.13,42.0
34127,51.47,14.91,42.0
34128,51.62,10.16,42.0
34129,52.16,21.85,42.0
34130,53.02,3.16,42.0
34131,50.08,20.0,42.0
34132,47.87,6.67,42.0
34133,55.56,28.57,42.0
34134,52.83,17.21,42.0
34135,51.23,11.64,42.0
34136,51.37,5.51,42.0
34137,46.31,0.0,42.0
34138,47.34,7.69,42.0
34139,51.08,4.81,42.0
34140,51.35,12.87,42.0
34141,51.62,2.22,42.0
34142,52.48,9.12,42.0
34143,52.44,9.78,42.0
34144,49.4,8.48,42.0
34145,51.7,9.68,42.0
34146,52.3,11.41,42.0
34147,52.28,8.7,42.0
34148,53.38,9.17,42.0
34149,51.38,5.88,42.0
34150,53.26,7.82,42.0
34151,52.41,7.6,42.0
34152,51.48,19.73,42.0
34153,53.24,28.0,42.0
34154,51.88,18.89,42.0
34155,50.79,8.89,42.0
34156,48.39,0.0,42.0
34157,52.45,10.85,42.0
34158,53.4,0.0,42.0
34159,50.84,16.23,42.0
34160,52.25,8.37,42.0
34161,52.04,8.57,42.0
34162,51.54,8.6,42.0
34163,51.18,18.78,42.0
34164,49.9,23.66,42.0
34165,50.32,12.82,42.0
34166,51.28,12.79,42.0
34167,46.84,10.0,42.0
34168,52.63,0.0,42.0
34169,50.73,39.77,42.0
34170,51.19,13.64,42.0
34171,47.09,17.65,42.0
34172,53.33,22.87,42.0
34173,50.88,18.75,42.0
34174,51.29,5.38,42.0
34175,51.75,10.53,42.0
34176,50.76,17.86,42.0
34177,48.46,16.13,42.0
34178,52.68,6.88,42.0
34179,51.85,23.76,42.0
34180,49.35,15.45,42.0
34181,51.01,8.86,42.0
34182,52.31,14.47,42.0
34183,51.63,3.81,42.0
34184,51.2,13.81,42.0
34185,47.15,20.26,42.0
34186,49.96,15.57,42.0
34187,50.91,18.46,42.0
34188,46.63,31.04,42.0
34189,51.57,3.34,42.0
34190,52.17,4.76,42.0
34191,49.89,10.94,42.0
34192,55.41,13.5,42.0
34193,49.71,0.0,42.0
34194,51.58,7.75,42.0
34195,49.06,50.0,42.0
34196,49.34,16.67,42.0
34197,51.72,2.3,42.0
34198,52.33,23.19,42.0
34199,54.18,11.99,42.0
34200,54.27,11.11,42.0
34201,55.44,13.33,42.0
34202,51.58,15.42,42.0
34203,50.33,7.45,42.0
34204,51.59,14.83,42.0
34205,47.32,14.29,42.0
34206,50.67,8.18,42.0
34207,52.89,9.39,42.0
34208,48.55,11.43,42.0
34209,51.16,10.12,42.0
34210,52.21,13.54,42.0
34211,52.56,4.86,42.0
34212,46.41,0.0,42.0
34213,51.52,13.33,42.0
34214,49.35,7.36,42.0
34215,50.21,12.77,42.0
34216,50.46,3.45,42.0
34217,51.89,23.5,42.0
34218,49.05,6.9,42.0
34219,51.43,6.24,42.0
34220,51.91,21.05,42.0
34221,50.48,15.0,42.0
34222,50.53,13.46,42.0
34223,51.31,8.25,42.0
34224,50.84,15.93,42.0
34225,51.93,10.07,42.0
34226,51.89,5.62,42.0
34227,50.55,16.58,42.0
34228,47.56,33.33,42.0
34229,48.94,7.58,42.0
34230,53.02,9.09,42.0
34231,73.08,0.0,42.0
34232,50.85,10.42,42.0
34233,51.43,10.0,42.0
34234,42.02,12.5,42.0
34235,47.91,0.0,42.0
34236,44.44,33.33,42.0
34237,51.02,10.94,42.0
34238,42.55,0.0,42.0
34239,52.68,13.81,42.0
34240,50.25,25.79,42.0
34241,49.24,14.57,42.0
34242,51.03,31.53,42.0
34243,51.86,13.13,42.0
34244,50.98,18.75,42.0
34245,52.96,6.45,42.0
34246,51.6,18.69,42.0
34247,50.89,41.07,42.0
34248,50.77,28.28,42.0
34249,51.63,23.46,42.0
34250,51.96,4.55,42.0
34251,50.87,18.37,42.0
34252,49.25,0.0,42.0
34254,53.15,13.11,42.0
34255,53.25,30.51,42.0
34256,52.26,24.08,42.0
34257,42.12,0.0,42.0
34258,51.07,8.95,42.0
34259,52.64,18.6,42.0
34260,52.3,6.71,42.0
34261,51.79,18.52,42.0
34262,50.14,25.0,42.0
34263,53.77,22.03,42.0
34264,49.59,30.77,42.0
34265,50.54,19.7,42.0
34266,50.24,33.34,42.0
34267,51.91,16.87,42.0
34268,51.08,11.27,42.0
34269,48.87,16.67,42.0
34270,52.35,25.24,42.0
34271,51.77,15.38,42.0
34272,50.66,9.56,42.0
34273,54.37,5.88,42.0
34274,50.59,18.48,42.0
34276,51.6,22.02,42.0
34277,50.54,14.29,42.0
34278,45.45,0.0,42.0
34279,48.26,0.0,42.0
34280,50.52,6.88,42.0
34281,50.99,6.37,42.0
34282,50.14,18.85,42.0
34283,44.72,15.38,42.0
34284,53.73,8.67,42.0
34285,49.91,7.55,42.0
34286,50.11,13.21,42.0
34287,51.45,8.33,42.0
34288,50.09,25.0,42.0
34289,51.04,8.68,42.0
34290,49.03,29.94,42.0
34291,52.54,14.81,42.0
34292,48.74,15.38,42.0
34293,50.45,7.82,42.0
34294,49.73,14.95,42.0
34295,50.36,23.68,42.0
34296,47.71,17.22,42.0
34297,53.06,5.71,42.0
34298,53.63,8.91,42.0
34299,52.99,12.64,42.0
34300,51.22,8.4,42.0
34301,53.72,11.67,42.0
34302,50.53,1.92,42.0
34303,51.28,33.33,42.0
34304,52.31,4.94,42.0
34305,51.09,0.0,42.0
34306,48.15,10.53,42.0
34307,51.31,26.44,42.0
34308,49.24,2.07,42.0
34309,51.93,26.51,42.0
34310,51.92,8.02,42.0
34311,51.35,11.03,42.0
34312,49.48,11.11,42.0
34313,52.18,20.44,42.0
34314,48.81,17.96,42.0
34315,50.76,13.89,42.0
34316,50.0,5.88,42.0
34317,48.61,0.0,42.0
34318,51.21,17.95,42.0
34319,51.41,11.11,42.0
34320,50.75,24.19,42.0
34321,50.19,17.89,42.0
34322,50.06,32.88,42.0
34323,50.0,25.0,42.0
34324,54.6,10.41,42.0
34325,51.45,7.53,42.0
34326,51.65,36.54,42.0
34327,51.05,20.13,42.0
34328,50.15,21.77,42.0
34329,51.41,7.98,42.0
34331,54.76,14.29,42.0
34332,52.16,6.97,42.0
34333,51.34,12.99,42.0
34334,49.63,9.09,42.0
34335,48.06,8.33,42.0
34336,51.87,9.94,42.0
34337,48.03,12.5,42.0
34338,56.25,0.0,42.0
34339,50.54,30.0,42.0
34340,49.43,17.22,42.0
34341,50.86,12.36,42.0
34342,48.06,14.29,42.0
34343,49.47,28.57,42.0
34344,54.16,16.26,42.0
35001,51.21,28.76,42.0
35002,48.02,16.76,42.0
35003,48.57,8.59,42.0
35004,50.98,5.94,42.0
35005,47.41,3.45,42.0
35006,50.72,7.94,42.0
35007,48.25,10.2,42.0
35008,49.25,4.84,42.0
35009,51.82,8.87,42.0
35010,51.56,5.16,42.0
35012,51.74,11.88,42.0
35013,50.61,7.02,42.0
35014,49.26,7.21,42.0
35015,49.51,6.93,42.0
35016,48.56,10.31,42.0
35017,46.97,11.84,42.0
35018,48.21,2.88,42.0
35019,50.76,10.93,42.0
35021,50.44,4.88,42.0
35022,51.93,9.54,42.0
35023,50.22,12.45,42.0
35024,52.18,27.36,42.0
35025,50.41,7.53,42.0
35026,50.0,0.0,42.0
35027,50.24,5.61,42.0
35028,47.57,5.63,42.0
35029,48.9,7.35,42.0
35030,49.12,11.88,42.0
35031,49.47,11.45,42.0
35032,50.48,15.63,42.0
35033,51.86,15.79,42.0
35034,51.12,6.61,42.0
35035,46.55,18.19,42.0
35037,50.52,14.42,42.0
35038,45.77,2.78,42.0
35039,49.6,20.54,42.0
35040,50.34,8.9,42.0
35041,49.29,9.63,42.0
35042,46.89,7.94,42.0
35044,48.18,9.09,42.0
35045,50.0,5.8,42.0
35046,46.87,0.0,42.0
35047,50.78,21.36,42.0
35049,53.01,15.0,42.0
35050,48.66,10.0,42.0
35051,49.49,37.61,42.0
35052,48.81,15.09,42.0
35054,48.42,13.71,42.0
35055,53.67,20.1,42.0
35056,49.94,4.49,42.0
35057,50.04,10.34,42.0
35058,49.71,14.5,42.0
35059,51.28,22.25,42.0
35060,47.06,3.74,42.0
35061,48.12,4.29,42.0
35062,49.25,3.22,42.0
35063,51.12,10.0,42.0
35064,49.32,10.14,42.0
35065,52.06,6.07,42.0
35066,51.7,17.97,42.0
35067,49.81,25.46,42.0
35068,50.96,16.64,42.0
35069,50.69,22.48,42.0
35070,49.12,3.54,42.0
35071,51.76,9.09,42.0
35072,48.74,9.7,42.0
35075,50.63,7.91,42.0
35076,51.33,16.94,42.0
35077,46.66,2.7,42.0
35078,52.21,2.41,42.0
35079,51.45,20.93,42.0
35080,49.43,17.71,42.0
35081,50.26,20.99,42.0
35082,48.26,8.51,42.0
35084,48.15,6.45,42.0
35085,51.53,13.09,42.0
35086,48.98,12.28,42.0
35087,47.68,5.5,42.0
35088,51.54,17.94,42.0
35089,49.22,5.77,42.0
35090,49.93,10.64,42.0
35091,51.78,3.45,42.0
35092,49.28,2.56,42.0
35093,55.75,16.84,42.0
35094,50.57,10.56,42.0
35095,53.17,10.12,42.0
35096,48.14,9.26,42.0
35097,49.22,4.01,42.0
35098,46.91,5.07,42.0
35099,50.02,20.65,42.0
35101,49.08,7.76,42.0
35102,46.11,4.02,42.0
35103,47.9,9.97,42.0
35104,49.73,6.7,42.0
35105,50.14,7.26,42.0
35106,47.83,6.25,42.0
35107,48.68,12.94,42.0
35108,48.05,9.43,42.0
35109,51.05,9.16,42.0
35110,47.41,15.15,42.0
35111,48.05,5.09,42.0
35114,47.93,3.85,42.0
35115,52.39,10.55,42.0
35116,50.64,6.52,42.0
35117,47.41,3.12,42.0
35118,50.03,16.08,42.0
35119,48.19,8.15,42.0
35120,51.56,18.25,42.0
35121,49.86,14.72,42.0
35122,51.29,7.95,42.0
35123,49.74,10.47,42.0
35124,49.0,8.85,42.0
35125,52.55,5.2,42.0
35126,51.26,15.5,42.0
35127,49.47,9.26,42.0
35128,49.53,10.11,42.0
35130,48.97,18.3,42.0
35131,51.42,14.87,42.0
35132,52.47,8.0,42.0
35133,49.23,11.87,42.0
35134,51.48,13.79,42.0
35135,48.97,11.02,42.0
35136,51.31,12.38,42.0
35137,50.05,9.18,42.0
35138,51.1,4.72,42.0
35139,51.22,25.45,42.0
35140,48.23,1.85,42.0
35141,46.95,6.67,42.0
35142,49.43,2.59,42.0
35143,48.51,10.11,42.0
35144,49.61,5.94,42.0
35145,50.84,6.78,42.0
35146,48.29,12.73,42.0
35148,52.21,7.69,42.0
35149,49.51,13.78,42.0
35150,52.41,12.32,42.0
35151,51.0,2.5,42.0
35152,51.33,20.56,42.0
35153,49.63,13.16,42.0
35154,49.2,10.75,42.0
35155,50.86,9.68,42.0
35156,51.21,15.52,42.0
35157,49.19,3.39,42.0
35159,51.46,8.33,42.0
35160,50.98,16.67,42.0
35161,48.08,9.22,42.0
35162,52.12,4.96,42.0
35163,48.01,6.04,42.0
35164,50.46,1.47,42.0
35165,51.37,4.88,42.0
35166,48.86,9.57,42.0
35167,50.9,5.88,42.0
35168,50.11,7.27,42.0
35169,50.25,10.74,42.0
35170,47.2,3.43,42.0
35171,49.7,10.43,42.0
35172,49.62,7.53,42.0
35173,51.13,21.47,42.0
35174,50.08,1.74,42.0
35175,49.72,6.64,42.0
35176,49.96,9.95,42.0
35177,50.62,18.97,42.0
35178,50.66,20.23,42.0
35179,51.15,6.84,42.0
35180,49.28,8.11,42.0
35181,52.07,19.41,42.0
35183,49.34,6.64,42.0
35184,51.45,12.91,42.0
35185,50.17,3.85,42.0
35186,47.23,8.35,42.0
35187,49.02,17.23,42.0
35188,51.88,15.61,42.0
35189,51.41,22.56,42.0
35190,46.44,0.0,42.0
35191,48.76,4.98,42.0
35192,49.14,7.69,42.0
35193,50.22,19.7,42.0
35194,49.57,12.87,42.0
35195,50.4,15.95,42.0
35196,51.3,15.52,42.0
35197,47.79,18.75,42.0
35198,50.05,10.51,42.0
35199,50.78,9.68,42.0
35200,48.95,3.45,42.0
35201,47.51,9.09,42.0
35202,50.55,7.84,42.0
35203,47.07,21.62,42.0
35204,50.47,18.81,42.0
35205,48.39,0.0,42.0
35206,51.3,18.2,42.0
35207,49.98,18.49,42.0
35208,51.14,16.21,42.0
35210,51.48,26.68,42.0
35211,50.84,13.33,42.0
35212,50.11,16.13,42.0
35214,49.43,9.52,42.0
35215,51.84,6.92,42.0
35216,50.21,18.43,42.0
35217,48.64,9.8,42.0
35218,48.57,10.43,42.0
35219,50.99,2.93,42.0
35220,50.09,11.2,42.0
35221,49.87,8.03,42.0
35222,52.05,3.64,42.0
35223,50.77,8.31,42.0
35224,49.05,5.02,42.0
35225,49.09,11.03,42.0
35226,50.27,8.7,42.0
35227,48.88,13.26,42.0
35228,53.56,10.96,42.0
35229,46.96,10.22,42.0
35230,50.67,2.78,42.0
35231,49.16,14.52,42.0
35232,51.95,5.92,42.0
35233,48.6,16.13,42.0
35234,50.08,5.26,42.0
35235,48.86,3.77,42.0
35236,52.36,13.39,42.0
35237,51.23,6.54,42.0
35238,52.18,27.39,42.0
35239,51.16,8.68,42.0
35240,51.3,25.03,42.0
35241,51.25,10.35,42.0
35242,52.16,9.4,42.0
35243,49.34,8.97,42.0
35244,46.91,3.85,42.0
35245,50.39,15.97,42.0
35246,48.66,7.48,42.0
35247,50.27,9.09,42.0
35248,50.69,5.79,42.0
35249,48.89,6.59,42.0
35250,51.36,15.65,42.0
35251,50.9,13.13,42.0
35252,49.74,6.7,42.0
35253,47.74,10.88,42.0
35255,52.28,9.2,42.0
35256,52.4,23.27,42.0
35257,51.46,7.55,42.0
35258,50.75,20.47,42.0
35259,49.9,3.66,42.0
35260,48.18,3.85,42.0
35261,50.21,11.54,42.0
35262,46.53,2.56,42.0
35263,51.41,21.63,42.0
35264,48.5,10.92,42.0
35265,50.27,11.46,42.0
35266,50.86,17.96,42.0
35268,48.79,3.23,42.0
35270,49.61,3.57,42.0
35271,51.48,6.14,42.0
35272,49.67,5.16,42.0
35273,49.84,4.26,42.0
35274,49.95,26.47,42.0
35275,51.15,15.96,42.0
35276,48.37,25.86,42.0
35277,50.76,14.67,42.0
35278,51.62,34.91,42.0
35279,50.68,4.96,42.0
35280,49.66,9.4,42.0
35281,52.45,14.05,42.0
35282,48.13,8.05,42.0
35283,49.19,10.66,42.0
35284,52.53,10.08,42.0
35285,49.77,7.53,42.0
35286,46.08,3.45,42.0
35287,52.59,15.05,42.0
35288,54.63,15.6,42.0
35289,48.34,9.32,42.0
35290,49.76,1.54,42.0
35291,52.03,0.0,42.0
35292,49.75,6.05,42.0
35294,51.53,8.29,42.0
35295,49.49,10.71,42.0
35296,49.78,14.93,42.0
35297,53.77,5.54,42.0
35299,51.74,10.14,42.0
35300,50.62,9.02,42.0
35302,47.19,8.47,42.0
35304,48.95,12.2,42.0
35305,51.76,19.7,42.0
35306,49.84,11.17,42.0
35307,53.13,5.49,42.0
35308,50.07,6.61,42.0
35309,50.62,6.1,42.0
35310,50.15,7.24,42.0
35311,49.28,3.9,42.0
35312,48.98,14.84,42.0
35314,50.79,12.97,42.0
35315,49.52,28.57,42.0
35316,47.38,2.82,42.0
35317,47.09,20.69,42.0
35318,48.96,15.43,42.0
35319,50.23,12.28,42.0
35320,47.85,9.09,42.0
35321,49.04,6.25,42.0
35322,49.44,4.85,42.0
35324,47.61,2.88,42.0
35325,52.26,10.55,42.0
35326,51.24,11.01,42.0
35327,49.68,15.55,42.0
35328,50.03,7.09,42.0
35329,47.53,0.0,42.0
35330,49.9,4.81,42.0
35331,51.07,13.41,42.0
35332,49.42,5.45,42.0
35333,48.24,7.65,42.0
35334,50.94,31.53,42.0
35335,48.48,6.58,42.0
35336,50.49,5.26,42.0
35337,50.66,12.62,42.0
35338,48.78,4.5,42.0
35339,51.41,4.35,42.0
35340,47.85,6.11,42.0
35342,49.1,8.59,42.0
35343,47.82,13.11,42.0
35345,49.67,11.54,42.0
35346,52.43,8.0,42.0
35347,47.82,7.03,42.0
35350,47.51,7.87,42.0
35351,49.68,14.29,42.0
35352,50.86,19.67,42.0
35353,43.89,19.52,42.0
35354,50.85,7.41,42.0
35355,48.73,12.17,42.0
35356,50.39,18.42,42.0
35357,47.88,9.49,42.0
35358,50.34,12.82,42.0
35359,49.28,5.75,42.0
35360,52.01,12.49,42.0
35361,52.04,5.48,42.0
35362,50.27,9.62,42.0
35363,50.5,16.24,42.0
36001,53.72,2.97,42.0
36002,47.46,0.0,42.0
36003,48.79,4.61,42.0
36004,46.43,0.0,42.0
36005,50.93,10.26,42.0
36006,53.85,12.71,42.0
36007,49.05,7.14,42.0
36008,47.9,0.0,42.0
36009,49.0,11.0,42.0
36010,49.93,1.52,42.0
36011,48.26,5.56,42.0
36012,48.29,3.57,42.0
36013,49.5,20.0,42.0
36014,47.76,0.0,42.0
36015,49.02,0.0,42.0
36016,51.67,6.67,42.0
36017,48.18,0.0,42.0
36018,53.2,7.59,42.0
36019,50.33,6.2,42.0
36020,53.33,0.0,42.0
36021,51.56,1.27,42.0
36022,47.28,2.71,42.0
36023,52.89,3.85,42.0
36024,50.77,6.67,42.0
36025,49.47,6.94,42.0
36026,51.15,7.02,42.0
36027,44.71,4.0,42.0
36028,49.47,33.33,42.0
36029,53.27,15.0,42.0
36030,43.9,13.79,42.0
36031,53.65,6.05,42.0
36032,49.63,12.33,42.0
36033,50.17,5.54,42.0
36034,52.06,2.46,42.0
36035,50.92,8.11,42.0
36036,45.75,0.0,42.0
36037,51.56,6.24,42.0
36038,45.99,6.67,42.0
36040,50.0,14.29,42.0
36041,52.94,18.18,42.0
36042,54.52,3.45,42.0
36043,48.41,8.0,42.0
36044,53.47,13.09,42.0
36045,54.91,4.74,42.0
36046,56.66,8.21,42.0
36047,48.89,3.12,42.0
36048,51.56,4.55,42.0
36049,50.41,0.0,42.0
36050,53.55,6.0,42.0
36051,50.29,7.69,42.0
36052,46.43,0.0,42.0
36053,49.84,1.84,42.0
36054,52.32,4.92,42.0
36055,51.08,3.33,42.0
36056,49.64,10.66,42.0
36057,51.14,13.48,42.0
36058,52.27,5.17,42.0
36059,50.0,0.0,42.0
36060,49.65,8.27,42.0
36061,48.14,3.05,42.0
36062,48.73,2.86,42.0
36063,51.82,6.6,42.0
36064,50.79,3.9,42.0
36065,45.04,4.76,42.0
36066,47.15,2.5,42.0
36067,48.04,0.0,42.0
36068,47.87,5.56,42.0
36069,52.41,3.94,42.0
36070,53.63,2.38,42.0
36071,51.59,10.0,42.0
36073,48.27,27.27,42.0
36074,50.26,5.89,42.0
36075,50.7,0.0,42.0
36076,38.52,0.0,42.0
36077,57.97,0.0,42.0
36078,47.44,0.0,42.0
36079,49.33,20.0,42.0
36080,44.16,0.0,42.0
36081,52.4,8.7,42.0
36082,48.06,9.56,42.0
36083,46.61,7.69,42.0
36084,49.56,6.25,42.0
36085,46.59,10.53,42.0
36086,46.59,3.23,42.0
36087,51.44,3.45,42.0
36088,53.86,9.98,42.0
36089,47.26,11.63,42.0
36090,49.15,33.33,42.0
36091,49.39,3.08,42.0
36092,50.36,4.29,42.0
36093,51.93,5.41,42.0
36094,50.76,0.0,42.0
36095,53.7,0.0,42.0
36096,48.07,9.52,42.0
36097,49.85,3.09,42.0
36098,47.67,0.0,42.0
36099,53.47,0.0,42.0
36100,47.7,11.11,42.0
36101,50.03,11.18,42.0
36102,46.6,16.67,42.0
36103,52.95,2.05,42.0
36104,50.91,8.33,42.0
36105,48.18,0.0,42.0
36106,50.32,7.69,42.0
36107,48.39,3.19,42.0
36108,50.0,8.7,42.0
36109,52.23,6.68,42.0
36110,49.48,7.69,42.0
36111,50.8,5.88,42.0
36112,48.44,6.67,42.0
36113,51.3,3.41,42.0
36114,50.16,6.67,42.0
36115,60.94,11.11,42.0
36116,43.59,7.14,42.0
36117,48.88,11.36,42.0
36118,51.34,13.33,42.0
36119,52.95,10.33,42.0
36120,50.6,10.45,42.0
36121,45.24,0.0,42.0
36122,49.5,5.88,42.0
36123,52.11,4.17,42.0
36124,47.81,12.0,42.0
36125,49.57,9.09,42.0
36126,49.11,3.33,42.0
36127,54.01,3.91,42.0
36128,49.42,5.96,42.0
36129,48.12,9.8,42.0
36130,47.12,0.0,42.0
36131,47.92,8.51,42.0
36132,36.06,0.0,42.0
36133,49.67,5.53,42.0
36134,47.37,6.25,42.0
36135,49.46,15.0,42.0
36136,50.42,25.0,42.0
36137,49.81,3.23,42.0
36138,52.13,10.53,42.0
36139,48.41,14.93,42.0
36140,50.06,6.87,42.0
36141,50.55,5.83,42.0
36142,51.41,9.74,42.0
36143,50.24,7.87,42.0
36144,51.74,3.7,42.0
36145,48.89,0.0,42.0
36146,48.52,5.16,42.0
36147,50.0,0.0,42.0
36148,48.34,0.0,42.0
36149,51.57,8.82,42.0
36150,49.51,0.0,42.0
36152,49.55,5.26,42.0
36153,50.39,0.0,42.0
36154,53.34,6.13,42.0
36155,52.97,12.49,42.0
36156,48.43,9.52,42.0
36157,51.67,2.7,42.0
36158,53.48,7.94,42.0
36159,51.44,14.1,42.0
36160,51.07,5.26,42.0
36161,50.69,1.25,42.0
36162,48.74,8.45,42.0
36163,51.65,1.68,42.0
36164,48.87,0.0,42.0
36165,50.39,5.66,42.0
36166,43.45,0.0,42.0
36167,51.95,0.0,42.0
36168,48.73,0.0,42.0
36169,49.09,0.0,42.0
36170,48.51,9.09,42.0
36171,51.48,3.9,42.0
36172,49.84,7.51,42.0
36173,42.98,4.05,42.0
36174,50.0,7.5,42.0
36175,48.49,4.35,42.0
36176,54.48,4.17,42.0
36177,47.68,3.59,42.0
36178,46.1,7.3,42.0
36179,50.75,21.74,42.0
36180,49.61,7.02,42.0
36181,44.1,13.64,42.0
36182,57.65,11.9,42.0
36184,50.75,2.22,42.0
36185,48.85,0.0,42.0
36186,50.85,5.0,42.0
36187,49.28,0.0,42.0
36188,57.29,12.48,42.0
36189,51.52,7.57,42.0
36190,50.19,3.41,42.0
36191,52.14,2.08,42.0
36192,54.54,3.94,42.0
36193,46.24,13.64,42.0
36194,49.67,1.21,42.0
36195,50.71,4.55,42.0
36196,51.58,0.0,42.0
36197,51.27,0.0,42.0
36198,47.69,10.01,42.0
36199,48.71,10.94,42.0
36200,52.76,6.9,42.0
36202,48.83,9.1,42.0
36203,50.0,0.0,42.0
36204,55.17,8.75,42.0
36205,52.96,25.0,42.0
36207,46.75,6.12,42.0
36208,55.48,3.12,42.0
36209,50.23,4.08,42.0
36210,47.17,4.17,42.0
36211,48.98,7.56,42.0
36212,46.95,0.0,42.0
36213,47.75,10.53,42.0
36214,47.54,4.76,42.0
36215,49.57,6.0,42.0
36216,49.21,0.0,42.0
36217,52.04,10.0,42.0
36218,43.75,0.0,42.0
36219,49.69,7.35,42.0
36220,51.28,16.67,42.0
36221,46.58,10.81,42.0
36222,52.6,7.44,42.0
36223,53.12,0.0,42.0
36224,52.75,3.14,42.0
36225,48.19,13.56,42.0
36226,50.72,4.55,42.0
36227,48.14,10.53,42.0
36228,52.43,7.55,42.0
36229,50.51,3.5,42.0
36230,53.44,12.13,42.0
36231,50.77,12.22,42.0
36232,50.09,10.68,42.0
36233,51.94,4.55,42.0
36234,51.05,6.87,42.0
36235,47.88,8.11,42.0
36236,45.19,0.0,42.0
36237,51.4,6.35,42.0
36238,48.48,12.5,42.0
36239,48.64,5.26,42.0
36240,48.73,3.57,42.0
36241,52.17,3.54,42.0
36242,51.46,0.0,42.0
36243,49.54,3.45,42.0
36244,49.33,1.39,42.0
36246,51.41,7.69,42.0
36247,48.11,6.03,42.0
36248,49.18,8.7,42.0
37001,51.91,2.22,42.0
37002,49.78,8.28,42.0
37003,53.12,12.17,42.0
37004,48.97,7.69,42.0
37005,46.95,1.89,42.0
37006,50.15,12.51,42.0
37007,48.59,0.0,42.0
37008,50.56,11.38,42.0
37009,52.03,7.32,42.0
37010,49.77,6.81,42.0
37011,53.17,7.64,42.0
37012,50.46,9.3,42.0
37013,51.74,14.0,42.0
37014,50.69,12.23,42.0
37015,50.69,15.82,42.0
37016,50.04,14.34,42.0
37018,52.32,17.98,42.0
37019,53.33,12.82,42.0
37020,53.12,8.11,42.0
37021,48.04,13.11,42.0
37022,50.33,16.51,42.0
37023,47.76,0.0,42.0
37024,51.37,11.88,42.0
37025,47.67,16.67,42.0
37026,50.29,5.17,42.0
37027,52.96,11.39,42.0
37028,51.9,3.28,42.0
37029,50.46,22.88,42.0
37030,52.22,13.04,42.0
37031,52.36,11.33,42.0
37032,47.86,0.0,42.0
37033,48.88,4.55,42.0
37034,48.44,3.45,42.0
37035,49.3,4.17,42.0
37036,50.0,6.67,42.0
37037,50.6,3.85,42.0
37038,52.18,17.11,42.0
37039,49.2,4.43,42.0
37040,49.21,3.46,42.0
37041,52.3,3.09,42.0
37042,48.31,4.55,42.0
37043,49.85,9.11,42.0
37044,50.92,0.0,42.0
37045,49.37,3.85,42.0
37046,50.77,2.45,42.0
37047,50.97,16.34,42.0
37048,47.4,10.34,42.0
37049,51.06,9.73,42.0
37050,54.39,16.72,42.0
37051,50.1,2.82,42.0
37052,49.6,17.24,42.0
37053,52.1,25.0,42.0
37054,51.96,11.46,42.0
37055,50.59,6.35,42.0
37056,48.33,11.29,42.0
37057,50.06,8.47,42.0
37058,50.28,6.23,42.0
37059,50.08,13.5,42.0
37060,50.58,12.27,42.0
37061,48.5,9.09,42.0
37062,54.07,3.41,42.0
37063,51.18,6.68,42.0
37064,48.04,12.5,42.0
37065,49.34,4.76,42.0
37066,50.45,12.24,42.0
37067,51.64,11.11,42.0
37068,51.91,10.29,42.0
37069,51.43,11.11,42.0
37070,48.8,6.9,42.0
37071,45.38,8.33,42.0
37072,52.7,12.1,42.0
37073,50.82,12.07,42.0
37074,48.69,5.29,42.0
37075,51.31,11.43,42.0
37076,55.05,10.41,42.0
37077,49.97,8.61,42.0
37078,50.0,0.0,42.0
37079,50.33,13.58,42.0
37080,49.51,26.32,42.0
37081,50.3,6.93,42.0
37082,47.37,9.85,42.0
37083,52.58,7.43,42.0
37084,50.84,3.72,42.0
37085,50.52,8.04,42.0
37086,49.38,12.0,42.0
37087,47.82,10.0,42.0
37088,51.24,20.0,42.0
37089,50.04,2.9,42.0
37090,49.54,18.18,42.0
37091,50.31,9.82,42.0
37092,51.27,12.12,42.0
37093,51.94,5.08,42.0
37094,48.15,1.64,42.0
37095,48.94,18.12,42.0
37096,50.15,10.29,42.0
37097,51.18,13.41,42.0
37098,49.43,12.35,42.0
37099,50.29,7.77,42.0
37100,50.13,10.81,42.0
37101,46.91,11.11,42.0
37103,47.8,10.0,42.0
37104,51.67,15.46,42.0
37105,49.26,14.29,42.0
37106,49.69,25.0,42.0
37107,48.0,0.0,42.0
37108,50.98,9.59,42.0
37109,51.87,24.81,42.0
37110,48.93,5.94,42.0
37111,51.45,12.33,42.0
37112,50.24,5.88,42.0
37113,52.18,11.76,42.0
37114,44.0,0.0,42.0
37115,52.7,3.74,42.0
37116,48.78,8.47,42.0
37117,49.67,4.59,42.0
37118,50.14,8.4,42.0
37119,54.61,12.77,42.0
37121,50.09,7.58,42.0
37122,52.73,12.44,42.0
37123,52.86,10.89,42.0
37124,50.8,22.03,42.0
37125,51.45,6.67,42.0
37126,49.05,5.17,42.0
37127,46.85,0.0,42.0
37128,50.56,4.8,42.0
37129,50.63,5.88,42.0
37130,53.55,9.56,42.0
37131,51.04,8.2,42.0
37132,53.51,10.75,42.0
37133,49.32,7.14,42.0
37134,47.87,7.51,42.0
37136,50.45,16.36,42.0
37137,51.77,0.0,42.0
37138,48.8,15.51,42.0
37139,52.15,15.47,42.0
37140,51.09,20.0,42.0
37141,49.45,6.72,42.0
37142,52.05,10.42,42.0
37143,49.53,4.88,42.0
37144,50.05,15.22,42.0
37145,52.92,15.79,42.0
37146,46.06,28.57,42.0
37147,47.75,2.38,42.0
37148,46.52,2.22,42.0
37149,48.31,17.65,42.0
37150,50.28,11.29,42.0
37151,49.36,16.76,42.0
37152,50.52,16.34,42.0
37153,50.83,11.38,42.0
37154,50.01,15.51,42.0
37155,48.21,15.79,42.0
37156,51.08,16.47,42.0
37157,51.52,7.35,42.0
37158,49.5,10.39,42.0
37159,51.63,12.76,42.0
37160,50.72,8.82,42.0
37161,49.69,8.43,42.0
37162,51.08,8.0,42.0
37163,51.56,6.69,42.0
37165,49.49,17.78,42.0
37166,49.58,10.67,42.0
37167,50.67,11.05,42.0
37168,48.59,3.06,42.0
37169,48.52,8.79,42.0
37170,48.85,6.16,42.0
37171,48.56,11.55,42.0
37172,51.42,15.92,42.0
37173,50.07,1.45,42.0
37174,50.2,1.47,42.0
37175,50.76,17.08,42.0
37176,49.33,7.78,42.0
37177,49.22,3.08,42.0
37178,51.42,1.96,42.0
37179,50.74,14.27,42.0
37180,49.84,4.62,42.0
37181,51.26,0.0,42.0
37182,51.46,7.14,42.0
37183,53.72,13.45,42.0
37184,47.56,0.0,42.0
37185,51.76,10.4,42.0
37186,49.74,13.28,42.0
37187,48.42,5.88,42.0
37188,50.11,4.17,42.0
37189,54.33,16.01,42.0
37190,50.62,6.25,42.0
37191,44.44,4.55,42.0
37192,51.23,13.71,42.0
37193,49.47,8.86,42.0
37194,51.02,11.52,42.0
37195,53.95,18.54,42.0
37196,52.41,7.9,42.0
37197,50.29,8.39,42.0
37198,50.84,0.0,42.0
37199,48.06,8.89,42.0
37200,49.68,4.77,42.0
37201,51.95,9.09,42.0
37202,48.77,2.56,42.0
37203,51.34,28.72,42.0
37204,50.87,14.71,42.0
37205,50.28,10.89,42.0
37206,51.86,20.78,42.0
37207,51.59,0.0,42.0
37208,51.51,26.83,42.0
37210,51.83,15.89,42.0
37211,50.22,11.61,42.0
37212,48.66,5.88,42.0
37213,48.9,10.0,42.0
37214,54.24,26.07,42.0
37216,50.27,8.28,42.0
37217,50.6,18.18,42.0
37218,50.57,5.03,42.0
37219,49.61,11.65,42.0
37220,49.39,6.33,42.0
37221,49.67,1.89,42.0
37222,50.54,8.2,42.0
37223,48.84,3.45,42.0
37224,50.4,6.9,42.0
37225,49.61,12.22,42.0
37226,53.01,6.77,42.0
37228,50.72,8.89,42.0
37229,47.64,7.41,42.0
37230,51.28,13.04,42.0
37231,50.32,7.14,42.0
37232,48.58,7.31,42.0
37233,52.44,11.79,42.0
37234,52.61,16.05,42.0
37236,48.71,13.1,42.0
37237,49.66,13.74,42.0
37238,47.93,0.0,42.0
37240,49.77,16.42,42.0
37241,50.0,4.72,42.0
37242,50.29,4.29,42.0
37243,50.42,21.31,42.0
37244,48.22,4.17,42.0
37245,50.22,13.03,42.0
37246,50.23,4.76,42.0
37247,49.57,5.68,42.0
37248,49.38,13.79,42.0
37249,49.0,8.28,42.0
37250,49.55,14.41,42.0
37251,47.75,6.98,42.0
37252,50.1,8.81,42.0
37253,45.76,29.41,42.0
37254,48.9,8.93,42.0
37255,46.62,3.57,42.0
37256,47.57,4.17,42.0
37257,48.87,8.47,42.0
37258,50.16,2.94,42.0
37259,53.14,0.0,42.0
37260,50.2,8.7,42.0
37261,53.83,20.42,42.0
37262,50.37,0.0,42.0
37263,50.49,8.55,42.0
37264,50.0,12.7,42.0
37265,50.31,22.22,42.0
37266,51.99,17.52,42.0
37267,51.12,19.47,42.0
37268,51.56,8.33,42.0
37269,46.9,4.35,42.0
37270,50.82,15.47,42.0
37271,49.49,9.25,42.0
37272,50.5,13.48,42.0
37273,51.61,12.42,42.0
37274,51.63,3.23,42.0
37275,54.55,20.0,42.0
37276,49.7,9.37,42.0
37277,52.52,4.44,42.0
37278,50.03,4.81,42.0
37279,47.51,2.9,42.0
37280,50.0,10.53,42.0
37281,49.69,25.94,42.0
37282,51.93,5.83,42.0
38001,51.84,8.56,42.0
38002,50.16,27.6,42.0
38003,49.89,11.84,42.0
38004,51.83,10.16,42.0
38005,49.15,5.56,42.0
38006,51.46,12.24,42.0
38008,45.71,0.0,42.0
38009,50.64,12.9,42.0
38010,47.3,13.37,42.0
38011,49.23,13.04,42.0
38012,51.8,6.38,42.0
38013,49.44,16.2,42.0
38015,50.38,11.23,42.0
38017,48.98,10.15,42.0
38018,53.44,5.7,42.0
38019,50.34,11.9,42.0
38020,48.45,4.35,42.0
38022,50.27,10.4,42.0
38023,51.52,27.27,42.0
38026,47.62,9.26,42.0
38027,50.03,22.62,42.0
38029,52.0,7.78,42.0
38030,49.55,6.1,42.0
38031,42.86,0.0,42.0
38032,49.83,2.13,42.0
38033,48.54,7.35,42.0
38034,52.23,7.18,42.0
38035,50.57,10.71,42.0
38036,50.0,33.33,42.0
38037,49.88,12.96,42.0
38038,49.1,10.53,42.0
38039,51.86,46.24,42.0
38040,46.61,0.0,42.0
38041,43.09,9.09,42.0
38042,51.66,13.18,42.0
38043,52.37,26.52,42.0
38044,51.32,9.12,42.0
38045,50.06,48.62,42.0
38046,49.47,4.43,42.0
38047,52.56,5.88,42.0
38048,50.0,17.72,42.0
38049,47.71,7.69,42.0
38050,48.62,3.45,42.0
38051,51.46,6.2,42.0
38052,52.47,11.9,42.0
38053,52.79,13.37,42.0
38054,49.36,7.38,42.0
38055,51.06,7.14,42.0
38056,47.31,0.0,42.0
38057,51.79,41.94,42.0
38058,50.47,10.58,42.0
38059,49.74,30.32,42.0
38060,46.1,0.0,42.0
38061,49.84,29.55,42.0
38062,49.86,20.47,42.0
38063,45.5,2.7,42.0
38064,50.85,9.69,42.0
38065,50.84,7.22,42.0
38066,51.45,23.53,42.0
38067,50.31,14.36,42.0
38068,49.47,27.59,42.0
38069,51.1,11.77,42.0
38070,49.77,18.87,42.0
38071,51.49,12.67,42.0
38072,49.19,9.67,42.0
38073,50.24,7.79,42.0
38074,49.61,16.26,42.0
38075,50.0,23.48,42.0
38076,50.15,18.62,42.0
38077,48.79,12.79,42.0
38078,48.13,13.73,42.0
38080,48.1,12.9,42.0
38081,49.83,14.35,42.0
38082,49.06,11.86,42.0
38083,51.24,9.53,42.0
38084,50.68,13.93,42.0
38085,51.07,9.63,42.0
38086,49.61,6.06,42.0
38087,51.41,9.86,42.0
38089,50.9,4.17,42.0
38090,46.44,18.75,42.0
38091,50.27,15.49,42.0
38092,48.35,0.0,42.0
38093,49.77,8.11,42.0
38094,51.18,9.34,42.0
38095,50.96,14.3,42.0
38097,49.71,8.71,42.0
38098,47.39,14.95,42.0
38099,49.39,14.15,42.0
38100,49.49,13.57,42.0
38101,49.79,11.46,42.0
38102,46.97,33.14,42.0
38103,53.35,24.24,42.0
38104,49.62,5.57,42.0
38105,49.72,16.6,42.0
38106,46.83,25.93,42.0
38107,50.89,16.35,42.0
38108,50.0,15.38,42.0
38109,50.5,30.48,42.0
38110,48.42,15.23,42.0
38111,50.94,31.27,42.0
38112,52.06,0.0,42.0
38113,50.5,6.12,42.0
38114,50.36,12.58,42.0
38115,47.96,22.4,42.0
38116,44.44,0.0,42.0
38117,48.63,4.09,42.0
38118,49.79,16.46,42.0
38120,49.5,27.32,42.0
38124,49.79,11.34,42.0
38126,51.59,51.3,42.0
38127,50.29,25.0,42.0
38128,52.83,8.03,42.0
38129,47.17,13.37,42.0
38130,51.25,14.11,42.0
38131,49.87,18.87,42.0
38132,52.05,33.33,42.0
38133,52.46,29.8,42.0
38134,49.24,11.54,42.0
38135,47.34,11.41,42.0
38136,51.81,15.87,42.0
38137,48.29,21.05,42.0
38138,51.62,15.56,42.0
38139,50.07,1.4,42.0
38140,51.03,32.33,42.0
38141,49.95,15.11,42.0
38144,50.22,13.77,42.0
38146,48.95,16.96,42.0
38147,50.2,8.14,42.0
38148,50.31,14.04,42.0
38149,51.77,19.37,42.0
38150,52.96,18.59,42.0
38151,51.65,11.7,42.0
38152,49.6,10.19,42.0
38153,51.73,11.76,42.0
38154,51.11,13.33,42.0
38155,51.77,12.88,42.0
38156,50.33,10.32,42.0
38157,51.16,19.3,42.0
38158,52.55,21.99,42.0
38159,48.61,20.75,42.0
38160,49.21,12.98,42.0
38161,48.87,11.22,42.0
38162,50.69,16.67,42.0
38163,48.58,17.16,42.0
38166,50.03,20.75,42.0
38167,49.74,3.92,42.0
38169,52.03,15.63,42.0
38170,51.79,23.23,42.0
38171,53.62,19.35,42.0
38172,50.6,20.24,42.0
38173,48.81,4.76,42.0
38174,51.37,2.83,42.0
38175,53.14,17.87,42.0
38176,50.89,23.0,42.0
38177,46.6,11.05,42.0
38179,51.25,28.83,42.0
38180,50.21,13.05,42.0
38181,50.32,24.11,42.0
38182,50.82,11.18,42.0
38183,50.87,12.24,42.0
38184,50.63,12.64,42.0
38185,51.15,29.79,42.0
38186,49.65,18.73,42.0
38187,46.75,18.99,42.0
38188,50.2,27.57,42.0
38189,52.02,15.59,42.0
38190,49.4,5.22,42.0
38191,46.76,6.67,42.0
38192,52.88,13.33,42.0
38193,50.46,14.25,42.0
38194,49.09,10.71,42.0
38195,49.49,9.22,42.0
38197,50.04,14.65,42.0
38198,50.49,11.88,42.0
38199,51.08,19.25,42.0
38200,50.32,22.89,42.0
38203,50.43,15.56,42.0
38204,45.74,0.0,42.0
38205,49.14,24.85,42.0
38206,48.47,35.23,42.0
38207,47.89,0.0,42.0
38208,47.09,0.0,42.0
38209,50.64,10.71,42.0
38210,47.44,13.1,42.0
38211,48.41,14.71,42.0
38212,48.86,6.96,42.0
38213,48.12,17.6,42.0
38214,50.71,29.21,42.0
38215,49.88,16.88,42.0
38216,45.45,14.29,42.0
38217,43.94,12.5,42.0
38218,47.2,5.69,42.0
38219,49.66,5.37,42.0
38221,49.24,6.67,42.0
38222,50.51,8.33,42.0
38223,48.99,30.0,42.0
38224,44.68,0.0,42.0
38225,50.11,12.12,42.0
38226,55.0,6.9,42.0
38228,49.04,10.25,42.0
38229,52.97,37.45,42.0
38230,52.39,37.23,42.0
38231,47.32,20.38,42.0
38232,47.57,22.3,42.0
38235,49.63,16.56,42.0
38236,49.28,10.69,42.0
38237,45.26,7.41,42.0
38238,48.89,15.41,42.0
38239,51.5,17.47,42.0
38240,47.97,4.22,42.0
38241,56.25,0.0,42.0
38242,49.21,7.09,42.0
38243,49.98,11.11,42.0
38244,48.34,7.79,42.0
38245,51.69,6.06,42.0
38246,48.59,17.39,42.0
38247,50.41,6.94,42.0
38248,47.05,29.14,42.0
38249,50.48,40.14,42.0
38250,47.72,17.74,42.0
38252,49.72,29.17,42.0
38253,48.97,6.64,42.0
38254,49.2,17.31,42.0
38255,41.73,0.0,42.0
38256,50.16,12.96,42.0
38257,48.1,8.7,42.0
38258,45.16,12.5,42.0
38259,49.03,12.94,42.0
38260,46.58,12.73,42.0
38261,53.53,9.58,42.0
38263,49.27,18.18,42.0
38264,50.0,0.0,42.0
38265,51.24,8.23,42.0
38266,48.46,17.02,42.0
38267,48.72,9.79,42.0
38268,47.24,19.05,42.0
38269,54.23,8.85,42.0
38270,51.74,30.86,42.0
38271,49.14,22.33,42.0
38272,50.25,22.22,42.0
38273,47.12,21.95,42.0
38275,51.54,3.94,42.0
38276,51.68,17.99,42.0
38277,48.7,19.3,42.0
38278,53.38,26.67,42.0
38279,51.46,13.86,42.0
38280,49.92,15.37,42.0
38281,49.65,20.47,42.0
38282,50.88,6.11,42.0
38283,52.83,0.0,42.0
38284,51.48,12.43,42.0
38285,44.78,12.5,42.0
38286,37.5,100.0,42.0
38287,48.11,19.8,42.0
38288,49.25,17.47,42.0
38289,46.01,6.67,42.0
38290,50.69,8.79,42.0
38291,50.76,4.72,42.0
38292,50.41,13.73,42.0
38294,46.51,14.29,42.0
38295,51.44,2.93,42.0
38296,49.35,15.26,42.0
38297,50.03,13.24,42.0
38298,53.23,4.53,42.0
38299,50.75,0.0,42.0
38300,50.75,13.76,42.0
38301,45.51,14.29,42.0
38303,48.67,13.21,42.0
38304,49.28,12.0,42.0
38307,47.32,3.92,42.0
38308,50.07,8.7,42.0
38309,51.9,28.01,42.0
38310,49.82,7.77,42.0
38311,47.74,7.69,42.0
38313,48.79,15.79,42.0
38314,50.92,16.69,42.0
38315,52.62,11.01,42.0
38316,50.77,7.63,42.0
38317,51.49,7.14,42.0
38318,51.14,8.88,42.0
38319,53.4,14.29,42.0
38320,49.27,4.25,42.0
38321,55.23,7.14,42.0
38322,42.11,0.0,42.0
38323,50.8,12.61,42.0
38324,47.26,11.11,42.0
38325,49.84,23.4,42.0
38326,50.14,5.76,42.0
38328,50.66,50.0,42.0
38329,49.37,14.29,42.0
38330,47.17,0.0,42.0
38331,47.11,21.42,42.0
38332,50.8,11.64,42.0
38333,49.57,13.79,42.0
38334,49.49,38.53,42.0
38335,50.21,10.96,42.0
38336,51.01,14.34,42.0
38337,52.83,11.02,42.0
38338,52.09,20.0,42.0
38339,48.5,18.75,42.0
38340,51.48,15.25,42.0
38341,50.54,10.0,42.0
38342,47.75,18.52,42.0
38343,49.13,12.28,42.0
38344,51.69,7.56,42.0
38345,48.61,10.29,42.0
38346,48.04,7.89,42.0
38347,51.59,9.09,42.0
38348,50.72,22.99,42.0
38349,50.39,10.13,42.0
38350,48.56,31.97,42.0
38351,48.02,23.08,42.0
38352,49.64,24.13,42.0
38353,48.85,4.4,42.0
38354,50.12,11.11,42.0
38355,49.57,18.18,42.0
38356,50.44,14.71,42.0
38357,50.62,14.11,42.0
38358,48.08,16.39,42.0
38359,50.79,9.69,42.0
38360,50.42,7.69,42.0
38361,53.25,0.0,42.0
38362,50.56,21.8,42.0
38363,47.9,8.0,42.0
38364,52.12,18.42,42.0
38365,48.0,17.44,42.0
38366,49.15,10.0,42.0
38368,49.34,17.48,42.0
38369,50.53,25.29,42.0
38370,48.56,16.19,42.0
38372,52.69,13.52,42.0
38373,49.77,18.55,42.0
38374,49.76,15.54,42.0
38375,45.92,0.0,42.0
38376,49.59,15.29,42.0
38377,50.55,11.31,42.0
38378,51.5,9.49,42.0
38379,46.37,16.0,42.0
38380,47.06,9.68,42.0
38381,49.58,11.43,42.0
38382,52.32,25.74,42.0
38383,49.68,24.68,42.0
38384,51.92,9.0,42.0
38386,50.32,14.13,42.0
38387,49.1,11.21,42.0
38388,50.96,19.21,42.0
38389,50.27,10.79,42.0
38390,51.0,11.76,42.0
38391,49.37,10.82,42.0
38392,48.87,20.64,42.0
38393,47.62,11.04,42.0
38394,49.93,12.57,42.0
38395,48.27,32.49,42.0
38396,53.59,14.29,42.0
38397,51.51,42.33,42.0
38398,50.88,10.71,42.0
38399,52.41,8.9,42.0
38400,50.41,24.18,42.0
38401,50.21,12.95,42.0
38402,48.42,18.54,42.0
38403,50.42,9.37,42.0
38404,47.46,43.33,42.0
38405,48.64,16.65,42.0
38406,46.01,7.14,42.0
38407,49.2,20.42,42.0
38408,50.35,24.9,42.0
38409,49.89,9.6,42.0
38410,49.85,11.89,42.0
38412,51.42,9.67,42.0
38413,48.07,8.31,42.0
38414,45.0,0.0,42.0
38415,50.24,24.58,42.0
38416,53.9,11.5,42.0
38417,47.71,31.91,42.0
38418,40.39,34.81,42.0
38419,46.2,20.0,42.0
38420,51.37,24.0,42.0
38421,50.18,17.5,42.0
38422,50.22,38.11,42.0
38423,51.03,21.81,42.0
38424,43.1,20.0,42.0
38425,50.54,7.21,42.0
38426,50.29,25.93,42.0
38427,42.99,12.12,42.0
38429,50.51,15.0,42.0
38430,51.5,36.84,42.0
38431,50.88,41.61,42.0
38432,50.74,20.0,42.0
38433,48.65,43.31,42.0
38434,48.36,8.7,42.0
38436,50.54,19.63,42.0
38437,50.48,13.33,42.0
38438,50.0,22.22,42.0
38439,48.5,16.01,42.0
38440,47.6,6.06,42.0
38442,47.18,20.72,42.0
38443,51.39,8.51,42.0
38444,59.48,0.0,42.0
38445,52.52,12.5,42.0
38446,46.98,7.69,42.0
38448,51.0,13.63,42.0
38449,47.06,7.91,42.0
38450,51.02,18.37,42.0
38451,50.05,12.17,42.0
38452,53.98,9.68,42.0
38453,50.39,15.38,42.0
38454,49.45,16.97,42.0
38455,50.5,11.45,42.0
38456,47.07,8.59,42.0
38457,50.53,10.0,42.0
38458,48.92,7.06,42.0
38459,48.5,9.09,42.0
38460,50.38,25.06,42.0
38462,46.8,28.57,42.0
38463,50.7,11.25,42.0
38464,51.57,11.21,42.0
38465,49.82,8.91,42.0
38466,52.03,24.48,42.0
38467,51.61,14.68,42.0
38468,51.71,6.7,42.0
38469,43.9,0.0,42.0
38470,49.61,3.57,42.0
38471,49.16,47.06,42.0
38472,45.81,35.29,42.0
38473,50.04,8.08,42.0
38474,51.88,20.15,42.0
38475,48.5,16.22,42.0
38476,48.81,10.59,42.0
38478,49.9,9.09,42.0
38479,48.2,9.59,42.0
38480,50.29,17.29,42.0
38481,50.05,28.44,42.0
38483,50.8,11.51,42.0
38484,49.24,20.22,42.0
38485,51.61,20.23,42.0
38486,51.97,30.68,42.0
38487,49.93,25.26,42.0
38488,47.63,20.69,42.0
38489,51.88,0.0,42.0
38490,48.99,15.63,42.0
38492,49.59,23.81,42.0
38494,51.95,14.48,42.0
38495,50.67,7.69,42.0
38496,49.02,12.71,42.0
38497,47.55,22.22,42.0
38498,47.67,11.25,42.0
38499,51.5,9.56,42.0
38500,50.75,15.62,42.0
38501,49.6,12.91,42.0
38503,52.43,29.41,42.0
38504,49.08,22.67,42.0
38505,51.9,11.72,42.0
38507,50.21,13.54,42.0
38508,48.71,12.0,42.0
38509,51.46,13.7,42.0
38511,51.8,26.58,42.0
38512,50.47,22.67,42.0
38513,50.78,26.92,42.0
38514,47.26,0.0,42.0
38515,49.88,10.7,42.0
38516,53.96,41.68,42.0
38517,52.46,16.05,42.0
38518,50.8,5.14,42.0
38519,49.95,21.0,42.0
38520,50.81,6.35,42.0
38521,47.06,40.0,42.0
38522,49.1,10.0,42.0
38523,49.02,8.14,42.0
38524,41.59,13.83,42.0
38525,51.3,10.87,42.0
38526,49.4,14.71,42.0
38527,47.25,8.57,42.0
38528,48.39,20.36,42.0
38529,51.05,30.87,42.0
38530,52.97,20.0,42.0
38531,48.81,9.68,42.0
38532,50.38,19.05,42.0
38533,52.87,40.91,42.0
38535,48.86,23.08,42.0
38536,50.18,11.96,42.0
38537,50.3,13.98,42.0
38538,50.86,24.75,42.0
38539,49.0,18.18,42.0
38540,50.65,17.64,42.0
38542,50.52,9.68,42.0
38543,51.64,8.96,42.0
38544,51.92,15.73,42.0
38545,51.08,13.62,42.0
38546,48.74,8.15,42.0
38547,51.76,18.31,42.0
38548,51.43,16.83,42.0
38549,39.13,0.0,42.0
38550,43.38,25.0,42.0
38551,48.72,20.0,42.0
38552,48.24,16.67,42.0
38553,51.2,10.65,42.0
38554,50.15,17.22,42.0
38555,50.71,9.69,42.0
38556,51.31,13.26,42.0
38557,51.29,19.2,42.0
38558,48.55,24.04,42.0
38559,51.91,8.6,42.0
38560,50.98,9.7,42.0
38561,51.22,14.2,42.0
38562,51.99,11.79,42.0
38563,53.77,19.81,42.0
38564,48.43,19.42,42.0
38565,51.2,22.33,42.0
38566,51.29,19.29,42.0
38567,50.18,8.89,42.0
39001,49.88,5.19,42.0
39002,50.0,75.0,42.0
39003,47.73,25.0,42.0
39004,47.17,0.0,42.0
39006,48.53,4.55,42.0
39007,53.02,7.69,42.0
39008,48.89,22.22,42.0
39009,51.66,9.09,42.0
39010,48.91,9.09,42.0
39011,50.14,4.65,42.0
39013,53.94,7.27,42.0
39014,50.68,5.88,42.0
39015,50.0,18.18,42.0
39016,52.22,5.09,42.0
39017,49.21,7.92,42.0
39018,51.88,2.09,42.0
39019,50.25,10.0,42.0
39020,41.0,11.11,42.0
39021,48.21,10.53,42.0
39022,50.2,6.45,42.0
39024,47.29,0.0,42.0
39025,44.91,3.23,42.0
39026,49.47,13.33,42.0
39027,48.72,4.35,42.0
39028,49.89,2.94,42.0
39029,52.13,2.7,42.0
39030,50.82,18.63,42.0
39031,50.75,4.55,42.0
39032,52.79,18.68,42.0
39034,46.0,9.37,42.0
39035,46.7,0.0,42.0
39037,48.85,5.56,42.0
39038,53.76,6.67,42.0
39039,50.63,16.67,42.0
39040,45.72,5.88,42.0
39041,46.88,6.25,42.0
39042,49.11,22.22,42.0
39043,50.68,4.01,42.0
39045,50.0,0.0,42.0
39046,49.33,11.11,42.0
39047,50.61,17.78,42.0
39048,47.45,6.67,42.0
39049,49.96,11.76,42.0
39050,49.03,5.26,42.0
39051,46.38,11.97,42.0
39052,41.89,0.0,42.0
39053,47.47,18.75,42.0
39054,46.15,0.0,42.0
39055,50.0,0.0,42.0
39056,53.56,13.68,42.0
39057,50.0,0.0,42.0
39058,51.92,30.0,42.0
39059,48.3,5.56,42.0
39060,45.0,0.0,42.0
39061,52.42,0.0,42.0
39062,54.0,0.0,42.0
39063,46.33,0.0,42.0
39065,54.74,0.0,42.0
39066,48.91,10.53,42.0
39068,50.48,8.82,42.0
39070,47.73,0.0,42.0
39072,55.38,4.35,42.0
39073,52.0,6.25,42.0
39074,50.49,0.0,42.0
39076,48.34,0.0,42.0
39077,52.27,33.33,42.0
39078,50.89,7.58,42.0
39079,51.36,0.0,42.0
39080,51.67,0.0,42.0
39081,51.72,7.69,42.0
39083,46.69,0.0,42.0
39084,49.65,18.18,42.0
39085,50.0,0.0,42.0
39086,48.26,5.01,42.0
39088,50.05,12.82,42.0
39090,48.91,14.29,42.0
39091,48.86,0.0,42.0
39092,52.1,0.0,42.0
39093,52.9,16.67,42.0
39094,49.07,0.0,42.0
39095,47.97,9.09,42.0
39096,49.03,2.24,42.0
39097,53.01,6.59,42.0
39099,46.83,2.08,42.0
39100,52.63,0.0,42.0
39101,52.06,9.22,42.0
39102,48.53,15.0,42.0
39103,49.11,21.21,42.0
39104,51.41,8.7,42.0
39105,49.54,5.56,42.0
39106,48.78,4.55,42.0
39107,49.23,6.67,42.0
39108,43.64,0.0,42.0
39109,49.11,11.11,42.0
39110,43.94,12.5,42.0
39111,51.28,0.0,42.0
39112,48.18,0.0,42.0
39114,51.01,10.0,42.0
39116,45.64,12.5,42.0
39117,55.0,0.0,42.0
39118,43.4,0.0,42.0
39119,45.35,28.57,42.0
39120,51.59,0.0,42.0
39121,49.38,4.76,42.0
39122,50.41,10.0,42.0
39124,53.24,14.27,42.0
39126,45.66,6.38,42.0
39127,48.45,18.18,42.0
39128,54.13,8.4,42.0
39129,50.93,11.76,42.0
39130,48.62,8.26,42.0
39131,48.43,8.07,42.0
39132,43.75,0.0,42.0
39133,54.79,0.0,42.0
39134,46.27,0.0,42.0
39136,32.26,16.67,42.0
39137,49.16,6.66,42.0
39138,47.95,2.94,42.0
39139,53.85,0.0,42.0
39140,53.85,0.0,42.0
39141,49.59,31.03,42.0
39142,49.21,0.0,42.0
39143,55.88,50.0,42.0
39145,51.56,17.86,42.0
39146,49.62,11.61,42.0
39147,46.88,0.0,42.0
39149,53.42,13.33,42.0
39150,52.48,5.8,42.0
39151,50.39,15.38,42.0
39153,50.35,6.06,42.0
39154,52.51,12.1,42.0
39155,44.78,0.0,42.0
39156,47.83,4.76,42.0
39157,47.62,20.0,42.0
39159,50.82,26.32,42.0
39160,50.78,5.63,42.0
39162,49.27,6.67,42.0
39163,54.31,18.18,42.0
39164,49.25,25.0,42.0
39165,49.15,0.0,42.0
39166,47.99,0.0,42.0
39167,47.48,2.58,42.0
39168,47.83,0.0,42.0
39169,52.13,14.04,42.0
39170,51.99,15.48,42.0
39171,49.86,10.0,42.0
39172,49.43,8.7,42.0
39173,51.78,0.8,42.0
39174,46.15,0.0,42.0
39175,46.38,0.0,42.0
39176,48.29,11.11,42.0
39177,48.31,12.99,42.0
39178,44.19,0.0,42.0
39179,48.92,22.22,42.0
39180,53.6,4.0,42.0
39182,49.14,12.5,42.0
39183,48.34,3.7,42.0
39184,46.6,22.73,42.0
39185,50.0,3.45,42.0
39187,47.78,15.38,42.0
39188,47.89,6.25,42.0
39189,53.65,6.19,42.0
39190,50.74,8.07,42.0
39191,47.56,0.0,42.0
39192,50.0,0.0,42.0
39193,50.42,14.45,42.0
39194,48.57,4.76,42.0
39196,43.97,14.29,42.0
39197,51.74,3.71,42.0
39198,54.56,11.67,42.0
39199,50.54,9.98,42.0
39200,47.62,3.85,42.0
39201,49.16,14.87,42.0
39202,45.71,5.88,42.0
39203,43.64,0.0,42.0
39204,44.83,0.0,42.0
39205,50.62,0.0,42.0
39206,51.15,0.0,42.0
39207,46.07,14.29,42.0
39208,51.52,23.08,42.0
39209,45.84,8.35,42.0
39210,50.04,12.07,42.0
39211,46.18,0.0,42.0
39214,47.65,0.0,42.0
39216,51.98,0.0,42.0
39217,50.79,14.06,42.0
39218,48.84,17.78,42.0
39219,47.89,17.91,42.0
39220,51.9,17.95,42.0
39221,41.18,0.0,42.0
39222,48.89,0.0,42.0
39223,48.35,0.0,42.0
39225,46.6,10.0,42.0
39227,51.72,17.65,42.0
39228,51.08,7.38,42.0
39229,51.23,12.2,42.0
39230,44.0,14.29,42.0
39232,48.54,2.56,42.0
39233,53.02,9.81,42.0
39234,48.19,0.0,42.0
39235,51.12,14.68,42.0
39236,45.0,0.0,42.0
39237,47.06,0.0,42.0
39238,50.0,0.0,42.0
39239,46.34,0.0,42.0
39240,52.38,5.88,42.0
39241,50.77,2.86,42.0
39244,51.57,5.88,42.0
39245,48.06,0.0,42.0
39246,49.88,4.62,42.0
39247,55.41,0.0,42.0
39248,52.27,0.0,42.0
39249,46.91,0.0,42.0
39250,53.97,4.17,42.0
39251,50.7,14.29,42.0
39252,48.73,5.13,42.0
39253,46.77,0.0,42.0
39254,50.0,25.0,42.0
39255,46.07,0.0,42.0
39258,48.18,4.29,42.0
39261,49.26,15.38,42.0
39262,51.11,30.0,42.0
39263,47.99,6.82,42.0
39265,48.47,7.69,42.0
39266,50.26,3.4,42.0
39267,40.23,0.0,42.0
39268,49.21,28.57,42.0
39269,51.26,0.0,42.0
39270,50.82,19.73,42.0
39271,50.08,4.65,42.0
39272,54.0,0.0,42.0
39273,45.75,7.41,42.0
39274,52.26,17.24,42.0
39275,49.86,7.02,42.0
39277,50.94,0.0,42.0
39278,49.22,13.64,42.0
39279,49.34,7.49,42.0
39280,46.43,10.0,42.0
39281,45.98,12.5,42.0
39282,55.0,0.0,42.0
39283,48.08,8.96,42.0
39284,49.61,6.67,42.0
39285,47.8,0.0,42.0
39286,49.38,10.26,42.0
39288,50.91,9.38,42.0
39289,50.77,6.45,42.0
39290,47.78,11.71,42.0
39291,51.19,0.0,42.0
39292,52.34,9.09,42.0
39293,48.79,13.73,42.0
39295,49.32,0.0,42.0
39296,47.91,4.0,42.0
39297,47.55,12.2,42.0
39298,50.0,0.0,42.0
39299,50.61,4.35,42.0
39300,54.07,13.15,42.0
39301,45.51,10.0,42.0
39302,53.85,9.09,42.0
39304,51.74,24.16,42.0
39305,49.46,6.82,42.0
39306,51.31,18.81,42.0
39307,50.4,7.89,42.0
39308,49.51,19.05,42.0
39310,47.23,9.69,42.0
39312,50.45,9.09,42.0
39313,43.72,5.56,42.0
39314,52.5,0.0,42.0
39315,47.05,8.51,42.0
39317,49.73,10.73,42.0
39318,49.3,0.0,42.0
39319,45.14,5.88,42.0
39320,50.02,11.11,42.0
39321,54.27,6.67,42.0
39322,52.7,33.33,42.0
39323,46.46,15.63,42.0
39325,50.72,10.64,42.0
39326,50.28,11.76,42.0
39327,53.3,11.69,42.0
39328,51.94,2.27,42.0
39329,50.3,0.0,42.0
39330,50.38,7.14,42.0
39331,49.66,5.87,42.0
39333,49.65,8.13,42.0
39334,50.39,6.67,42.0
39335,52.27,10.45,42.0
39336,43.75,7.14,42.0
39337,48.86,30.0,42.0
39338,51.58,2.38,42.0
39339,49.3,7.13,42.0
39342,48.78,12.5,42.0
39343,43.75,0.0,42.0
39344,48.01,6.9,42.0
39345,51.03,14.98,42.0
39346,48.64,0.0,42.0
39348,52.1,23.33,42.0
39349,54.53,34.27,42.0
39350,49.65,3.99,42.0
39351,46.48,10.0,42.0
39352,50.0,11.76,42.0
39353,46.99,14.29,42.0
39354,53.08,10.26,42.0
39355,52.77,10.0,42.0
39356,46.08,10.0,42.0
39359,48.48,0.0,42.0
39360,52.64,28.57,42.0
39361,53.09,11.11,42.0
39362,51.78,10.29,42.0
39363,50.6,7.14,42.0
39364,50.76,4.39,42.0
39365,51.74,9.4,42.0
39366,50.25,16.0,42.0
39367,49.2,9.28,42.0
39368,49.63,6.03,42.0
39370,44.54,13.17,42.0
39372,49.33,0.0,42.0
39373,48.75,13.33,42.0
39375,49.23,0.0,42.0
39376,47.37,0.0,42.0
39377,48.28,0.0,42.0
39378,50.01,4.17,42.0
39379,50.93,10.0,42.0
39380,58.54,0.0,42.0
39381,51.49,60.0,42.0
39385,51.38,10.24,42.0
39386,43.68,0.0,42.0
39387,53.45,12.5,42.0
39388,57.37,10.0,42.0
39389,51.77,12.0,42.0
39390,51.41,13.33,42.0
39391,50.68,0.0,42.0
39392,48.53,4.0,42.0
39393,41.27,0.0,42.0
39394,47.14,0.0,42.0
39396,49.81,2.73,42.0
39397,51.64,12.98,42.0
39398,48.58,2.88,42.0
39399,48.6,9.34,42.0
39400,50.0,20.0,42.0
39401,46.84,0.0,42.0
39402,54.81,2.56,42.0
39403,50.0,21.05,42.0
39404,49.33,12.5,42.0
39405,49.26,12.81,42.0
39406,51.15,6.69,42.0
39407,50.49,25.92,42.0
39408,48.05,10.0,42.0
39409,45.52,11.11,42.0
39411,51.68,10.45,42.0
39412,45.08,4.35,42.0
39413,46.21,5.88,42.0
39415,49.67,4.21,42.0
39418,53.06,10.0,42.0
39419,48.39,14.29,42.0
39420,50.72,9.52,42.0
39421,50.64,20.68,42.0
39422,49.31,6.38,42.0
39423,47.92,10.0,42.0
39424,49.69,10.0,42.0
39425,46.67,12.5,42.0
39426,50.76,0.0,42.0
39427,53.97,0.0,42.0
39428,40.91,0.0,42.0
39429,47.14,8.57,42.0
39430,53.33,12.5,42.0
39431,51.65,13.79,42.0
39432,44.09,13.33,42.0
39434,53.2,8.25,42.0
39435,50.65,3.07,42.0
39436,44.03,13.64,42.0
39437,51.7,5.4,42.0
39439,49.17,14.55,42.0
39441,49.31,14.29,42.0
39443,51.69,0.0,42.0
39444,52.08,12.5,42.0
39445,48.73,3.55,42.0
39446,50.79,21.05,42.0
39447,44.44,14.29,42.0
39448,49.2,7.28,42.0
39449,47.1,18.52,42.0
39451,51.68,9.16,42.0
39452,48.52,8.89,42.0
39453,47.6,14.96,42.0
39454,52.17,12.5,42.0
39455,50.88,16.67,42.0
39456,49.46,0.0,42.0
39457,49.12,0.0,42.0
39458,47.17,10.71,42.0
39460,47.83,15.0,42.0
39461,48.81,0.0,42.0
39462,50.77,8.33,42.0
39463,51.93,18.18,42.0
39464,48.19,21.74,42.0
39465,48.26,8.0,42.0
39466,42.11,8.33,42.0
39467,50.33,0.0,42.0
39468,52.34,7.14,42.0
39469,52.5,9.09,42.0
39470,50.08,12.73,42.0
39471,51.11,4.76,42.0
39472,49.06,4.55,42.0
39473,45.56,15.38,42.0
39475,52.13,5.46,42.0
39476,51.38,8.39,42.0
39477,46.95,0.0,42.0
39478,50.99,6.14,42.0
39479,51.63,30.0,42.0
39480,48.74,6.45,42.0
39481,49.42,0.0,42.0
39485,50.54,5.14,42.0
39486,46.67,37.5,42.0
39487,52.22,6.67,42.0
39489,48.01,23.0,42.0
39490,49.93,11.98,42.0
39491,50.36,15.84,42.0
39492,54.67,15.0,42.0
39493,48.16,10.0,42.0
39494,51.98,12.52,42.0
39495,47.14,11.11,42.0
39497,49.5,0.0,42.0
39498,50.61,13.56,42.0
39499,47.09,11.76,42.0
39500,51.67,9.2,42.0
39501,48.83,19.63,42.0
39502,46.86,7.14,42.0
39503,53.09,8.16,42.0
39504,46.0,5.0,42.0
39505,56.9,0.0,42.0
39507,45.57,20.0,42.0
39508,52.56,6.38,42.0
39510,51.24,8.64,42.0
39511,46.15,0.0,42.0
39512,45.61,0.0,42.0
39513,46.39,15.38,42.0
39514,45.16,11.76,42.0
39517,50.73,10.2,42.0
39518,48.61,25.0,42.0
39519,47.46,16.67,42.0
39520,48.17,16.22,42.0
39522,46.3,0.0,42.0
39523,51.85,20.0,42.0
39525,51.94,5.62,42.0
39526,51.79,10.17,42.0
39527,48.03,22.22,42.0
39528,48.69,9.97,42.0
39529,50.77,0.0,42.0
39530,51.06,2.4,42.0
39531,51.1,5.88,42.0
39532,51.28,0.0,42.0
39533,53.74,15.0,42.0
39534,49.62,12.5,42.0
39535,46.8,4.19,42.0
39537,49.26,13.46,42.0
39538,45.76,0.0,42.0
39539,51.01,4.52,42.0
39540,48.83,5.0,42.0
39543,48.08,10.1,42.0
39545,51.81,0.0,42.0
39546,51.65,3.16,42.0
39547,50.16,10.81,42.0
39550,46.19,0.0,42.0
39551,45.54,0.0,42.0
39552,49.95,7.62,42.0
39553,49.08,3.13,42.0
39554,49.37,0.0,42.0
39555,47.53,4.76,42.0
39556,48.19,22.22,42.0
39557,47.28,0.0,42.0
39558,48.88,8.33,42.0
39559,45.85,4.17,42.0
39560,51.72,16.67,42.0
39561,51.14,9.76,42.0
39565,47.92,20.0,42.0
39567,53.79,10.0,42.0
39568,44.74,0.0,42.0
39569,52.1,9.43,42.0
39570,50.25,7.69,42.0
39571,50.0,6.67,42.0
39572,50.42,2.94,42.0
39573,50.68,5.41,42.0
39574,52.38,16.67,42.0
39575,51.09,20.0,42.0
39576,50.14,12.98,42.0
39577,49.74,13.14,42.0
39579,50.96,12.12,42.0
39581,47.45,3.45,42.0
39582,54.9,7.84,42.0
39583,45.65,17.82,42.0
39584,44.79,20.0,42.0
39585,55.56,50.0,42.0
39586,48.15,0.0,42.0
40001,51.77,11.02,42.0
40002,52.98,5.79,42.0
40003,50.72,3.57,42.0
40004,51.55,7.25,42.0
40005,54.1,10.0,42.0
40006,50.71,4.93,42.0
40007,51.81,6.67,42.0
40008,44.83,33.33,42.0
40011,50.05,10.26,42.0
40012,50.54,5.0,42.0
40013,44.33,10.0,42.0
40014,48.32,3.23,42.0
40015,42.19,0.0,42.0
40016,50.0,4.17,42.0
40017,50.52,2.5,42.0
40018,48.56,13.19,42.0
40019,51.53,8.41,42.0
40020,52.22,10.6,42.0
40021,50.03,4.02,42.0
40022,51.7,13.29,42.0
40023,50.18,11.83,42.0
40024,50.74,10.0,42.0
40025,49.42,5.19,42.0
40026,49.75,3.33,42.0
40027,50.65,5.88,42.0
40028,52.06,4.35,42.0
40029,48.62,3.57,42.0
40030,48.0,0.0,42.0
40031,50.14,8.59,42.0
40032,51.66,5.0,42.0
40033,48.19,0.0,42.0
40034,49.68,6.56,42.0
40035,51.78,9.09,42.0
40036,50.28,7.28,42.0
40037,51.04,12.45,42.0
40038,45.37,0.0,42.0
40039,50.81,6.67,42.0
40040,47.26,0.0,42.0
40041,48.76,20.0,42.0
40042,48.7,4.55,42.0
40043,49.78,1.47,42.0
40044,48.63,6.82,42.0
40046,51.31,12.75,42.0
40047,52.16,8.7,42.0
40049,50.5,2.56,42.0
40050,50.24,0.0,42.0
40051,51.52,14.29,42.0
40052,45.71,4.35,42.0
40053,47.02,3.12,42.0
40054,46.16,7.69,42.0
40055,52.76,14.69,42.0
40056,50.62,8.0,42.0
40057,50.1,2.86,42.0
40058,48.86,5.56,42.0
40059,50.57,6.86,42.0
40060,45.96,0.0,42.0
40061,50.88,17.2,42.0
40062,49.35,7.84,42.0
40063,49.71,14.08,42.0
40064,47.06,0.0,42.0
40065,53.97,13.74,42.0
40066,50.96,9.3,42.0
40067,49.97,8.62,42.0
40068,49.14,6.06,42.0
40069,48.07,5.64,42.0
40070,51.9,2.86,42.0
40071,51.78,9.27,42.0
40072,55.68,12.5,42.0
40073,44.54,0.0,42.0
40074,49.63,1.67,42.0
40075,50.1,6.2,42.0
40076,49.88,8.33,42.0
40077,50.32,13.91,42.0
40078,48.61,2.78,42.0
40079,52.55,0.0,42.0
40080,52.14,4.16,42.0
40081,49.26,13.16,42.0
40082,49.25,6.06,42.0
40083,55.0,0.0,42.0
40084,49.47,8.39,42.0
40085,49.8,7.69,42.0
40086,50.39,4.44,42.0
40087,51.49,0.0,42.0
40088,55.34,9.49,42.0
40089,50.13,7.24,42.0
40090,49.63,8.85,42.0
40091,49.42,5.0,42.0
40092,47.77,0.0,42.0
40093,50.6,13.64,42.0
40094,48.95,13.43,42.0
40095,51.65,1.53,42.0
40096,50.96,0.0,42.0
40097,51.23,6.38,42.0
40098,50.36,8.56,42.0
40099,53.65,3.59,42.0
40100,52.97,2.7,42.0
40101,50.97,6.0,42.0
40102,54.13,5.26,42.0
40103,51.47,5.77,42.0
40104,51.53,4.07,42.0
40105,50.23,17.5,42.0
40106,50.7,18.75,42.0
40108,50.38,5.8,42.0
40109,49.54,0.0,42.0
40110,52.3,13.53,42.0
40111,48.42,7.7,42.0
40112,45.54,16.67,42.0
40113,49.63,11.11,42.0
40114,54.16,10.78,42.0
40115,47.13,21.21,42.0
40116,46.72,0.0,42.0
40117,52.4,6.47,42.0
40118,51.87,9.63,42.0
40119,52.65,6.08,42.0
40120,51.54,14.92,42.0
40121,47.87,0.0,42.0
40122,51.42,6.98,42.0
40123,49.25,11.22,42.0
40124,45.71,9.09,42.0
40125,48.76,6.86,42.0
40126,51.54,5.89,42.0
40127,48.94,3.92,42.0
40128,48.75,1.52,42.0
40129,51.84,7.32,42.0
40130,50.0,0.0,42.0
40131,51.55,5.45,42.0
40132,49.66,5.17,42.0
40133,51.64,14.19,42.0
40134,50.61,4.7,42.0
40135,52.68,7.69,42.0
40136,52.78,0.0,42.0
40137,52.27,13.79,42.0
40138,48.99,4.76,42.0
40139,51.5,16.33,42.0
40140,54.46,0.0,42.0
40141,50.33,0.0,42.0
40142,49.73,7.67,42.0
40143,53.32,8.11,42.0
40144,50.45,7.41,42.0
40145,52.13,12.27,42.0
40146,46.43,11.76,42.0
40147,50.13,11.45,42.0
40148,46.05,0.0,42.0
40149,48.71,6.9,42.0
40150,51.75,8.28,42.0
40151,48.96,0.0,42.0
40152,49.6,3.25,42.0
40153,47.87,0.0,42.0
40154,48.62,3.85,42.0
40155,52.14,8.32,42.0
40156,48.82,6.12,42.0
40157,51.98,5.78,42.0
40158,46.17,4.35,42.0
40159,48.49,3.12,42.0
40160,47.24,5.88,42.0
40161,48.89,16.67,42.0
40162,48.58,11.67,42.0
40163,49.1,12.5,42.0
40164,47.48,9.68,42.0
40165,49.64,4.82,42.0
40166,46.67,0.0,42.0
40167,52.47,7.73,42.0
40168,50.33,7.98,42.0
40169,48.8,0.0,42.0
40170,50.65,22.73,42.0
40171,42.98,11.11,42.0
40172,48.52,7.69,42.0
40173,46.4,9.09,42.0
40174,44.71,0.0,42.0
40175,49.14,8.51,42.0
40176,46.67,0.0,42.0
40177,46.17,7.47,42.0
40178,50.9,22.39,42.0
40179,49.88,8.24,42.0
40180,49.61,6.19,42.0
40181,47.91,18.75,42.0
40182,52.04,7.41,42.0
40183,49.56,8.51,42.0
40184,52.39,8.29,42.0
40185,51.14,0.0,42.0
40186,48.54,11.9,42.0
40187,49.5,6.19,42.0
40188,50.69,5.56,42.0
40189,45.78,28.57,42.0
40190,46.65,15.38,42.0
40191,50.75,3.39,42.0
40192,52.03,12.28,42.0
40193,54.43,12.5,42.0
40194,52.24,13.25,42.0
40195,49.92,7.44,42.0
40196,49.73,10.91,42.0
40197,51.58,5.91,42.0
40198,50.29,0.0,42.0
40199,45.9,4.35,42.0
40200,44.62,6.9,42.0
40201,50.05,6.45,42.0
40202,52.15,8.04,42.0
40203,49.43,0.0,42.0
40204,46.02,3.85,42.0
40205,50.61,4.0,42.0
40206,48.12,6.24,42.0
40207,49.16,10.13,42.0
40208,52.27,2.86,42.0
40209,52.34,14.8,42.0
40210,53.01,10.26,42.0
40211,48.91,9.46,42.0
40212,50.14,6.25,42.0
40213,47.85,3.28,42.0
40214,50.2,6.38,42.0
40215,48.53,4.95,42.0
40216,51.24,5.0,42.0
40217,51.09,9.26,42.0
40218,49.12,10.26,42.0
40219,44.34,0.0,42.0
40220,48.89,0.0,42.0
40221,47.95,0.0,42.0
40222,50.36,9.84,42.0
40223,50.15,0.0,42.0
40224,52.32,7.47,42.0
40225,50.26,0.0,42.0
40226,50.0,13.33,42.0
40227,49.94,7.33,42.0
40228,53.91,7.56,42.0
40229,50.9,8.15,42.0
40230,51.55,7.59,42.0
40231,50.37,10.98,42.0
40232,53.18,11.76,42.0
40233,52.59,7.51,42.0
40234,50.5,3.41,42.0
40235,49.64,8.06,42.0
40236,51.42,8.4,42.0
40237,49.5,5.71,42.0
40238,49.36,12.0,42.0
40239,47.66,0.0,42.0
40240,49.5,1.81,42.0
40242,49.04,23.08,42.0
40243,51.08,7.49,42.0
40244,50.76,9.7,42.0
40245,52.94,7.51,42.0
40246,50.15,12.03,42.0
40247,52.27,4.76,42.0
40248,50.1,9.47,42.0
40249,49.4,11.9,42.0
40250,50.02,13.32,42.0
40251,52.34,11.36,42.0
40252,50.26,9.8,42.0
40253,51.28,2.17,42.0
40254,50.34,9.83,42.0
40255,49.7,2.25,42.0
40256,51.02,14.52,42.0
40257,49.55,8.57,42.0
40258,49.52,8.33,42.0
40259,49.18,6.82,42.0
40260,49.76,7.69,42.0
40261,50.55,4.35,42.0
40262,45.08,6.45,42.0
40263,48.89,10.26,42.0
40264,50.46,10.39,42.0
40265,44.34,25.0,42.0
40266,51.5,6.62,42.0
40267,49.66,4.17,42.0
40268,50.21,5.2,42.0
40269,49.32,11.46,42.0
40270,48.87,5.56,42.0
40271,47.98,5.84,42.0
40272,50.35,6.68,42.0
40273,51.96,8.49,42.0
40274,50.79,7.85,42.0
40275,50.09,6.19,42.0
40276,49.17,4.17,42.0
40277,48.71,6.76,42.0
40278,50.33,4.76,42.0
40279,53.45,11.54,42.0
40280,51.51,9.71,42.0
40281,53.16,11.81,42.0
40282,51.93,6.7,42.0
40283,51.3,9.48,42.0
40284,53.43,7.25,42.0
40285,52.07,3.02,42.0
40286,53.23,5.56,42.0
40287,50.94,11.87,42.0
40288,51.18,4.98,42.0
40289,50.21,8.7,42.0
40290,54.21,0.0,42.0
40291,51.1,12.29,42.0
40292,49.96,13.72,42.0
40293,50.57,8.39,42.0
40294,50.43,8.3,42.0
40295,48.66,4.52,42.0
40296,50.94,17.04,42.0
40297,51.16,5.56,42.0
40298,47.73,5.7,42.0
40299,57.0,0.0,42.0
40300,51.72,11.9,42.0
40301,45.26,0.0,42.0
40303,50.52,3.7,42.0
40304,53.75,17.37,42.0
40305,47.78,4.76,42.0
40306,51.0,10.34,42.0
40307,49.63,5.27,42.0
40308,49.15,2.27,42.0
40309,53.07,9.18,42.0
40310,52.14,12.37,42.0
40311,51.14,7.27,42.0
40312,51.35,10.59,42.0
40313,52.04,8.15,42.0
40314,52.82,17.82,42.0
40315,50.37,1.43,42.0
40316,48.62,2.7,42.0
40317,51.69,9.44,42.0
40318,49.19,16.67,42.0
40319,49.82,0.0,42.0
40320,49.67,17.46,42.0
40321,50.71,3.7,42.0
40322,53.33,6.25,42.0
40323,51.6,5.0,42.0
40324,49.29,4.17,42.0
40325,46.76,4.24,42.0
40326,51.77,6.37,42.0
40327,46.88,11.54,42.0
40328,52.97,3.88,42.0
40329,53.01,7.32,42.0
40330,48.53,12.29,42.0
40331,53.3,6.98,42.0
40332,51.07,10.48,42.0
40333,51.48,7.71,42.0
40334,50.67,9.66,42.0
41001,48.17,5.26,42.0
41002,50.84,6.98,42.0
41003,51.83,17.69,42.0
41004,52.54,4.2,42.0
41006,50.05,6.0,42.0
41007,49.79,10.81,42.0
41008,50.74,19.05,42.0
41009,51.39,11.84,42.0
41010,48.63,14.89,42.0
41012,49.66,4.76,42.0
41013,49.48,10.71,42.0
41014,47.78,0.0,42.0
41016,50.27,5.49,42.0
41017,48.54,6.15,42.0
41018,52.74,15.47,42.0
41019,49.09,0.0,42.0
41020,48.99,2.78,42.0
41022,51.47,12.5,42.0
41024,48.33,12.5,42.0
41025,54.14,6.96,42.0
41026,47.2,0.0,42.0
41027,47.55,15.79,42.0
41028,51.29,13.33,42.0
41029,49.23,10.74,42.0
41030,46.56,6.67,42.0
41031,50.02,15.35,42.0
41032,52.13,13.33,42.0
41034,50.21,6.72,42.0
41035,47.8,8.62,42.0
41036,47.5,8.16,42.0
41037,51.92,13.04,42.0
41038,48.63,5.56,42.0
41039,51.35,6.49,42.0
41040,51.56,12.33,42.0
41041,51.19,0.0,42.0
41042,52.24,4.88,42.0
41043,47.76,3.74,42.0
41044,51.15,3.9,42.0
41045,50.78,9.47,42.0
41046,50.33,12.0,42.0
41047,54.8,17.93,42.0
41048,44.52,0.0,42.0
41049,51.91,4.62,42.0
41050,48.3,19.53,42.0
41051,52.99,14.38,42.0
41052,51.3,10.92,42.0
41053,50.1,6.25,42.0
41054,49.15,0.0,42.0
41055,50.18,14.6,42.0
41057,48.45,6.25,42.0
41058,44.44,22.22,42.0
41059,51.1,6.05,42.0
41060,50.9,1.64,42.0
41061,50.06,9.56,42.0
41062,51.5,9.09,42.0
41063,47.79,10.0,42.0
41065,47.47,8.0,42.0
41066,51.65,8.33,42.0
41067,51.83,11.08,42.0
41068,50.97,4.92,42.0
41069,51.87,7.69,42.0
41070,50.19,9.11,42.0
41071,52.45,8.93,42.0
41072,50.57,4.55,42.0
41073,49.3,9.91,42.0
41074,50.3,4.81,42.0
41075,49.98,0.0,42.0
41077,50.39,0.0,42.0
41078,52.31,13.64,42.0
41079,45.63,0.0,42.0
41080,51.3,10.53,42.0
41081,48.02,3.85,42.0
41083,49.82,12.42,42.0
41084,50.49,5.06,42.0
41085,50.05,11.76,42.0
41086,51.12,4.84,42.0
41087,50.02,2.88,42.0
41088,49.65,9.52,42.0
41089,48.06,4.35,42.0
41090,47.3,8.33,42.0
41091,49.92,10.66,42.0
41093,50.19,15.38,42.0
41094,50.63,12.4,42.0
41095,50.14,6.45,42.0
41096,47.96,15.38,42.0
41097,49.7,5.82,42.0
41098,49.43,4.55,42.0
41099,48.19,7.97,42.0
41100,45.29,10.53,42.0
41101,52.5,5.69,42.0
41102,50.37,12.12,42.0
41103,49.13,6.87,42.0
41104,51.59,12.32,42.0
41105,48.94,13.14,42.0
41106,52.0,8.7,42.0
41107,49.24,4.55,42.0
41108,50.41,0.0,42.0
41109,50.14,11.27,42.0
41110,47.52,4.11,42.0
41112,48.57,12.5,42.0
41113,51.46,27.27,42.0
41114,50.85,7.14,42.0
41115,47.0,20.13,42.0
41116,44.75,4.76,42.0
41118,51.31,4.55,42.0
41119,52.09,2.56,42.0
41120,47.88,8.03,42.0
41121,40.62,16.67,42.0
41122,52.9,0.0,42.0
41123,54.55,6.12,42.0
41124,52.81,5.41,42.0
41125,49.87,4.29,42.0
41126,52.88,6.92,42.0
41127,47.49,2.7,42.0
41128,49.65,11.59,42.0
41129,53.4,9.09,42.0
41130,45.39,8.69,42.0
41131,50.31,12.09,42.0
41132,50.25,12.82,42.0
41134,50.7,14.55,42.0
41135,52.18,6.17,42.0
41136,51.99,10.13,42.0
41137,48.67,14.04,42.0
41138,46.8,12.0,42.0
41139,50.29,5.95,42.0
41140,48.71,4.69,42.0
41141,48.39,2.56,42.0
41142,49.39,12.28,42.0
41143,53.14,9.89,42.0
41144,51.21,14.24,42.0
41145,48.91,12.5,42.0
41146,49.84,3.03,42.0
41147,51.5,13.4,42.0
41148,50.55,8.05,42.0
41149,53.7,6.39,42.0
41150,50.95,13.09,42.0
41151,53.72,3.94,42.0
41152,47.81,11.67,42.0
41153,48.94,17.65,42.0
41154,53.75,6.76,42.0
41155,50.02,10.62,42.0
41156,49.22,14.0,42.0
41157,49.19,9.08,42.0
41158,50.51,9.45,42.0
41159,52.64,11.87,42.0
41160,48.78,3.12,42.0
41161,52.4,5.12,42.0
41163,50.41,13.33,42.0
41164,51.41,5.61,42.0
41166,49.49,12.82,42.0
41167,52.3,11.0,42.0
41168,46.12,0.0,42.0
41171,51.12,9.13,42.0
41172,48.0,0.0,42.0
41173,50.63,5.18,42.0
41174,48.21,26.32,42.0
41175,49.34,9.8,42.0
41176,51.97,6.71,42.0
41177,47.14,16.67,42.0
41178,46.03,0.0,42.0
41179,46.03,0.0,42.0
41180,51.01,4.8,42.0
41181,47.94,5.71,42.0
41182,45.39,7.72,42.0
41184,48.41,10.17,42.0
41185,49.84,9.6,42.0
41186,49.07,18.2,42.0
41187,48.55,15.38,42.0
41188,47.46,0.0,42.0
41189,51.87,19.51,42.0
41190,47.0,21.05,42.0
41191,49.21,0.0,42.0
41192,50.57,3.57,42.0
41193,49.68,0.0,42.0
41194,52.47,8.05,42.0
41195,49.32,0.0,42.0
41196,47.5,12.5,42.0
41198,53.46,12.51,42.0
41199,50.95,6.14,42.0
41200,51.33,8.31,42.0
41201,48.73,3.57,42.0
41203,50.21,6.4,42.0
41204,50.54,13.45,42.0
41205,47.4,7.14,42.0
41206,51.15,22.98,42.0
41207,51.73,10.37,42.0
41208,53.04,8.33,42.0
41209,50.66,8.97,42.0
41211,51.24,8.22,42.0
41212,52.53,22.59,42.0
41213,58.0,0.0,42.0
41214,53.03,1.25,42.0
41215,46.88,12.5,42.0
41216,48.32,2.13,42.0
41217,52.82,6.56,42.0
41218,50.67,5.8,42.0
41219,47.17,4.0,42.0
41220,49.75,9.84,42.0
41221,47.43,8.57,42.0
41222,50.82,5.77,42.0
41223,50.49,4.11,42.0
41224,46.63,5.26,42.0
41225,48.04,2.0,42.0
41226,53.33,15.88,42.0
41228,49.3,12.0,42.0
41229,51.12,5.13,42.0
41230,50.72,10.04,42.0
41231,50.13,9.02,42.0
41232,52.7,5.85,42.0
41233,50.8,6.51,42.0
41234,53.94,3.7,42.0
41235,52.3,8.41,42.0
41236,44.44,0.0,42.0
41237,52.05,3.09,42.0
41238,51.99,4.68,42.0
41239,52.13,5.75,42.0
41241,51.34,6.25,42.0
41242,52.19,5.64,42.0
41243,49.18,9.2,42.0
41245,48.45,8.25,42.0
41246,47.42,21.13,42.0
41247,50.96,7.74,42.0
41248,48.4,9.84,42.0
41249,50.76,8.43,42.0
41250,50.25,2.04,42.0
41251,48.87,6.0,42.0
41252,49.54,9.25,42.0
41253,50.1,20.0,42.0
41254,50.29,5.26,42.0
41255,50.86,21.87,42.0
41256,50.57,0.87,42.0
41258,49.8,2.78,42.0
41259,51.1,10.6,42.0
41260,48.99,7.69,42.0
41261,51.16,10.0,42.0
41262,51.4,15.38,42.0
41265,46.55,13.64,42.0
41266,48.18,0.0,42.0
41267,50.15,5.88,42.0
41268,46.62,10.0,42.0
41269,53.68,13.03,42.0
41271,48.65,1.85,42.0
41273,51.46,4.0,42.0
41274,42.5,28.57,42.0
41275,52.23,8.51,42.0
41276,51.03,12.08,42.0
41277,55.08,0.0,42.0
41278,45.73,3.59,42.0
41279,47.27,3.33,42.0
41280,50.67,7.37,42.0
41281,47.43,11.11,42.0
41282,56.92,17.04,42.0
41283,50.9,3.85,42.0
41284,40.98,25.0,42.0
41285,50.84,11.12,42.0
41286,46.9,0.0,42.0
41287,51.39,7.49,42.0
41288,49.61,12.04,42.0
41289,51.03,10.38,42.0
41290,50.0,11.76,42.0
41291,51.09,18.87,42.0
41292,45.77,8.33,42.0
41293,50.21,3.12,42.0
41294,51.24,16.77,42.0
41295,52.34,17.14,42.0
41296,51.56,12.29,42.0
41297,51.83,7.81,42.0
42001,49.07,20.93,42.0
42002,47.67,0.0,42.0
42003,48.74,6.06,42.0
42005,52.01,10.45,42.0
42006,48.99,2.63,42.0
42007,53.24,15.0,42.0
42008,41.18,11.11,42.0
42009,50.26,7.84,42.0
42010,48.6,14.29,42.0
42011,51.22,7.32,42.0
42012,47.23,12.84,42.0
42013,50.72,14.21,42.0
42014,45.86,7.14,42.0
42015,52.15,4.88,42.0
42016,50.47,10.2,42.0
42017,48.38,20.45,42.0
42018,46.94,20.0,42.0
42019,53.53,2.71,42.0
42020,50.16,10.4,42.0
42021,48.4,8.41,42.0
42022,51.66,7.71,42.0
42023,51.3,12.55,42.0
42025,45.69,0.0,42.0
42026,51.57,4.56,42.0
42027,47.22,7.89,42.0
42028,46.69,2.86,42.0
42029,51.0,5.19,42.0
42030,51.39,2.9,42.0
42031,49.03,11.11,42.0
42032,50.18,19.37,42.0
42033,48.91,11.83,42.0
42034,57.41,10.0,42.0
42035,48.57,4.24,42.0
42036,46.55,14.81,42.0
42037,48.64,8.32,42.0
42038,48.65,6.33,42.0
42039,48.62,2.63,42.0
42040,53.19,14.29,42.0
42041,49.35,13.64,42.0
42042,47.8,13.96,42.0
42043,48.92,19.43,42.0
42044,52.35,5.94,42.0
42045,41.03,0.0,42.0
42046,50.9,12.99,42.0
42047,46.91,15.38,42.0
42048,50.34,9.03,42.0
42049,48.48,1.78,42.0
42050,47.83,0.0,42.0
42051,47.86,34.04,42.0
42052,54.48,8.22,42.0
42053,50.39,16.11,42.0
42054,48.92,7.14,42.0
42055,45.71,0.0,42.0
42056,50.07,11.43,42.0
42058,47.68,0.0,42.0
42059,51.93,7.93,42.0
42060,50.5,3.85,42.0
42061,47.89,4.76,42.0
42062,49.88,11.5,42.0
42063,45.66,2.5,42.0
42064,49.41,19.57,42.0
42065,50.95,8.53,42.0
42066,47.7,1.96,42.0
42067,47.85,5.86,42.0
42068,50.87,0.0,42.0
42069,50.38,13.28,42.0
42070,47.78,4.94,42.0
42071,55.24,9.61,42.0
42073,48.87,18.39,42.0
42074,51.75,6.61,42.0
42075,49.23,8.88,42.0
42076,48.29,8.05,42.0
42077,47.85,0.0,42.0
42078,47.66,4.24,42.0
42079,47.15,6.83,42.0
42081,48.7,10.07,42.0
42083,48.37,31.91,42.0
42084,47.35,7.68,42.0
42085,48.55,18.48,42.0
42086,45.77,13.04,42.0
42087,49.63,12.75,42.0
42088,51.26,4.23,42.0
42089,50.38,11.09,42.0
42090,46.35,1.85,42.0
42091,47.21,6.9,42.0
42092,51.99,20.1,42.0
42093,49.08,19.96,42.0
42094,53.72,9.17,42.0
42095,53.38,6.54,42.0
42096,48.47,7.81,42.0
42097,51.89,20.15,42.0
42098,49.34,5.31,42.0
42099,51.83,8.82,42.0
42100,49.84,24.0,42.0
42101,46.34,0.0,42.0
42102,49.31,6.04,42.0
42103,51.4,9.33,42.0
42104,50.89,3.99,42.0
42105,50.59,4.17,42.0
42106,51.37,9.38,42.0
42107,48.11,0.0,42.0
42108,50.02,10.19,42.0
42110,50.62,10.15,42.0
42112,49.01,2.45,42.0
42113,46.05,30.0,42.0
42115,52.93,15.49,42.0
42116,45.71,0.0,42.0
42117,44.35,9.09,42.0
42118,50.49,8.06,42.0
42119,49.03,5.91,42.0
42120,51.29,9.3,42.0
42121,52.15,6.67,42.0
42122,49.27,14.23,42.0
42123,52.56,7.11,42.0
42124,50.07,5.68,42.0
42125,50.0,15.38,42.0
42126,48.29,11.03,42.0
42127,52.79,6.48,42.0
42128,46.62,5.32,42.0
42129,51.87,6.45,42.0
42130,47.64,7.03,42.0
42131,52.13,5.79,42.0
42132,48.78,5.08,42.0
42133,48.77,6.49,42.0
42134,49.99,8.47,42.0
42135,49.35,13.25,42.0
42136,48.62,4.76,42.0
42137,48.14,8.33,42.0
42138,47.72,3.03,42.0
42139,48.94,11.62,42.0
42140,48.46,10.83,42.0
42141,48.96,10.42,42.0
42142,47.55,10.71,42.0
42143,48.09,11.16,42.0
42145,50.57,3.39,42.0
42146,49.21,0.0,42.0
42147,52.86,10.77,42.0
42148,50.33,4.55,42.0
42149,52.89,11.64,42.0
42150,52.68,6.84,42.0
42151,49.53,5.26,42.0
42152,47.95,17.6,42.0
42153,50.31,0.0,42.0
42154,49.79,2.27,42.0
42155,49.38,10.47,42.0
42156,51.38,5.69,42.0
42157,48.43,10.13,42.0
42158,50.48,5.88,42.0
42159,52.68,0.81,42.0
42160,46.84,18.75,42.0
42161,49.9,10.48,42.0
42162,50.92,12.08,42.0
42163,51.34,4.3,42.0
42164,39.71,0.0,42.0
42165,51.99,12.46,42.0
42166,47.77,16.07,42.0
42167,47.65,8.82,42.0
42168,51.79,15.03,42.0
42169,48.87,9.41,42.0
42170,51.38,12.39,42.0
42171,49.83,19.05,42.0
42172,49.51,22.92,42.0
42173,49.47,2.86,42.0
42174,48.63,11.11,42.0
42175,51.03,8.47,42.0
42176,50.52,10.64,42.0
42177,52.02,5.06,42.0
42178,53.44,11.7,42.0
42179,48.79,9.43,42.0
42180,47.92,6.15,42.0
42181,52.25,8.33,42.0
42182,51.1,13.09,42.0
42183,51.35,5.24,42.0
42184,53.75,11.0,42.0
42185,50.55,21.88,42.0
42186,52.43,6.0,42.0
42187,52.91,9.93,42.0
42188,47.33,0.0,42.0
42189,51.68,10.86,42.0
42191,49.96,9.18,42.0
42192,49.2,9.34,42.0
42193,49.52,10.73,42.0
42194,47.26,0.0,42.0
42195,52.58,10.24,42.0
42196,50.0,0.0,42.0
42197,49.53,6.34,42.0
42198,50.01,6.7,42.0
42199,49.35,12.78,42.0
42200,49.4,10.63,42.0
42201,50.43,15.1,42.0
42202,48.89,8.06,42.0
42203,49.41,9.52,42.0
42204,53.6,3.09,42.0
42205,47.58,4.75,42.0
42206,49.42,23.64,42.0
42207,52.69,9.47,42.0
42208,49.44,11.36,42.0
42209,47.94,6.38,42.0
42210,48.23,12.8,42.0
42211,50.67,8.62,42.0
42212,49.48,6.52,42.0
42213,50.21,3.48,42.0
42214,48.45,13.08,42.0
42215,50.38,5.32,42.0
42216,49.75,7.14,42.0
42217,48.76,5.3,42.0
42218,52.11,14.61,42.0
42219,47.47,9.89,42.0
42220,48.25,3.42,42.0
42221,50.27,13.33,42.0
42222,52.21,19.71,42.0
42223,52.73,16.99,42.0
42224,50.08,17.85,42.0
42225,49.18,9.97,42.0
42226,46.58,18.92,42.0
42227,46.1,8.11,42.0
42228,50.92,8.82,42.0
42229,45.87,7.69,42.0
42230,50.85,7.08,42.0
42231,51.38,4.2,42.0
42232,50.3,18.4,42.0
42233,49.16,9.68,42.0
42234,50.57,19.75,42.0
42235,51.21,6.9,42.0
42236,47.17,3.57,42.0
42237,51.65,12.27,42.0
42238,49.66,0.0,42.0
42239,49.86,6.55,42.0
42240,49.85,7.82,42.0
42241,46.16,8.3,42.0
42242,49.01,10.17,42.0
42243,51.72,14.95,42.0
42245,47.26,0.0,42.0
42246,51.65,3.89,42.0
42247,45.39,0.0,42.0
42248,51.05,2.22,42.0
42249,50.78,3.79,42.0
42251,48.78,7.38,42.0
42253,50.28,7.08,42.0
42254,47.47,10.71,42.0
42255,50.01,4.53,42.0
42256,51.22,15.27,42.0
42257,50.94,5.0,42.0
42259,51.04,18.77,42.0
42260,49.09,9.34,42.0
42261,48.89,3.37,42.0
42262,48.52,4.0,42.0
42264,49.79,15.08,42.0
42265,49.63,17.18,42.0
42266,48.87,1.74,42.0
42267,50.2,9.24,42.0
42268,51.35,7.68,42.0
42269,48.97,0.0,42.0
42270,52.39,18.23,42.0
42271,51.07,13.54,42.0
42272,50.11,12.96,42.0
42273,52.09,6.45,42.0
42274,49.45,0.0,42.0
42275,53.89,22.05,42.0
42276,49.68,0.0,42.0
42277,49.88,0.0,42.0
42278,45.39,6.67,42.0
42279,52.32,18.68,42.0
42280,48.79,2.99,42.0
42281,44.36,30.77,42.0
42282,47.34,8.68,42.0
42283,47.39,10.51,42.0
42284,50.98,11.11,42.0
42285,51.27,9.02,42.0
42286,49.27,16.67,42.0
42287,49.22,5.77,42.0
42288,48.59,6.76,42.0
42289,51.01,10.84,42.0
42290,50.84,24.14,42.0
42293,49.54,8.33,42.0
42294,48.94,18.52,42.0
42295,48.95,7.69,42.0
42296,49.43,14.54,42.0
42297,50.36,12.75,42.0
42298,47.83,0.0,42.0
42299,52.34,12.42,42.0
42300,47.54,0.0,42.0
42301,48.51,7.85,42.0
42302,51.35,18.78,42.0
42303,46.16,9.09,42.0
42304,50.39,7.33,42.0
42305,51.0,14.25,42.0
42306,48.92,16.28,42.0
42307,51.22,15.67,42.0
42308,47.93,8.34,42.0
42310,47.92,10.0,42.0
42311,51.11,31.82,42.0
42312,51.08,8.25,42.0
42313,47.92,6.35,42.0
42314,47.25,3.45,42.0
42315,45.64,8.33,42.0
42316,51.43,9.51,42.0
42317,45.97,9.09,42.0
42318,49.58,10.9,42.0
42319,49.28,4.94,42.0
42320,50.07,4.83,42.0
42321,46.02,0.0,42.0
42322,48.81,8.0,42.0
42323,51.87,12.86,42.0
42324,50.42,8.8,42.0
42325,48.63,5.71,42.0
42326,50.1,18.18,42.0
42327,51.14,16.78,42.0
42328,49.3,12.12,42.0
42329,47.51,8.57,42.0
42330,51.99,14.68,42.0
42331,49.51,11.55,42.0
42332,52.29,12.88,42.0
42333,48.7,7.51,42.0
42334,49.21,3.17,42.0
42335,48.84,12.76,42.0
42336,48.15,13.64,42.0
42337,48.5,8.0,42.0
42338,49.62,6.3,42.0
42339,47.69,10.0,42.0
43001,44.83,0.0,42.0
43002,54.64,19.08,42.0
43003,50.47,2.63,42.0
43004,45.3,0.0,42.0
43005,50.0,12.59,42.0
43006,46.51,21.43,42.0
43007,47.58,6.9,42.0
43008,47.24,0.0,42.0
43009,47.83,0.0,42.0
43010,50.16,13.33,42.0
43011,45.09,17.65,42.0
43012,51.16,11.73,42.0
43013,52.98,4.05,42.0
43014,43.4,0.0,42.0
43015,43.75,14.29,42.0
43016,50.28,4.05,42.0
43017,50.42,7.14,42.0
43018,48.17,7.2,42.0
43019,51.61,0.0,42.0
43020,50.77,6.05,42.0
43021,49.93,4.65,42.0
43022,49.69,21.43,42.0
43023,50.15,0.0,42.0
43024,49.6,9.59,42.0
43025,49.9,9.43,42.0
43026,48.53,4.92,42.0
43027,40.91,0.0,42.0
43028,48.11,16.67,42.0
43029,50.0,0.0,42.0
43030,48.62,10.37,42.0
43031,53.73,10.0,42.0
43032,51.17,11.14,42.0
43033,49.84,5.56,42.0
43034,48.95,6.25,42.0
43035,49.45,40.0,42.0
43036,50.94,10.53,42.0
43037,50.14,0.0,42.0
43038,51.07,5.32,42.0
43039,49.85,1.69,42.0
43040,54.17,10.07,42.0
43041,54.13,10.94,42.0
43042,50.68,5.81,42.0
43043,46.9,0.0,42.0
43044,45.97,17.65,42.0
43045,49.88,10.5,42.0
43046,51.41,12.68,42.0
43047,50.06,6.9,42.0
43048,49.62,8.15,42.0
43049,48.55,12.82,42.0
43050,47.58,23.08,42.0
43051,52.6,8.0,42.0
43052,48.3,0.0,42.0
43053,48.28,14.29,42.0
43054,47.13,16.67,42.0
43055,49.38,0.0,42.0
43056,52.87,0.0,42.0
43057,48.0,50.0,42.0
43058,49.34,9.2,42.0
43059,43.12,0.0,42.0
43060,50.75,0.0,42.0
43061,48.12,17.11,42.0
43062,48.42,5.0,42.0
43063,47.5,11.76,42.0
43064,49.23,33.33,42.0
43065,47.97,0.0,42.0
43066,40.68,9.09,42.0
43067,50.74,4.35,42.0
43068,50.0,0.0,42.0
43069,47.42,7.41,42.0
43070,52.13,0.0,42.0
43071,49.99,4.37,42.0
43072,49.28,6.67,42.0
43073,42.54,11.11,42.0
43074,51.11,9.63,42.0
43075,54.43,0.0,42.0
43076,48.48,7.69,42.0
43077,49.82,1.85,42.0
43078,51.42,8.55,42.0
43079,53.15,0.0,42.0
43080,53.29,6.88,42.0
43082,49.3,20.0,42.0
43083,44.97,0.0,42.0
43084,50.22,10.14,42.0
43085,45.45,0.0,42.0
43086,52.63,20.0,42.0
43087,51.03,6.24,42.0
43088,49.46,12.9,42.0
43089,51.9,15.41,42.0
43090,55.12,0.0,42.0
43091,50.8,14.26,42.0
43092,50.17,3.85,42.0
43093,43.71,0.0,42.0
43094,44.74,0.0,42.0
43095,45.32,10.0,42.0
43096,52.47,10.93,42.0
43097,43.81,0.0,42.0
43098,49.59,0.0,42.0
43099,50.34,3.93,42.0
43100,52.49,14.29,42.0
43101,41.18,16.67,42.0
43102,49.86,8.82,42.0
43103,50.44,0.0,42.0
43104,43.48,0.0,42.0
43105,50.0,9.43,42.0
43106,49.32,0.0,42.0
43107,54.12,0.0,42.0
43108,49.08,7.5,42.0
43109,46.07,0.0,42.0
43110,49.94,5.51,42.0
43111,48.85,1.58,42.0
43112,53.47,7.47,42.0
43113,50.19,5.43,42.0
43114,48.33,6.63,42.0
43115,49.56,7.22,42.0
43116,46.03,0.0,42.0
43117,49.31,5.88,42.0
43118,56.22,15.0,42.0
43119,50.15,6.58,42.0
43120,50.13,4.0,42.0
43121,50.69,0.0,42.0
43122,47.75,3.57,42.0
43123,48.89,9.76,42.0
43124,51.94,9.87,42.0
43125,46.08,0.0,42.0
43126,50.46,5.42,42.0
43127,49.89,6.17,42.0
43128,59.03,7.14,42.0
43129,48.59,17.65,42.0
43130,50.24,8.89,42.0
43131,49.1,6.67,42.0
43132,49.11,5.19,42.0
43133,45.95,9.09,42.0
43134,43.26,0.0,42.0
43135,51.21,5.01,42.0
43136,48.01,6.37,42.0
43137,51.79,10.12,42.0
43138,48.36,5.13,42.0
43139,46.15,0.0,42.0
43140,52.14,15.87,42.0
43141,49.65,7.63,42.0
43142,45.79,9.62,42.0
43143,46.09,13.89,42.0
43144,44.26,0.0,42.0
43145,38.78,16.67,42.0
43147,51.41,8.11,42.0
43148,50.06,6.33,42.0
43149,47.86,11.11,42.0
43150,45.48,13.16,42.0
43151,50.67,0.0,42.0
43152,50.2,9.12,42.0
43153,50.24,8.94,42.0
43154,50.95,10.86,42.0
43155,42.86,25.0,42.0
43156,48.15,0.0,42.0
43157,53.04,12.85,42.0
43158,49.36,21.12,42.0
43159,47.38,3.21,42.0
43160,52.5,0.0,42.0
43162,51.61,3.45,42.0
43163,49.49,8.61,42.0
43164,45.26,9.32,42.0
43165,49.08,8.15,42.0
43166,48.28,3.3,42.0
43167,47.62,5.26,42.0
43168,47.41,0.0,42.0
43169,34.0,0.0,42.0
43170,42.12,6.73,42.0
43171,44.21,0.0,42.0
43172,49.77,8.7,42.0
43173,48.19,0.0,42.0
43174,48.29,6.25,42.0
43175,51.52,0.0,42.0
43177,51.12,6.51,42.0
43178,44.33,12.5,42.0
43180,48.98,0.0,42.0
43181,48.54,1.29,42.0
43182,43.4,0.0,42.0
43183,51.46,0.0,42.0
43184,49.61,12.65,42.0
43185,51.93,8.52,42.0
43186,48.18,9.09,42.0
43187,48.37,7.69,42.0
43188,52.07,4.25,42.0
43189,49.81,2.28,42.0
43190,49.32,9.36,42.0
43191,49.8,12.0,42.0
43192,48.99,0.0,42.0
43193,46.5,13.33,42.0
43194,49.82,10.39,42.0
43195,51.18,10.53,42.0
43196,48.09,0.0,42.0
43197,48.82,3.85,42.0
43198,46.41,4.55,42.0
43199,48.35,8.08,42.0
43200,51.12,6.93,42.0
43201,48.39,4.17,42.0
43202,55.56,0.0,42.0
43203,50.18,19.15,42.0
43204,44.03,0.0,42.0
43205,50.6,7.03,42.0
43206,47.45,6.68,42.0
43207,47.9,11.54,42.0
43208,54.05,0.0,42.0
43210,45.09,0.0,42.0
43211,49.66,6.67,42.0
43212,51.05,7.32,42.0
43213,49.25,5.11,42.0
43214,42.2,0.0,42.0
43215,47.94,10.53,42.0
43216,50.74,7.77,42.0
43217,49.69,3.64,42.0
43218,49.06,5.88,42.0
43219,45.0,11.11,42.0
43220,41.33,0.0,42.0
43221,46.35,7.58,42.0
43222,51.52,9.09,42.0
43223,47.69,9.09,42.0
43224,49.9,5.89,42.0
43225,47.69,0.0,42.0
43226,46.67,11.11,42.0
43227,48.13,12.36,42.0
43228,50.54,0.0,42.0
43229,49.43,8.33,42.0
43230,50.95,2.24,42.0
43231,46.75,0.0,42.0
43232,49.85,0.0,42.0
43233,50.34,4.63,42.0
43234,49.83,3.7,42.0
43236,50.2,11.03,42.0
43237,49.8,0.0,42.0
43238,53.55,8.82,42.0
43239,48.11,6.56,42.0
43240,47.8,6.25,42.0
43241,52.06,4.0,42.0
43242,44.07,12.5,42.0
43244,50.35,6.29,42.0
43245,46.07,0.0,42.0
43246,48.18,2.85,42.0
43247,50.0,0.0,42.0
43249,49.39,11.54,42.0
43250,55.81,20.0,42.0
43251,55.89,15.52,42.0
43253,46.63,0.0,42.0
43254,47.17,0.0,42.0
43256,49.47,5.0,42.0
43257,46.6,8.89,42.0
43258,51.09,5.99,42.0
43259,50.54,3.28,42.0
43260,45.45,0.0,42.0
43261,48.97,3.64,42.0
43262,49.96,11.45,42.0
43263,47.76,20.0,42.0
43264,47.32,12.1,42.0
43265,50.75,5.07,42.0
43267,54.03,3.33,42.0
43268,51.25,10.14,42.0
44001,49.68,6.78,42.0
44002,50.83,11.89,42.0
44003,52.29,16.23,42.0
44005,50.16,8.39,42.0
44006,50.75,4.61,42.0
44007,51.11,9.17,42.0
44009,51.6,24.33,42.0
44010,53.01,9.11,42.0
44012,54.1,15.59,42.0
44013,49.9,5.15,42.0
44014,49.96,15.55,42.0
44015,51.21,9.07,42.0
44016,47.4,4.59,42.0
44018,51.59,18.53,42.0
44019,49.82,13.64,42.0
44020,51.36,16.84,42.0
44021,51.36,8.5,42.0
44022,49.98,3.72,42.0
44023,49.86,12.51,42.0
44024,49.72,12.98,42.0
44025,50.51,10.92,42.0
44026,49.31,26.74,42.0
44027,49.27,11.26,42.0
44028,50.33,18.34,42.0
44029,50.34,8.64,42.0
44030,51.2,5.8,42.0
44031,50.18,4.55,42.0
44032,49.84,12.78,42.0
44033,49.44,16.12,42.0
44035,50.83,29.16,42.0
44036,53.28,9.11,42.0
44037,50.64,17.35,42.0
44038,49.32,4.5,42.0
44039,48.08,7.48,42.0
44041,50.72,15.49,42.0
44043,51.82,22.12,42.0
44044,48.74,0.92,42.0
44045,49.94,9.11,42.0
44046,50.01,7.84,42.0
44047,51.55,17.25,42.0
44048,48.77,7.93,42.0
44049,53.91,6.61,42.0
44050,49.14,6.95,42.0
44051,49.17,7.05,42.0
44052,50.39,4.33,42.0
44053,49.91,2.74,42.0
44054,49.35,6.45,42.0
44055,54.76,21.06,42.0
44056,49.95,10.63,42.0
44057,51.62,8.33,42.0
44058,47.98,4.44,42.0
44061,50.56,6.21,42.0
44062,50.59,7.1,42.0
44063,50.25,10.84,42.0
44064,51.56,13.04,42.0
44065,50.06,4.25,42.0
44066,49.92,15.96,42.0
44067,50.45,4.5,42.0
44068,48.64,4.64,42.0
44069,52.09,14.49,42.0
44070,50.48,15.14,42.0
44071,50.88,22.34,42.0
44072,50.63,6.82,42.0
44073,50.23,12.69,42.0
44074,51.49,18.66,42.0
44075,49.6,8.43,42.0
44076,46.78,7.91,42.0
44077,50.45,11.16,42.0
44078,50.02,6.27,42.0
44079,49.54,10.39,42.0
44080,50.59,8.75,42.0
44081,49.91,6.05,42.0
44082,49.99,13.0,42.0
44083,51.03,8.51,42.0
44084,50.21,12.37,42.0
44085,49.8,2.99,42.0
44086,48.53,11.82,42.0
44087,50.6,9.13,42.0
44088,50.69,11.11,42.0
44089,50.02,12.5,42.0
44090,48.29,6.71,42.0
44091,49.12,8.23,42.0
44092,51.19,4.84,42.0
44094,50.97,20.57,42.0
44095,51.3,8.88,42.0
44096,49.56,9.78,42.0
44097,52.8,10.31,42.0
44098,50.38,8.42,42.0
44099,51.43,5.23,42.0
44100,50.23,12.69,42.0
44101,51.59,16.43,42.0
44102,48.8,9.29,42.0
44103,51.74,3.98,42.0
44104,49.94,8.05,42.0
44105,51.22,4.76,42.0
44106,51.28,9.27,42.0
44107,48.65,7.61,42.0
44108,50.05,6.77,42.0
44109,51.69,28.14,42.0
44110,51.17,12.01,42.0
44111,49.55,5.88,42.0
44112,51.4,4.39,42.0
44113,51.94,7.57,42.0
44114,51.64,28.38,42.0
44115,49.92,13.17,42.0
44116,51.8,5.41,42.0
44117,49.95,10.75,42.0
44118,48.47,7.1,42.0
44119,49.36,7.54,42.0
44120,51.16,12.7,42.0
44121,48.28,8.12,42.0
44122,48.94,15.72,42.0
44123,47.48,11.83,42.0
44124,50.09,1.49,42.0
44125,52.99,11.76,42.0
44126,52.2,7.65,42.0
44127,50.8,8.33,42.0
44128,49.36,6.3,42.0
44129,51.15,8.01,42.0
44130,50.57,19.51,42.0
44131,53.07,16.2,42.0
44132,53.1,23.7,42.0
44133,49.87,9.39,42.0
44134,49.54,4.95,42.0
44135,55.7,10.97,42.0
44136,51.85,13.68,42.0
44137,49.68,10.88,42.0
44138,50.53,10.91,42.0
44139,48.8,10.42,42.0
44140,47.19,5.11,42.0
44141,49.64,3.87,42.0
44142,49.43,9.09,42.0
44143,53.0,19.36,42.0
44144,51.02,4.98,42.0
44145,48.87,12.54,42.0
44146,50.51,4.83,42.0
44148,48.76,4.84,42.0
44149,48.48,10.59,42.0
44150,48.82,12.22,42.0
44151,50.48,10.59,42.0
44152,51.7,7.15,42.0
44153,50.91,9.15,42.0
44154,52.09,14.35,42.0
44155,48.96,9.28,42.0
44156,48.17,7.12,42.0
44157,48.67,2.62,42.0
44158,50.7,21.3,42.0
44159,49.68,26.36,42.0
44161,53.46,4.49,42.0
44162,52.06,18.03,42.0
44163,49.45,9.37,42.0
44164,50.79,5.95,42.0
44165,49.02,8.67,42.0
44166,52.33,19.05,42.0
44168,50.3,5.0,42.0
44169,50.86,18.41,42.0
44170,53.1,8.29,42.0
44171,50.46,13.59,42.0
44172,51.6,21.42,42.0
44173,50.07,8.8,42.0
44174,48.53,7.56,42.0
44175,51.05,8.3,42.0
44176,50.86,4.62,42.0
44178,50.4,10.85,42.0
44179,49.2,16.38,42.0
44180,49.58,3.96,42.0
44182,51.87,9.2,42.0
44183,49.55,8.21,42.0
44184,52.19,13.33,42.0
44185,51.87,8.48,42.0
44186,51.07,11.38,42.0
44187,50.39,5.31,42.0
44188,49.99,10.62,42.0
44189,50.71,4.26,42.0
44190,53.19,21.71,42.0
44192,49.16,9.92,42.0
44193,49.71,2.29,42.0
44194,51.62,28.23,42.0
44195,51.52,15.25,42.0
44196,50.8,8.46,42.0
44197,49.42,3.05,42.0
44198,51.17,16.81,42.0
44199,49.77,5.94,42.0
44200,46.9,0.0,42.0
44201,50.47,33.28,42.0
44202,52.01,4.76,42.0
44203,49.26,12.92,42.0
44204,51.09,24.09,42.0
44205,50.02,7.86,42.0
44206,51.55,3.85,42.0
44207,51.67,5.16,42.0
44208,47.78,9.64,42.0
44209,50.37,23.84,42.0
44210,50.9,5.8,42.0
44211,52.09,8.65,42.0
44212,50.9,13.97,42.0
44213,50.07,6.61,42.0
44214,48.11,6.6,42.0
44215,50.8,24.46,42.0
44216,50.48,4.8,42.0
44217,49.93,20.46,42.0
44218,48.25,6.39,42.0
44220,49.67,5.68,42.0
44221,48.51,20.48,42.0
44222,49.64,10.06,42.0
44223,50.82,11.3,42.0
44224,48.8,5.7,42.0
45001,50.5,4.03,42.0
45002,47.87,2.25,42.0
45004,54.16,11.59,42.0
45005,44.53,6.45,42.0
45006,49.88,25.0,42.0
45008,48.64,7.47,42.0
45009,49.52,3.81,42.0
45010,51.47,5.36,42.0
45011,46.89,5.0,42.0
45012,49.17,4.55,42.0
45013,47.99,13.79,42.0
45014,49.76,2.17,42.0
45015,51.7,12.5,42.0
45016,50.12,6.25,42.0
45017,49.04,5.58,42.0
45018,51.53,5.26,42.0
45019,48.88,9.72,42.0
45020,47.88,14.26,42.0
45021,51.89,3.6,42.0
45022,51.18,4.8,42.0
45023,55.26,23.08,42.0
45024,50.17,14.56,42.0
45025,50.4,7.33,42.0
45026,48.03,10.68,42.0
45027,50.7,11.11,42.0
45028,52.13,14.33,42.0
45029,50.49,7.55,42.0
45030,52.64,4.32,42.0
45031,53.84,6.0,42.0
45032,50.91,8.33,42.0
45033,49.31,13.51,42.0
45034,51.65,19.26,42.0
45035,48.99,8.33,42.0
45036,51.88,12.79,42.0
45037,50.16,5.56,42.0
45038,49.81,0.0,42.0
45039,48.85,5.88,42.0
45040,52.91,5.59,42.0
45041,50.0,0.0,42.0
45042,50.11,9.47,42.0
45043,48.7,17.68,42.0
45044,46.91,23.08,42.0
45045,49.5,6.9,42.0
45046,32.74,7.57,42.0
45047,50.88,8.11,42.0
45049,49.42,10.26,42.0
45050,49.76,2.67,42.0
45051,50.68,13.74,42.0
45052,45.88,0.0,42.0
45053,53.09,8.4,42.0
45054,48.67,7.69,42.0
45055,44.32,14.92,42.0
45056,47.43,18.53,42.0
45058,48.31,5.88,42.0
45059,45.28,15.38,42.0
45060,52.07,6.03,42.0
45061,52.43,6.6,42.0
45062,49.39,16.44,42.0
45063,50.9,4.23,42.0
45064,51.52,2.5,42.0
45065,48.66,13.79,42.0
45066,50.21,5.88,42.0
45067,51.43,15.65,42.0
45068,51.27,5.9,42.0
45069,51.09,5.56,42.0
45070,44.74,0.0,42.0
45072,50.51,13.08,42.0
45073,49.81,8.11,42.0
45074,49.55,0.0,42.0
45075,51.71,13.01,42.0
45076,48.57,14.69,42.0
45077,47.51,10.34,42.0
45078,52.85,19.05,42.0
45079,51.54,21.43,42.0
45080,49.15,6.93,42.0
45081,48.01,3.13,42.0
45082,52.57,17.06,42.0
45083,52.49,8.99,42.0
45084,50.18,12.25,42.0
45085,53.67,7.74,42.0
45086,45.82,8.33,42.0
45087,51.61,11.55,42.0
45088,48.53,3.48,42.0
45089,52.03,18.32,42.0
45091,48.25,21.71,42.0
45092,47.92,11.43,42.0
45093,50.13,6.87,42.0
45094,46.49,5.88,42.0
45095,48.67,8.33,42.0
45096,46.96,11.54,42.0
45097,50.54,3.81,42.0
45098,50.65,16.25,42.0
45099,49.62,7.55,42.0
45100,51.1,41.46,42.0
45101,47.35,8.0,42.0
45102,50.08,19.33,42.0
45103,53.04,1.43,42.0
45104,51.02,6.2,42.0
45105,45.12,0.0,42.0
45107,46.2,4.17,42.0
45108,50.75,5.35,42.0
45109,49.14,15.09,42.0
45110,51.26,7.89,42.0
45111,49.83,12.2,42.0
45112,46.67,5.56,42.0
45113,47.33,4.76,42.0
45114,51.87,12.0,42.0
45115,53.52,5.69,42.0
45116,48.71,9.4,42.0
45118,47.02,9.38,42.0
45119,49.72,7.56,42.0
45120,45.09,0.0,42.0
45121,52.54,7.34,42.0
45122,48.51,7.75,42.0
45123,48.6,15.47,42.0
45124,46.75,5.56,42.0
45125,48.6,0.0,42.0
45126,50.05,21.97,42.0
45127,51.14,5.3,42.0
45129,51.09,7.96,42.0
45130,52.33,15.32,42.0
45131,46.92,7.88,42.0
45132,48.2,2.94,42.0
45133,49.92,3.7,42.0
45134,49.06,6.43,42.0
45135,49.83,22.22,42.0
45136,50.18,10.17,42.0
45137,47.16,7.89,42.0
45138,54.93,0.0,42.0
45139,48.97,6.57,42.0
45141,52.72,21.43,42.0
45142,50.16,12.27,42.0
45143,44.44,0.0,42.0
45144,51.23,11.67,42.0
45145,51.01,7.32,42.0
45146,52.32,12.12,42.0
45147,52.41,13.15,42.0
45148,49.85,7.38,42.0
45149,47.1,3.85,42.0
45150,48.0,0.0,42.0
45151,46.68,8.33,42.0
45152,46.48,4.17,42.0
45153,51.06,10.39,42.0
45154,51.27,10.29,42.0
45155,52.25,9.91,42.0
45156,47.43,10.14,42.0
45157,47.28,13.95,42.0
45158,49.45,19.05,42.0
45159,52.54,5.56,42.0
45160,48.36,1.75,42.0
45161,50.54,7.14,42.0
45162,49.81,3.54,42.0
45164,51.46,7.54,42.0
45165,51.58,3.33,42.0
45166,45.25,9.38,42.0
45167,51.43,14.51,42.0
45168,48.84,10.19,42.0
45169,50.55,15.24,42.0
45170,51.52,0.0,42.0
45171,51.25,5.08,42.0
45173,51.02,14.81,42.0
45174,47.94,6.45,42.0
45175,50.46,17.29,42.0
45176,49.24,6.52,42.0
45177,48.54,4.0,42.0
45178,51.13,5.62,42.0
45179,51.16,12.26,42.0
45180,48.42,12.5,42.0
45181,48.78,18.18,42.0
45182,51.39,14.29,42.0
45183,49.18,5.88,42.0
45184,49.41,4.59,42.0
45185,51.39,7.41,42.0
45186,50.76,5.0,42.0
45187,52.9,7.94,42.0
45188,50.19,15.29,42.0
45189,48.77,11.54,42.0
45191,50.5,6.54,42.0
45193,49.72,20.79,42.0
45194,51.15,19.0,42.0
45195,47.59,6.25,42.0
45196,49.43,11.56,42.0
45197,50.86,16.47,42.0
45198,48.36,8.57,42.0
45199,51.4,10.0,42.0
45200,49.36,15.28,42.0
45201,49.72,6.25,42.0
45202,49.75,8.75,42.0
45203,51.74,13.01,42.0
45204,53.02,17.76,42.0
45205,46.7,12.9,42.0
45206,52.79,14.29,42.0
45207,47.62,7.32,42.0
45208,53.6,12.57,42.0
45209,46.97,2.95,42.0
45210,51.87,9.46,42.0
45212,51.52,3.81,42.0
45213,46.89,16.63,42.0
45214,44.77,8.33,42.0
45215,49.33,9.52,42.0
45216,41.26,0.0,42.0
45217,47.59,21.43,42.0
45218,55.15,8.33,42.0
45219,44.94,4.55,42.0
45220,49.7,0.0,42.0
45222,49.57,10.77,42.0
45223,49.46,3.03,42.0
45224,52.1,10.95,42.0
45225,49.41,3.07,42.0
45226,50.02,4.86,42.0
45227,48.97,6.03,42.0
45228,49.06,6.36,42.0
45229,50.74,6.63,42.0
45230,48.64,8.11,42.0
45231,50.82,9.09,42.0
45232,50.59,27.91,42.0
45233,53.48,10.87,42.0
45234,51.94,21.25,42.0
45235,50.11,16.03,42.0
45237,48.39,21.43,42.0
45238,51.3,3.28,42.0
45239,48.48,9.61,42.0
45240,51.3,6.84,42.0
45241,51.54,13.85,42.0
45242,50.52,29.77,42.0
45243,50.19,0.0,42.0
45244,49.63,13.31,42.0
45245,51.64,4.04,42.0
45246,52.59,23.53,42.0
45247,51.54,12.9,42.0
45248,52.11,5.38,42.0
45249,52.61,26.14,42.0
45250,50.62,20.0,42.0
45251,45.45,10.53,42.0
45252,50.93,6.28,42.0
45253,50.24,5.59,42.0
45254,50.61,8.57,42.0
45255,50.58,10.53,42.0
45256,49.61,4.0,42.0
45257,47.74,4.08,42.0
45258,52.1,9.18,42.0
45259,52.44,5.45,42.0
45260,54.71,15.38,42.0
45261,50.78,19.7,42.0
45262,46.04,11.76,42.0
45263,49.17,15.62,42.0
45264,45.95,22.22,42.0
45265,44.07,12.71,42.0
45266,47.06,3.88,42.0
45268,51.04,4.44,42.0
45269,50.84,12.95,42.0
45270,50.55,13.61,42.0
45271,51.04,11.61,42.0
45272,50.79,25.33,42.0
45273,51.63,15.36,42.0
45274,51.73,25.36,42.0
45275,47.39,2.17,42.0
45276,51.32,2.04,42.0
45277,48.72,15.0,42.0
45278,51.99,10.76,42.0
45279,48.71,6.59,42.0
45280,49.81,14.43,42.0
45281,49.62,15.24,42.0
45282,51.24,22.6,42.0
45283,49.69,0.0,42.0
45284,52.36,16.34,42.0
45285,51.59,10.77,42.0
45286,52.71,18.59,42.0
45288,48.36,2.9,42.0
45289,49.42,18.11,42.0
45290,51.11,9.25,42.0
45291,50.16,12.81,42.0
45292,49.86,6.24,42.0
45293,50.29,6.99,42.0
45294,52.48,8.33,42.0
45296,49.67,4.1,42.0
45297,52.71,13.86,42.0
45298,53.14,19.61,42.0
45299,49.58,11.54,42.0
45300,49.48,20.58,42.0
45301,46.81,8.73,42.0
45302,50.06,11.15,42.0
45303,48.29,12.7,42.0
45305,50.1,13.33,42.0
45306,48.5,6.02,42.0
45307,49.54,7.75,42.0
45308,51.37,21.79,42.0
45309,47.79,5.8,42.0
45310,50.26,10.37,42.0
45311,48.38,21.21,42.0
45312,51.16,7.11,42.0
45313,49.37,4.55,42.0
45314,44.48,8.67,42.0
45315,51.94,10.15,42.0
45316,48.62,8.22,42.0
45317,52.32,20.47,42.0
45320,49.03,5.41,42.0
45321,50.58,7.39,42.0
45322,47.76,0.0,42.0
45323,51.41,0.0,42.0
45324,51.04,15.97,42.0
45325,49.0,3.7,42.0
45326,48.89,2.91,42.0
45327,49.48,16.48,42.0
45328,52.98,6.25,42.0
45329,50.72,7.56,42.0
45330,46.63,3.85,42.0
45331,49.37,13.64,42.0
45332,49.68,8.24,42.0
45333,49.55,14.5,42.0
45334,45.6,7.27,42.0
45335,49.98,15.29,42.0
45336,49.13,17.86,42.0
45337,46.95,5.41,42.0
45338,52.87,12.31,42.0
45339,49.46,5.26,42.0
45340,49.91,3.64,42.0
45341,49.24,8.0,42.0
45342,47.44,2.52,42.0
45343,53.93,10.0,42.0
45344,51.42,8.66,42.0
45345,50.62,13.69,42.0
45346,50.43,12.96,42.0
45347,50.21,9.52,42.0
45348,50.2,10.0,42.0
46001,49.72,15.79,42.0
46002,48.86,0.0,42.0
46003,51.12,5.84,42.0
46004,48.18,5.56,42.0
46005,49.61,14.6,42.0
46006,51.1,10.0,42.0
46007,52.49,12.97,42.0
46008,51.32,25.0,42.0
46009,54.03,10.42,42.0
46010,48.74,16.0,42.0
46011,48.94,11.76,42.0
46012,49.83,5.5,42.0
46013,49.76,6.25,42.0
46015,50.44,8.94,42.0
46016,48.67,6.23,42.0
46017,49.65,8.33,42.0
46018,51.03,11.11,42.0
46020,48.28,0.0,42.0
46021,49.54,10.81,42.0
46022,46.39,31.78,42.0
46023,47.36,6.82,42.0
46024,51.97,9.76,42.0
46026,56.56,0.0,42.0
46027,50.0,0.0,42.0
46028,50.6,9.76,42.0
46029,51.0,8.98,42.0
46030,50.74,20.0,42.0
46031,49.64,0.0,42.0
46032,51.13,5.71,42.0
46033,52.06,6.77,42.0
46034,51.98,16.0,42.0
46035,46.28,16.67,42.0
46036,50.79,13.33,42.0
46037,53.26,0.0,42.0
46038,53.04,8.0,42.0
46039,51.27,10.0,42.0
46040,48.63,3.85,42.0
46041,56.32,10.0,42.0
46042,54.36,13.67,42.0
46043,49.19,10.0,42.0
46044,50.1,8.23,42.0
46045,53.57,10.0,42.0
46046,49.53,9.19,42.0
46047,53.25,6.3,42.0
46049,53.11,27.78,42.0
46050,47.41,6.25,42.0
46051,50.72,3.23,42.0
46052,50.31,11.54,42.0
46053,50.73,15.0,42.0
46054,49.54,11.11,42.0
46055,49.44,12.36,42.0
46056,43.93,36.36,42.0
46057,49.03,13.95,42.0
46058,48.96,6.9,42.0
46059,50.33,11.76,42.0
46060,50.88,0.0,42.0
46061,48.84,0.0,42.0
46062,51.53,7.32,42.0
46063,51.18,8.76,42.0
46064,51.53,5.45,42.0
46065,48.8,8.18,42.0
46066,53.49,23.17,42.0
46068,52.19,12.5,42.0
46069,48.88,10.0,42.0
46070,51.43,6.51,42.0
46072,51.18,16.67,42.0
46073,50.69,6.3,42.0
46074,51.98,6.24,42.0
46075,48.74,9.52,42.0
46076,48.27,15.15,42.0
46078,48.96,0.0,42.0
46079,45.36,25.0,42.0
46080,49.78,12.66,42.0
46081,48.28,0.0,42.0
46082,51.68,10.0,42.0
46083,51.91,8.21,42.0
46084,48.51,3.12,42.0
46085,50.4,8.33,42.0
46086,50.32,8.79,42.0
46087,50.76,1.76,42.0
46088,49.66,10.34,42.0
46089,52.96,8.21,42.0
46090,50.0,6.67,42.0
46091,50.41,14.29,42.0
46092,44.36,22.73,42.0
46093,49.51,40.0,42.0
46094,53.17,21.05,42.0
46095,50.57,6.93,42.0
46096,45.45,0.0,42.0
46097,52.81,12.5,42.0
46098,52.32,13.64,42.0
46100,49.17,18.96,42.0
46101,50.41,11.11,42.0
46102,51.7,15.74,42.0
46103,49.67,10.16,42.0
46104,42.68,0.0,42.0
46105,48.69,15.49,42.0
46106,53.99,4.12,42.0
46107,52.35,0.0,42.0
46108,50.12,20.0,42.0
46109,49.9,17.5,42.0
46111,53.07,7.69,42.0
46112,48.37,9.09,42.0
46113,51.73,7.0,42.0
46114,49.6,10.71,42.0
46115,51.15,20.0,42.0
46116,43.08,25.0,42.0
46117,50.52,8.33,42.0
46118,47.49,11.86,42.0
46119,49.31,14.29,42.0
46120,52.02,13.75,42.0
46121,51.41,5.26,42.0
46122,61.11,14.29,42.0
46123,50.15,3.47,42.0
46124,50.36,8.0,42.0
46125,49.28,5.41,42.0
46126,48.09,9.09,42.0
46127,53.27,12.4,42.0
46128,51.71,9.15,42.0
46129,51.45,4.76,42.0
46130,48.51,0.0,42.0
46131,48.19,0.0,42.0
46132,49.63,12.24,42.0
46133,49.87,10.71,42.0
46134,50.4,4.0,42.0
46135,45.45,0.0,42.0
46136,51.47,15.63,42.0
46137,52.15,8.82,42.0
46138,52.09,6.54,42.0
46139,48.76,0.0,42.0
46140,51.03,13.16,42.0
46142,50.87,7.14,42.0
46143,52.28,3.07,42.0
46144,48.53,9.09,42.0
46145,51.01,6.94,42.0
46146,46.24,0.0,42.0
46147,46.96,0.0,42.0
46148,50.99,8.3,42.0
46149,51.4,13.11,42.0
46151,43.59,13.33,42.0
46152,51.63,5.26,42.0
46153,49.39,20.0,42.0
46154,47.88,12.12,42.0
46155,51.85,0.0,42.0
46156,50.84,20.36,42.0
46157,48.51,16.67,42.0
46159,43.9,4.55,42.0
46160,51.27,5.13,42.0
46161,50.84,0.0,42.0
46162,48.88,16.67,42.0
46163,50.33,20.83,42.0
46164,50.29,13.04,42.0
46165,51.83,12.97,42.0
46167,52.73,22.22,42.0
46168,47.64,33.33,42.0
46169,48.87,8.33,42.0
46170,47.3,4.49,42.0
46171,52.17,9.09,42.0
46172,50.27,8.81,42.0
46173,54.51,11.11,42.0
46174,46.42,0.0,42.0
46175,51.3,19.93,42.0
46176,49.42,6.04,42.0
46177,48.05,18.24,42.0
46178,51.38,5.56,42.0
46179,47.62,60.0,42.0
46180,48.85,9.31,42.0
46181,52.69,20.0,42.0
46182,51.69,5.24,42.0
46183,49.98,0.0,42.0
46184,52.27,3.85,42.0
46185,51.16,11.25,42.0
46186,48.6,11.43,42.0
46187,50.79,9.3,42.0
46188,50.21,4.35,42.0
46189,50.96,11.14,42.0
46190,44.96,18.18,42.0
46191,53.87,7.37,42.0
46192,54.8,0.0,42.0
46193,48.88,2.0,42.0
46194,48.24,16.67,42.0
46195,47.34,7.89,42.0
46196,47.87,0.0,42.0
46197,49.62,15.07,42.0
46198,47.27,16.67,42.0
46199,48.15,0.0,42.0
46200,49.26,4.17,42.0
46201,51.48,6.43,42.0
46202,49.29,8.83,42.0
46203,53.77,5.88,42.0
46204,53.87,8.56,42.0
46205,49.7,12.5,42.0
46206,53.39,16.67,42.0
46207,51.83,4.0,42.0
46208,51.46,10.71,42.0
46209,46.03,17.65,42.0
46210,49.31,20.0,42.0
46211,53.56,10.53,42.0
46212,54.17,0.0,42.0
46213,53.01,0.0,42.0
46214,50.39,5.48,42.0
46215,49.4,14.55,42.0
46216,49.93,6.51,42.0
46218,51.65,0.0,42.0
46219,49.92,11.11,42.0
46220,51.62,8.77,42.0
46221,49.92,21.57,42.0
46222,51.85,23.53,42.0
46223,53.72,14.29,42.0
46224,53.51,11.42,42.0
46225,54.08,6.94,42.0
46226,46.52,5.0,42.0
46227,46.71,0.0,42.0
46228,48.98,5.8,42.0
46229,52.28,11.1,42.0
46230,52.33,0.0,42.0
46231,53.32,8.66,42.0
46232,52.04,15.08,42.0
46233,50.93,0.0,42.0
46234,51.89,8.33,42.0
46235,50.29,31.82,42.0
46236,50.67,27.27,42.0
46237,49.34,3.04,42.0
46238,48.07,3.38,42.0
46239,46.63,7.69,42.0
46240,50.77,7.71,42.0
46241,52.68,10.0,42.0
46242,49.21,26.67,42.0
46243,45.14,11.76,42.0
46244,51.61,0.0,42.0
46245,43.96,0.0,42.0
46246,52.7,22.22,42.0
46247,51.7,6.25,42.0
46249,51.22,8.33,42.0
46250,47.14,42.86,42.0
46251,53.93,11.93,42.0
46252,50.46,19.35,42.0
46253,50.25,30.77,42.0
46254,51.3,8.33,42.0
46255,49.18,6.04,42.0
46256,54.9,21.74,42.0
46257,51.3,0.0,42.0
46258,50.31,7.69,42.0
46259,47.92,7.69,42.0
46260,49.26,9.09,42.0
46262,49.19,9.65,42.0
46263,50.99,3.51,42.0
46264,48.5,20.21,42.0
46265,48.8,3.85,42.0
46266,49.06,11.54,42.0
46267,51.82,6.12,42.0
46268,50.07,13.48,42.0
46269,47.06,0.0,42.0
46270,50.2,10.53,42.0
46271,50.06,15.69,42.0
46272,50.19,12.35,42.0
46273,51.91,11.64,42.0
46276,48.93,5.88,42.0
46277,47.76,4.76,42.0
46279,48.94,5.26,42.0
46280,54.59,6.25,42.0
46281,51.96,0.0,42.0
46282,46.46,0.0,42.0
46283,51.72,6.9,42.0
46284,50.38,8.73,42.0
46286,47.73,12.5,42.0
46288,47.45,0.0,42.0
46289,48.48,7.14,42.0
46290,53.59,0.0,42.0
46292,49.22,40.0,42.0
46293,51.6,0.0,42.0
46294,47.9,18.18,42.0
46295,51.8,4.76,42.0
46296,51.09,9.09,42.0
46297,51.19,2.3,42.0
46299,47.37,10.0,42.0
46301,51.87,4.88,42.0
46302,43.94,0.0,42.0
46303,55.86,50.0,42.0
46304,48.63,10.0,42.0
46305,49.72,0.0,42.0
46306,53.76,0.0,42.0
46307,52.25,5.66,42.0
46308,53.48,0.0,42.0
46309,51.96,9.12,42.0
46310,48.84,9.09,42.0
46311,51.17,6.39,42.0
46312,47.19,3.45,42.0
46313,48.67,2.56,42.0
46314,48.87,0.0,42.0
46315,49.69,0.0,42.0
46316,52.42,0.0,42.0
46317,51.16,9.5,42.0
46318,48.78,21.05,42.0
46319,47.8,5.0,42.0
46320,49.55,11.82,42.0
46321,51.65,0.0,42.0
46322,49.4,16.42,42.0
46323,51.06,16.67,42.0
46324,51.42,5.88,42.0
46328,52.47,8.7,42.0
46329,49.6,3.82,42.0
46330,52.37,15.31,42.0
46332,50.15,7.41,42.0
46333,48.31,13.33,42.0
46334,53.23,8.73,42.0
46335,47.24,10.0,42.0
46336,49.66,9.68,42.0
46337,54.36,4.76,42.0
46338,50.67,0.0,42.0
46339,48.23,8.82,42.0
46340,51.5,18.75,42.0
47001,53.17,12.43,42.0
47002,49.52,0.0,42.0
47003,50.42,6.06,42.0
47004,52.5,8.12,42.0
47005,50.26,5.89,42.0
47006,47.85,9.06,42.0
47007,50.9,7.69,42.0
47008,50.93,0.0,42.0
47009,50.78,10.53,42.0
47010,50.88,0.0,42.0
47011,48.24,0.0,42.0
47012,48.52,12.0,42.0
47013,50.71,14.64,42.0
47014,51.98,0.0,42.0
47015,51.65,6.41,42.0
47016,51.55,9.24,42.0
47017,49.91,7.5,42.0
47018,49.43,0.0,42.0
47019,49.5,11.61,42.0
47020,48.4,0.0,42.0
47021,51.13,10.62,42.0
47022,49.99,12.77,42.0
47023,49.24,17.65,42.0
47024,50.32,9.93,42.0
47025,48.55,7.41,42.0
47026,50.15,15.0,42.0
47027,53.07,9.12,42.0
47028,51.16,12.68,42.0
47029,49.78,0.0,42.0
47030,50.72,8.7,42.0
47031,52.69,9.39,42.0
47032,52.95,13.26,42.0
47033,55.16,4.17,42.0
47034,48.97,0.0,42.0
47035,48.44,6.06,42.0
47036,50.0,3.32,42.0
47037,52.3,0.0,42.0
47038,50.12,3.93,42.0
47039,58.33,16.67,42.0
47040,51.22,11.52,42.0
47041,52.17,7.35,42.0
47042,46.67,6.67,42.0
47043,52.89,5.41,42.0
47044,48.71,6.25,42.0
47045,48.85,11.11,42.0
47046,50.38,1.7,42.0
47047,49.39,0.0,42.0
47048,52.82,7.07,42.0
47049,54.1,7.08,42.0
47050,48.09,0.0,42.0
47051,51.82,9.9,42.0
47052,54.6,9.72,42.0
47053,45.59,9.68,42.0
47054,52.18,8.52,42.0
47055,49.12,0.0,42.0
47056,51.11,7.94,42.0
47057,52.92,4.14,42.0
47058,50.18,6.25,42.0
47059,50.79,0.0,42.0
47060,50.3,3.09,42.0
47061,48.1,8.33,42.0
47062,47.52,4.48,42.0
47063,52.26,10.0,42.0
47064,50.03,0.0,42.0
47065,50.14,5.12,42.0
47066,49.88,8.08,42.0
47067,47.84,2.97,42.0
47068,48.97,4.26,42.0
47069,50.18,8.12,42.0
47070,50.54,10.53,42.0
47071,50.35,0.0,42.0
47072,52.92,10.0,42.0
47073,50.26,14.29,42.0
47074,49.71,3.29,42.0
47075,48.11,11.88,42.0
47076,49.49,3.81,42.0
47077,49.27,4.76,42.0
47078,50.53,5.66,42.0
47079,51.0,8.25,42.0
47080,49.04,8.33,42.0
47081,52.36,10.01,42.0
47082,49.44,13.04,42.0
47083,46.15,0.0,42.0
47084,50.17,0.0,42.0
47085,49.5,4.76,42.0
47086,53.79,7.58,42.0
47087,55.0,7.69,42.0
47088,49.14,4.69,42.0
47089,52.35,0.0,42.0
47090,51.93,24.14,42.0
47091,51.02,12.02,42.0
47092,50.13,7.49,42.0
47093,51.82,17.14,42.0
47094,50.22,3.81,42.0
47095,49.71,1.45,42.0
47096,52.58,23.53,42.0
47097,51.88,10.19,42.0
47098,50.15,12.82,42.0
47099,50.63,12.9,42.0
47100,51.9,16.73,42.0
47101,48.16,7.46,42.0
47102,52.4,7.51,42.0
47103,51.55,25.0,42.0
47104,53.31,6.25,42.0
47105,52.91,11.11,42.0
47106,52.88,4.48,42.0
47107,46.41,12.9,42.0
47108,51.29,8.08,42.0
47109,49.45,0.0,42.0
47110,50.87,3.7,42.0
47111,50.86,2.1,42.0
47112,48.09,8.51,42.0
47113,52.0,0.0,42.0
47114,49.13,2.78,42.0
47115,49.8,0.0,42.0
47117,51.07,8.74,42.0
47118,50.0,11.76,42.0
47119,51.11,7.32,42.0
47120,45.1,10.0,42.0
47121,54.26,13.04,42.0
47122,47.93,5.56,42.0
47123,49.47,2.63,42.0
47124,47.39,5.56,42.0
47125,50.76,9.09,42.0
47126,51.61,0.0,42.0
47127,48.03,4.84,42.0
47128,50.21,5.88,42.0
47129,48.96,3.57,42.0
47130,48.1,4.76,42.0
47131,49.72,5.97,42.0
47132,49.72,21.05,42.0
47133,54.95,13.04,42.0
47134,46.52,0.0,42.0
47135,47.71,5.61,42.0
47136,47.52,8.33,42.0
47137,47.34,14.84,42.0
47138,49.77,9.41,42.0
47139,50.0,0.0,42.0
47140,49.37,7.69,42.0
47141,50.04,7.41,42.0
47142,52.53,10.71,42.0
47143,50.46,6.49,42.0
47144,50.34,3.52,42.0
47145,50.97,7.06,42.0
47146,49.44,12.07,42.0
47147,51.35,3.81,42.0
47148,50.0,0.0,42.0
47150,49.59,0.0,42.0
47151,55.26,16.13,42.0
47152,47.87,0.0,42.0
47154,49.02,15.79,42.0
47155,47.67,8.76,42.0
47156,49.64,10.67,42.0
47157,53.51,9.14,42.0
47158,56.36,20.0,42.0
47159,52.07,12.05,42.0
47160,46.2,7.14,42.0
47161,48.28,7.69,42.0
47162,46.91,4.35,42.0
47163,51.72,16.67,42.0
47164,49.52,0.0,42.0
47165,51.98,10.89,42.0
47167,54.75,5.3,42.0
47168,54.56,3.31,42.0
47169,51.41,16.55,42.0
47170,49.92,1.66,42.0
47171,46.52,4.0,42.0
47172,49.34,9.89,42.0
47173,48.2,2.7,42.0
47174,49.59,6.15,42.0
47175,51.3,12.36,42.0
47176,50.88,14.29,42.0
47177,47.89,9.74,42.0
47178,48.25,2.7,42.0
47179,54.23,6.49,42.0
47180,50.96,14.29,42.0
47181,49.11,7.41,42.0
47182,45.08,9.09,42.0
47183,49.1,12.5,42.0
47184,47.98,4.76,42.0
47185,51.26,3.23,42.0
47186,49.67,9.46,42.0
47187,45.99,7.41,42.0
47188,47.55,8.33,42.0
47189,48.92,0.0,42.0
47190,49.01,9.52,42.0
47191,49.82,2.33,42.0
47192,45.45,0.0,42.0
47193,52.28,11.76,42.0
47194,49.89,0.0,42.0
47195,53.22,10.09,42.0
47196,45.61,9.52,42.0
47197,47.03,8.33,42.0
47198,53.18,0.0,42.0
47199,53.29,10.71,42.0
47200,47.83,0.0,42.0
47201,54.07,8.33,42.0
47202,47.1,10.53,42.0
47203,53.43,7.91,42.0
47204,49.45,13.64,42.0
47205,51.91,17.39,42.0
47206,49.37,10.74,42.0
47207,51.9,11.11,42.0
47208,46.14,10.0,42.0
47209,52.49,12.34,42.0
47210,51.12,4.89,42.0
47211,53.42,10.0,42.0
47212,51.6,9.09,42.0
47213,55.16,21.62,42.0
47214,48.11,8.33,42.0
47215,51.75,14.03,42.0
47216,49.88,4.57,42.0
47217,51.88,6.61,42.0
47218,51.32,5.0,42.0
47219,46.51,0.0,42.0
47220,52.12,0.0,42.0
47221,48.48,3.7,42.0
47222,48.42,7.41,42.0
47223,50.2,18.75,42.0
47224,48.45,0.0,42.0
47225,52.91,15.19,42.0
47226,47.52,4.0,42.0
47227,49.16,0.0,42.0
47228,51.51,5.7,42.0
47229,47.92,0.0,42.0
47230,46.99,3.03,42.0
47231,53.71,11.76,42.0
47232,50.69,10.26,42.0
47233,53.05,9.68,42.0
47234,50.64,11.67,42.0
47235,48.1,5.26,42.0
47236,45.0,0.0,42.0
47237,48.19,14.0,42.0
47238,50.56,11.51,42.0
47239,50.95,4.44,42.0
47240,53.12,3.52,42.0
47241,50.26,7.25,42.0
47242,49.55,6.25,42.0
47244,50.95,8.03,42.0
47245,46.51,0.0,42.0
47246,50.01,11.43,42.0
47247,51.2,0.0,42.0
47248,50.89,3.57,42.0
47249,48.83,10.42,42.0
47250,44.07,7.69,42.0
47251,51.42,13.38,42.0
47252,51.78,4.06,42.0
47253,49.26,14.29,42.0
47254,50.0,8.17,42.0
47255,50.0,6.67,42.0
47256,53.92,0.0,42.0
47257,48.95,1.72,42.0
47258,49.63,9.4,42.0
47259,53.98,0.0,42.0
47260,50.38,6.37,42.0
47262,48.24,2.78,42.0
47263,51.14,8.0,42.0
47264,52.08,6.19,42.0
47265,49.1,3.45,42.0
47266,48.96,0.0,42.0
47267,46.38,3.33,42.0
47269,49.34,10.77,42.0
47271,48.17,10.26,42.0
47272,49.44,13.33,42.0
47273,56.68,15.15,42.0
47274,46.32,15.91,42.0
47275,49.75,0.0,42.0
47276,50.13,0.0,42.0
47277,49.82,7.41,42.0
47278,48.84,4.76,42.0
47279,48.16,7.25,42.0
47280,53.21,6.63,42.0
47281,49.74,10.71,42.0
47282,47.06,20.0,42.0
47283,53.06,1.26,42.0
47284,46.54,7.41,42.0
47285,50.74,8.7,42.0
47286,50.57,0.0,42.0
47287,53.72,13.64,42.0
47288,50.17,5.22,42.0
47289,50.83,12.07,42.0
47290,50.63,19.1,42.0
47291,52.55,1.75,42.0
47292,52.36,6.89,42.0
47293,52.71,12.9,42.0
47294,47.02,14.29,42.0
47295,52.04,5.0,42.0
47296,49.68,0.0,42.0
47297,47.89,7.69,42.0
47298,48.74,0.0,42.0
47299,48.3,7.69,42.0
47300,49.49,7.69,42.0
47301,49.4,5.15,42.0
47302,50.86,5.67,42.0
47303,51.79,10.53,42.0
47304,47.76,0.0,42.0
47305,49.36,3.23,42.0
47306,50.76,6.13,42.0
47307,49.88,0.0,42.0
47308,48.92,10.0,42.0
47309,50.62,4.65,42.0
47310,52.83,6.18,42.0
47311,44.29,0.0,42.0
47312,57.0,17.65,42.0
47313,52.14,0.0,42.0
47314,47.36,9.52,42.0
47315,50.49,1.15,42.0
47316,49.24,7.41,42.0
47317,53.48,2.11,42.0
47318,50.02,7.89,42.0
47319,50.45,0.0,42.0
47320,46.23,3.23,42.0
47321,49.28,7.1,42.0
47323,53.34,9.0,42.0
47324,57.05,7.23,42.0
47325,51.91,5.77,42.0
47326,50.91,11.76,42.0
47327,50.94,0.0,42.0
47328,48.07,3.77,42.0
48001,46.04,5.0,42.0
48002,51.37,7.44,42.0
48003,48.12,15.38,42.0
48004,52.62,5.26,42.0
48005,52.12,8.33,42.0
48007,46.0,20.0,42.0
48008,41.97,0.0,42.0
48009,48.78,5.81,42.0
48010,47.18,6.68,42.0
48012,45.71,0.0,42.0
48013,49.59,7.45,42.0
48015,47.16,0.0,42.0
48016,50.38,5.77,42.0
48017,49.63,9.27,42.0
48018,48.07,15.19,42.0
48019,49.89,5.88,42.0
48020,47.76,0.0,42.0
48021,49.44,12.5,42.0
48025,48.32,10.82,42.0
48026,52.83,7.41,42.0
48027,49.05,5.4,42.0
48028,45.52,15.38,42.0
48029,50.0,0.0,42.0
48030,54.23,0.0,42.0
48031,47.67,0.0,42.0
48032,47.96,4.0,42.0
48034,51.22,7.18,42.0
48036,48.03,60.0,42.0
48037,45.53,0.0,42.0
48038,49.43,2.26,42.0
48039,49.4,13.24,42.0
48041,52.56,0.0,42.0
48042,49.37,7.84,42.0
48043,48.91,11.0,42.0
48044,49.3,0.0,42.0
48045,51.28,11.02,42.0
48046,52.54,0.0,42.0
48048,46.97,16.67,42.0
48050,56.39,8.39,42.0
48051,52.05,6.84,42.0
48053,46.84,0.0,42.0
48054,47.92,0.0,42.0
48055,49.18,11.11,42.0
48056,50.23,7.69,42.0
48058,45.86,5.88,42.0
48059,51.16,10.34,42.0
48061,51.21,6.39,42.0
48063,48.93,12.0,42.0
48064,53.39,3.7,42.0
48065,45.78,0.0,42.0
48067,47.0,0.0,42.0
48068,46.83,0.0,42.0
48069,44.23,20.0,42.0
48070,47.24,8.55,42.0
48071,48.48,0.0,42.0
48072,48.48,0.0,42.0
48073,44.44,0.0,42.0
48074,47.8,0.0,42.0
48075,53.65,15.79,42.0
48077,46.81,0.0,42.0
48079,45.61,7.14,42.0
48080,50.28,4.8,42.0
48081,45.41,27.27,42.0
48082,48.0,7.69,42.0
48083,43.71,17.65,42.0
48085,49.07,7.69,42.0
48086,51.35,0.0,42.0
48087,48.73,6.85,42.0
48088,49.23,21.43,42.0
48089,47.02,6.98,42.0
48090,51.54,15.38,42.0
48091,50.0,0.0,42.0
48092,51.99,8.82,42.0
48094,48.7,1.9,42.0
48095,51.44,12.76,42.0
48096,49.95,6.48,42.0
48097,52.31,7.69,42.0
48098,46.39,20.0,42.0
48099,52.48,5.93,42.0
48100,50.34,0.0,42.0
48103,48.9,7.81,42.0
48104,51.17,5.63,42.0
48105,51.51,4.37,42.0
48106,52.63,0.0,42.0
48107,44.55,4.16,42.0
48108,50.49,0.0,42.0
48110,44.83,10.0,42.0
48111,48.47,16.67,42.0
48112,50.03,11.11,42.0
48115,52.75,0.0,42.0
48116,47.98,10.76,42.0
48117,44.53,0.0,42.0
48119,47.41,10.0,42.0
48121,51.88,16.67,42.0
48123,49.66,0.0,42.0
48124,51.52,0.0,42.0
48126,48.8,6.89,42.0
48127,50.62,10.69,42.0
48128,48.5,5.71,42.0
48129,46.08,31.58,42.0
48130,49.57,22.22,42.0
48131,50.79,12.5,42.0
48132,50.32,3.87,42.0
48135,47.32,0.0,42.0
48136,52.0,20.0,42.0
48137,47.46,17.19,42.0
48138,50.0,0.0,42.0
48139,37.21,0.0,42.0
48140,50.99,6.1,42.0
48141,44.86,7.46,42.0
48144,48.2,12.5,42.0
48145,45.51,0.0,42.0
48146,50.67,7.96,42.0
48147,51.1,3.11,42.0
48148,48.12,9.09,42.0
48149,51.43,0.0,42.0
48150,50.54,4.55,42.0
48151,53.33,0.0,42.0
48152,46.06,0.0,42.0
48153,39.33,10.0,42.0
48155,49.49,5.66,42.0
48156,45.08,1.67,42.0
48157,48.45,36.36,42.0
48158,50.96,0.0,42.0
48160,48.41,6.67,42.0
48161,55.56,0.0,42.0
48163,47.03,0.0,42.0
48165,45.88,5.26,42.0
48166,47.46,12.7,42.0
48167,42.86,0.0,42.0
48168,47.78,3.7,42.0
48169,43.0,0.0,42.0
48170,46.45,32.19,42.0
48171,47.66,23.81,42.0
48173,51.38,0.0,42.0
48174,48.48,0.0,42.0
48175,46.55,14.29,42.0
48176,46.46,30.0,42.0
48177,50.14,3.23,42.0
48178,47.75,0.0,42.0
48179,43.48,0.0,42.0
48181,56.45,14.29,42.0
48182,50.0,0.0,42.0
48185,54.22,9.52,42.0
48187,46.98,0.0,42.0
48188,53.16,0.0,42.0
48190,49.74,4.0,42.0
48191,44.68,0.0,42.0
48192,47.73,16.67,42.0
48193,46.8,7.69,42.0
48194,49.44,5.41,42.0
48198,51.54,4.17,42.0
49002,53.0,5.78,42.0
49003,49.76,7.17,42.0
49007,53.98,19.72,42.0
49008,48.29,0.0,42.0
49009,48.45,6.67,42.0
49010,48.14,6.95,42.0
49011,50.24,4.88,42.0
49012,49.57,11.43,42.0
49015,52.44,21.98,42.0
49017,47.03,2.0,42.0
49018,52.34,6.76,42.0
49020,51.24,18.82,42.0
49021,51.05,8.36,42.0
49022,48.89,12.93,42.0
49023,50.17,5.85,42.0
49026,49.38,7.7,42.0
49027,48.43,6.36,42.0
49028,47.83,25.0,42.0
49029,50.17,18.66,42.0
49030,47.65,9.44,42.0
49035,50.95,26.67,42.0
49036,53.25,12.7,42.0
49038,50.85,7.14,42.0
49041,50.67,4.81,42.0
49045,51.61,9.3,42.0
49048,50.51,14.81,42.0
49050,48.67,14.35,42.0
49053,49.79,8.33,42.0
49054,53.21,10.53,42.0
49055,50.99,15.0,42.0
49056,47.83,11.11,42.0
49057,50.71,2.71,42.0
49058,52.28,6.49,42.0
49060,50.26,6.14,42.0
49061,47.44,5.33,42.0
49063,52.44,8.79,42.0
49064,50.77,26.07,42.0
49067,48.39,13.33,42.0
49068,51.59,11.43,42.0
49070,48.54,1.39,42.0
49076,52.07,7.5,42.0
49080,50.38,6.01,42.0
49082,48.72,11.58,42.0
49086,50.48,7.06,42.0
49089,50.22,8.0,42.0
49090,47.39,9.52,42.0
49092,49.65,6.75,42.0
49099,51.56,12.65,42.0
49100,52.16,4.59,42.0
49102,48.79,0.0,42.0
49107,50.93,20.51,42.0
49109,49.13,3.8,42.0
49110,49.24,11.4,42.0
49112,52.25,14.29,42.0
49113,52.05,2.5,42.0
49114,49.66,0.0,42.0
49120,48.69,16.67,42.0
49121,50.68,5.13,42.0
49123,50.26,10.71,42.0
49125,51.02,5.53,42.0
49126,49.47,10.19,42.0
49127,50.46,6.8,42.0
49129,52.38,10.43,42.0
49130,47.48,26.23,42.0
49131,47.87,4.23,42.0
49132,50.67,4.88,42.0
49135,51.75,14.15,42.0
49138,49.28,8.08,42.0
49140,44.41,1.26,42.0
49155,49.27,18.24,42.0
49160,51.69,9.09,42.0
49161,47.93,18.75,42.0
49163,50.32,9.37,42.0
49167,50.56,22.55,42.0
49170,52.29,7.14,42.0
49171,47.9,0.0,42.0
49174,49.56,8.99,42.0
49176,50.85,11.4,42.0
49178,49.77,7.0,42.0
49180,51.3,5.73,42.0
49182,48.28,5.68,42.0
49183,50.9,9.54,42.0
49188,50.15,7.69,42.0
49192,50.15,8.5,42.0
49193,50.51,6.3,42.0
49194,50.88,12.17,42.0
49195,51.55,9.09,42.0
49200,50.44,13.49,42.0
49201,51.24,10.88,42.0
49205,52.95,4.88,42.0
49209,49.67,2.56,42.0
49211,50.53,6.25,42.0
49214,51.8,15.18,42.0
49215,52.3,5.79,42.0
49216,48.85,17.54,42.0
49217,50.25,13.33,42.0
49218,49.57,6.0,42.0
49219,48.89,3.33,42.0
49220,50.16,7.29,42.0
49221,47.33,1.47,42.0
49222,50.36,14.75,42.0
49223,51.56,18.77,42.0
49224,49.83,6.64,42.0
49228,49.41,4.37,42.0
49231,50.66,14.79,42.0
49235,49.6,9.3,42.0
49236,50.78,0.0,42.0
49237,45.39,11.11,42.0
49240,49.11,5.26,42.0
49241,50.77,17.87,42.0
49244,50.55,7.61,42.0
49246,52.64,16.43,42.0
49247,52.39,15.54,42.0
49248,50.46,4.55,42.0
49253,51.52,5.66,42.0
49257,48.42,4.63,42.0
49259,51.51,16.9,42.0
49260,49.97,6.55,42.0
49261,50.85,11.53,42.0
49262,47.83,11.86,42.0
49266,50.85,10.57,42.0
49267,53.19,13.53,42.0
49269,50.4,11.74,42.0
49271,48.42,13.82,42.0
49272,50.13,8.26,42.0
49278,51.3,15.7,42.0
49283,50.63,8.82,42.0
49284,49.17,9.27,42.0
49288,46.72,19.23,42.0
49291,47.89,7.56,42.0
49292,49.88,8.82,42.0
49294,51.28,17.05,42.0
49298,50.83,16.12,42.0
49299,49.82,9.36,42.0
49301,49.54,6.82,42.0
49302,50.15,5.13,42.0
49306,51.77,18.59,42.0
49307,50.43,12.11,42.0
49308,50.7,18.5,42.0
49310,46.26,8.49,42.0
49311,50.63,4.76,42.0
49323,51.06,13.94,42.0
49326,50.7,14.63,42.0
49328,54.05,12.93,42.0
49329,51.31,18.79,42.0
49330,48.36,7.44,42.0
49331,50.56,7.69,42.0
49332,50.57,14.86,42.0
49333,50.4,6.28,42.0
49334,47.77,0.0,42.0
49336,48.32,6.85,42.0
49338,48.96,26.43,42.0
49339,48.97,12.87,42.0
49341,49.64,6.33,42.0
49343,50.18,13.18,42.0
49344,49.74,6.92,42.0
49345,50.4,10.16,42.0
49347,51.55,9.26,42.0
49352,49.06,10.39,42.0
49353,51.31,10.22,42.0
49355,50.62,8.76,42.0
49358,51.32,6.25,42.0
49359,50.02,8.62,42.0
49361,50.52,8.96,42.0
49362,49.84,12.5,42.0
49364,49.79,6.78,42.0
49367,50.05,7.74,42.0
49368,50.53,3.03,42.0
49369,49.51,5.32,42.0
49370,47.71,3.85,42.0
49371,51.2,3.93,42.0
49373,49.72,5.45,42.0
49374,50.41,6.13,42.0
49377,51.02,15.81,42.0
49378,50.66,3.47,42.0
49381,50.17,5.59,42.0
50002,54.15,16.73,42.0
50003,54.3,15.61,42.0
50004,48.19,1.96,42.0
50006,48.05,8.33,42.0
50008,48.05,5.73,42.0
50013,48.51,3.13,42.0
50016,55.07,0.0,42.0
50019,48.99,5.13,42.0
50021,49.33,0.0,42.0
50022,50.76,16.67,42.0
50023,47.85,4.11,42.0
50024,48.86,0.0,42.0
50025,53.73,13.1,42.0
50026,48.15,0.0,42.0
50027,48.09,9.89,42.0
50028,50.94,0.0,42.0
50029,51.75,3.37,42.0
50030,57.61,2.51,42.0
50031,55.22,11.92,42.0
50032,49.37,25.26,42.0
50033,47.01,17.65,42.0
50034,52.34,10.91,42.0
50036,50.65,3.02,42.0
50038,50.0,0.0,42.0
50039,44.85,0.0,42.0
50040,47.2,0.0,42.0
50041,49.18,10.68,42.0
50042,49.88,12.6,42.0
50044,47.01,5.56,42.0
50045,48.79,12.49,42.0
50046,48.19,5.26,42.0
50048,50.83,3.38,42.0
50049,48.47,1.64,42.0
50050,50.77,10.0,42.0
50052,53.74,14.29,42.0
50054,43.94,6.67,42.0
50055,47.46,0.0,42.0
50058,52.37,13.61,42.0
50059,52.55,9.38,42.0
50060,49.37,0.0,42.0
50062,41.0,11.11,42.0
50064,44.97,0.0,42.0
50066,52.99,14.68,42.0
50069,49.2,0.0,42.0
50070,54.24,57.14,42.0
50072,47.66,0.0,42.0
50074,52.32,3.64,42.0
50076,53.3,10.55,42.0
50077,49.41,15.92,42.0
50078,46.41,12.93,42.0
50079,52.26,7.33,42.0
50081,51.73,13.67,42.0
50082,51.02,8.52,42.0
50083,46.91,16.67,42.0
50084,51.51,14.0,42.0
50085,51.45,8.33,42.0
50086,47.98,0.0,42.0
50087,50.56,13.12,42.0
50088,50.37,0.0,42.0
50090,50.74,2.08,42.0
50092,48.84,0.0,42.0
50093,48.51,7.89,42.0
50094,51.79,5.13,42.0
50095,50.21,7.23,42.0
50096,45.45,5.0,42.0
50097,47.93,0.0,42.0
50098,51.55,3.77,42.0
50099,52.31,6.52,42.0
50101,48.31,10.55,42.0
50102,54.77,15.52,42.0
50105,49.06,0.0,42.0
50106,51.49,4.17,42.0
50108,48.65,7.69,42.0
50109,52.53,4.64,42.0
50110,53.06,7.79,42.0
50111,50.33,6.73,42.0
50112,45.75,2.38,42.0
50115,48.12,9.52,42.0
50117,49.24,10.43,42.0
50118,47.8,5.26,42.0
50120,47.85,5.41,42.0
50121,48.15,0.0,42.0
50124,44.77,8.33,42.0
50126,50.41,0.0,42.0
50129,51.58,13.54,42.0
50130,47.46,0.0,42.0
50135,46.02,28.57,42.0
50137,50.15,0.0,42.0
50138,46.99,7.14,42.0
50139,51.14,8.58,42.0
50142,48.83,10.0,42.0
50143,49.99,4.06,42.0
50144,49.81,3.77,42.0
50145,47.39,14.52,42.0
50146,48.7,13.64,42.0
50147,52.25,11.97,42.0
50148,46.77,13.02,42.0
50149,49.5,5.74,42.0
50150,48.37,4.35,42.0
50151,53.69,4.42,42.0
50152,49.38,10.99,42.0
50155,48.63,0.0,42.0
50156,53.23,0.0,42.0
50158,45.59,0.0,42.0
50159,51.57,10.71,42.0
50161,50.41,5.0,42.0
50162,49.56,3.85,42.0
50164,50.39,5.5,42.0
50165,54.63,11.87,42.0
50166,46.82,5.99,42.0
50167,48.95,13.88,42.0
50168,52.59,4.55,42.0
50169,46.43,0.0,42.0
50172,50.95,9.94,42.0
50174,51.55,10.0,42.0
50175,50.51,0.0,42.0
50176,51.38,0.0,42.0
50177,46.39,0.0,42.0
50178,51.82,11.65,42.0
50181,51.84,0.0,42.0
50182,48.35,8.93,42.0
50183,46.58,7.03,42.0
50184,50.5,9.32,42.0
50185,50.23,8.85,42.0
50186,50.0,5.0,42.0
50188,49.78,1.82,42.0
50190,47.62,10.0,42.0
50192,55.38,0.0,42.0
50193,49.62,0.0,42.0
50194,46.76,5.64,42.0
50195,50.32,0.0,42.0
50196,48.72,7.69,42.0
50197,52.76,6.93,42.0
50198,48.48,2.94,42.0
50199,51.09,8.11,42.0
50200,49.78,0.0,42.0
50205,51.47,5.26,42.0
50207,46.06,0.0,42.0
50208,48.12,0.0,42.0
50209,47.63,9.03,42.0
50210,48.1,11.11,42.0
50214,46.05,4.17,42.0
50215,51.93,9.67,42.0
50216,51.42,1.37,42.0
50217,47.61,5.6,42.0
50218,55.6,10.74,42.0
50219,49.24,1.59,42.0
50221,42.86,12.5,42.0
50222,47.35,8.51,42.0
50225,53.33,0.0,42.0
50227,47.41,7.24,42.0
50228,50.52,5.75,42.0
50229,46.79,0.0,42.0
50230,48.48,10.67,42.0
50231,53.18,7.27,42.0
50232,50.45,7.69,42.0
50233,47.8,7.35,42.0
50234,52.38,0.0,42.0
50235,48.28,9.09,42.0
50236,52.48,5.5,42.0
50237,53.11,5.02,42.0
50238,49.88,20.0,42.0
50239,49.91,12.65,42.0
50240,50.34,14.77,42.0
50241,43.01,15.0,42.0
50243,50.4,2.44,42.0
50246,44.29,0.0,42.0
50247,50.25,0.0,42.0
50251,49.6,10.0,42.0
50252,49.46,6.0,42.0
50253,48.83,0.0,42.0
50256,49.33,4.17,42.0
50258,42.35,0.0,42.0
50259,48.86,11.11,42.0
50260,47.52,6.15,42.0
50261,51.5,6.67,42.0
50262,49.62,3.81,42.0
50263,45.81,3.45,42.0
50265,47.57,5.0,42.0
50266,52.27,4.76,42.0
50267,51.39,3.98,42.0
50268,43.44,8.0,42.0
50269,52.63,5.0,42.0
50270,51.15,2.77,42.0
50271,51.16,0.0,42.0
50272,52.0,6.94,42.0
50273,51.1,3.23,42.0
50274,49.01,3.54,42.0
50275,40.71,0.0,42.0
50276,48.93,5.42,42.0
50277,51.21,18.37,42.0
50278,49.62,21.43,42.0
50279,47.75,3.17,42.0
50281,49.59,7.59,42.0
50282,51.2,22.73,42.0
50283,45.16,25.0,42.0
50285,49.91,12.02,42.0
50288,51.41,11.54,42.0
50289,47.5,5.88,42.0
50290,46.46,6.9,42.0
50291,43.1,7.69,42.0
50292,50.81,9.84,42.0
50294,51.54,15.02,42.0
50295,52.78,7.69,42.0
50296,52.11,21.05,42.0
50297,50.93,4.4,42.0
50298,48.31,4.95,42.0
50299,49.13,4.35,42.0
50300,45.12,0.0,42.0
50302,47.9,0.0,42.0
50304,49.23,7.14,42.0
50305,47.58,8.22,42.0
50310,46.28,0.0,42.0
50311,48.56,4.17,42.0
50312,44.52,0.0,42.0
50315,44.57,0.0,42.0
50317,47.9,6.67,42.0
50321,49.79,14.0,42.0
50324,50.89,8.33,42.0
50326,47.06,3.7,42.0
50327,43.52,11.76,42.0
50328,49.0,1.3,42.0
50332,50.25,6.9,42.0
50334,49.41,8.7,42.0
50335,50.1,3.69,42.0
50336,44.71,11.11,42.0
50338,50.39,11.11,42.0
50340,47.09,10.0,42.0
50341,52.9,7.69,42.0
50342,49.45,7.5,42.0
50345,50.31,6.77,42.0
50347,48.0,16.67,42.0
50349,52.73,13.48,42.0
50350,49.36,5.0,42.0
50351,48.57,0.0,42.0
50352,50.6,6.49,42.0
50353,56.52,0.0,42.0
50356,48.87,4.99,42.0
50357,48.61,0.0,42.0
50359,51.79,8.83,42.0
50360,51.69,16.0,42.0
50361,46.61,4.17,42.0
50362,48.94,4.0,42.0
50363,48.72,4.88,42.0
50364,47.53,0.0,42.0
50365,49.35,7.69,42.0
50368,45.83,0.0,42.0
50369,51.62,7.5,42.0
50370,47.23,2.08,42.0
50371,51.26,11.76,42.0
50372,49.24,8.74,42.0
50373,54.43,0.0,42.0
50374,48.15,0.0,42.0
50376,48.57,4.71,42.0
50378,49.86,6.0,42.0
50379,49.06,6.85,42.0
50382,48.12,10.29,42.0
50384,51.07,18.18,42.0
50387,49.44,0.0,42.0
50388,49.84,11.66,42.0
50389,48.68,9.3,42.0
50390,45.45,10.0,42.0
50391,51.47,7.7,42.0
50393,50.96,4.15,42.0
50394,54.93,10.32,42.0
50395,50.06,4.65,42.0
50397,53.14,0.0,42.0
50398,48.09,5.88,42.0
50399,52.27,0.0,42.0
50400,50.37,6.54,42.0
50401,49.14,10.81,42.0
50402,51.59,13.65,42.0
50403,52.04,3.53,42.0
50405,49.59,0.0,42.0
50407,48.0,10.49,42.0
50408,49.88,11.99,42.0
50409,52.43,4.85,42.0
50410,51.7,4.26,42.0
50411,49.12,7.02,42.0
50412,53.01,10.14,42.0
50413,49.1,16.98,42.0
50417,50.59,7.11,42.0
50419,50.86,5.79,42.0
50420,48.46,8.17,42.0
50421,52.06,15.0,42.0
50422,47.22,14.29,42.0
50423,51.1,5.56,42.0
50425,50.23,5.72,42.0
50426,49.14,0.0,42.0
50428,49.09,6.12,42.0
50429,51.76,16.77,42.0
50430,43.33,0.0,42.0
50431,50.03,4.52,42.0
50433,50.1,7.41,42.0
50435,49.29,8.33,42.0
50436,49.0,5.67,42.0
50437,50.52,3.23,42.0
50442,46.69,10.4,42.0
50443,48.99,0.0,42.0
50444,49.08,6.86,42.0
50445,48.13,3.57,42.0
50446,49.86,8.89,42.0
50447,52.32,12.2,42.0
50448,47.6,8.62,42.0
50450,50.71,4.17,42.0
50451,50.0,15.38,42.0
50452,48.05,3.5,42.0
50453,48.09,3.46,42.0
50454,49.77,0.0,42.0
50455,53.81,7.94,42.0
50456,48.63,0.0,42.0
50457,45.41,4.55,42.0
50461,52.43,0.0,42.0
50462,50.34,2.93,42.0
50463,48.04,4.26,42.0
50464,49.28,6.45,42.0
50467,50.62,9.8,42.0
50468,50.64,3.16,42.0
50469,51.55,3.68,42.0
50471,49.41,3.85,42.0
50472,44.44,5.0,42.0
50473,48.61,0.0,42.0
50474,49.63,11.11,42.0
50475,50.46,18.75,42.0
50476,51.2,0.0,42.0
50478,49.35,5.0,42.0
50479,42.2,12.5,42.0
50480,50.06,5.97,42.0
50481,49.79,6.01,42.0
50482,44.75,6.25,42.0
50483,52.17,11.04,42.0
50484,52.24,6.78,42.0
50486,47.81,0.0,42.0
50487,51.03,3.19,42.0
50488,54.25,8.16,42.0
50489,50.08,10.0,42.0
50490,50.27,3.33,42.0
50491,46.21,5.41,42.0
50492,49.7,10.13,42.0
50493,50.82,14.29,42.0
50495,52.0,0.0,42.0
50496,52.35,5.26,42.0
50498,51.04,9.4,42.0
50499,48.5,4.35,42.0
50500,48.83,7.27,42.0
50502,54.27,11.8,42.0
50504,44.98,4.35,42.0
50505,49.55,14.36,42.0
50506,51.95,21.43,42.0
50507,50.72,7.46,42.0
50509,48.93,14.06,42.0
50510,46.62,8.68,42.0
50511,45.75,5.88,42.0
50512,48.42,8.21,42.0
50513,50.49,15.0,42.0
50514,48.87,7.69,42.0
50517,49.71,15.38,42.0
50518,49.81,3.45,42.0
50519,48.69,13.01,42.0
50521,48.7,0.0,42.0
50522,46.91,6.67,42.0
50523,51.79,3.73,42.0
50525,48.63,0.0,42.0
50528,47.94,6.45,42.0
50529,44.9,0.0,42.0
50531,49.18,4.64,42.0
50532,53.95,15.22,42.0
50533,51.91,5.0,42.0
50535,48.03,5.38,42.0
50536,46.2,0.0,42.0
50537,52.85,12.12,42.0
50538,49.07,9.09,42.0
50539,52.06,5.96,42.0
50540,48.13,5.08,42.0
50541,49.68,11.02,42.0
50542,50.08,8.6,42.0
50543,50.52,13.91,42.0
50546,50.4,7.47,42.0
50548,48.85,0.0,42.0
50549,46.81,2.94,42.0
50550,50.55,4.97,42.0
50551,53.26,3.95,42.0
50552,46.19,0.0,42.0
50553,53.55,0.0,42.0
50554,51.75,20.0,42.0
50556,49.37,6.45,42.0
50562,54.38,5.37,42.0
50563,45.14,11.19,42.0
50564,47.07,1.63,42.0
50565,49.67,5.85,42.0
50567,47.14,7.89,42.0
50568,50.1,15.79,42.0
50569,47.81,4.35,42.0
50570,46.12,3.12,42.0
50571,41.18,0.0,42.0
50572,46.6,3.45,42.0
50574,50.22,7.09,42.0
50575,50.46,12.5,42.0
50576,49.48,13.81,42.0
50577,50.19,0.0,42.0
50578,50.0,20.0,42.0
50579,48.39,5.3,42.0
50580,49.07,9.62,42.0
50582,53.82,4.78,42.0
50584,48.01,0.0,42.0
50585,49.02,3.85,42.0
50587,40.0,0.0,42.0
50588,47.68,9.52,42.0
50589,47.01,4.55,42.0
50590,48.03,2.13,42.0
50591,50.76,6.25,42.0
50592,51.87,6.5,42.0
50593,47.96,1.97,42.0
50594,47.68,15.55,42.0
50596,49.2,14.29,42.0
50597,48.16,2.39,42.0
50598,48.01,13.89,42.0
50599,48.42,13.66,42.0
50601,51.33,5.19,42.0
50603,52.23,22.07,42.0
50604,47.32,9.59,42.0
50606,51.83,8.47,42.0
50607,47.67,15.15,42.0
50609,48.84,0.0,42.0
50610,50.53,11.11,42.0
50612,52.87,13.56,42.0
50613,48.01,6.47,42.0
50615,54.05,13.31,42.0
50616,49.55,18.84,42.0
50617,50.81,9.68,42.0
50618,48.28,5.36,42.0
50619,49.51,15.63,42.0
50621,46.99,0.0,42.0
50624,49.44,11.11,42.0
50626,48.82,8.1,42.0
50628,44.44,0.0,42.0
50629,47.67,7.25,42.0
50633,50.85,20.0,42.0
50634,45.24,0.0,42.0
50637,50.81,0.0,42.0
50639,52.52,4.67,42.0
50641,49.07,12.12,42.0
50643,48.53,3.68,42.0
50647,51.46,10.16,42.0
50648,50.37,5.25,42.0
51001,47.27,5.26,42.0
51002,50.82,6.25,42.0
51003,48.85,4.0,42.0
51004,55.28,18.18,42.0
51005,48.0,5.0,42.0
51006,50.34,0.0,42.0
51007,49.11,10.14,42.0
51008,44.29,14.81,42.0
51009,49.58,7.85,42.0
51010,44.81,8.33,42.0
51012,48.61,0.0,42.0
51013,41.75,16.67,42.0
51014,59.99,18.29,42.0
51015,48.18,25.0,42.0
51016,48.78,21.05,42.0
51017,50.75,7.13,42.0
51018,52.36,10.13,42.0
51019,50.43,8.33,42.0
51020,42.0,16.67,42.0
51022,51.19,6.67,42.0
51023,50.32,4.0,42.0
51025,50.14,6.67,42.0
51027,47.6,8.7,42.0
51028,53.17,4.93,42.0
51029,52.64,9.53,42.0
51030,52.5,6.09,42.0
51031,47.95,4.0,42.0
51032,48.05,4.49,42.0
51033,48.92,8.0,42.0
51034,52.17,0.0,42.0
51035,48.04,0.0,42.0
51036,48.23,7.41,42.0
51037,48.42,12.82,42.0
51038,52.57,0.0,42.0
51039,53.68,18.18,42.0
51040,52.2,0.0,42.0
51041,51.0,10.0,42.0
51042,50.01,2.27,42.0
51043,50.34,9.42,42.0
51044,51.48,9.38,42.0
51045,50.0,11.11,42.0
51046,49.85,25.74,42.0
51047,43.18,33.33,42.0
51048,50.0,23.53,42.0
51049,51.36,5.72,42.0
51050,51.85,0.0,42.0
51051,54.3,12.66,42.0
51052,48.5,20.0,42.0
51053,54.93,0.0,42.0
51054,49.28,6.11,42.0
51055,52.03,14.35,42.0
51056,49.99,8.71,42.0
51057,41.33,0.0,42.0
51058,53.31,27.61,42.0
51059,57.02,4.97,42.0
51060,45.68,4.55,42.0
51061,49.66,14.29,42.0
51062,48.72,0.0,42.0
51065,51.17,17.45,42.0
51066,50.17,0.0,42.0
51068,50.5,4.55,42.0
51069,51.69,12.5,42.0
51070,47.36,0.0,42.0
51071,48.1,17.39,42.0
51072,49.78,13.04,42.0
51073,47.98,23.53,42.0
51074,48.97,12.27,42.0
51075,50.48,16.44,42.0
51076,48.36,4.26,42.0
51077,50.57,30.77,42.0
51078,50.75,8.33,42.0
51079,53.41,11.2,42.0
51080,47.89,0.0,42.0
51081,49.76,18.75,42.0
51082,50.0,0.0,42.0
51083,45.57,11.11,42.0
51084,50.0,0.0,42.0
51085,49.6,5.46,42.0
51086,42.58,12.12,42.0
51087,47.78,5.26,42.0
51088,49.24,20.51,42.0
51089,50.0,20.83,42.0
51090,49.64,3.57,42.0
51091,52.55,0.0,42.0
51092,53.08,2.56,42.0
51093,54.0,5.66,42.0
51094,50.8,4.55,42.0
51095,53.57,0.0,42.0
51097,48.0,16.67,42.0
51098,42.65,7.69,42.0
51099,48.95,11.11,42.0
51100,52.63,0.0,42.0
51101,49.61,12.86,42.0
51102,50.19,24.0,42.0
51103,51.82,7.14,42.0
51104,52.9,0.0,42.0
51105,53.33,29.66,42.0
51106,50.4,15.38,42.0
51107,49.72,6.9,42.0
51108,51.95,12.33,42.0
51109,47.62,40.0,42.0
51110,45.0,0.0,42.0
51111,48.63,10.53,42.0
51112,50.86,6.82,42.0
51113,49.18,0.0,42.0
51115,51.77,18.75,42.0
51116,49.98,9.09,42.0
51117,48.72,10.71,42.0
51118,50.58,26.11,42.0
51119,50.64,13.26,42.0
51120,49.03,6.25,42.0
51121,47.8,0.0,42.0
51122,54.78,0.0,42.0
51124,51.02,25.0,42.0
51125,45.0,0.0,42.0
51126,47.83,0.0,42.0
51127,52.94,0.0,42.0
51128,51.85,16.67,42.0
51129,47.23,14.29,42.0
51130,48.25,10.53,42.0
51132,47.42,0.0,42.0
51133,44.44,0.0,42.0
51134,51.69,10.53,42.0
51135,51.11,10.0,42.0
51136,49.69,5.26,42.0
51137,47.6,4.35,42.0
51138,61.11,0.0,42.0
51139,51.3,5.56,42.0
51140,48.56,11.43,42.0
51141,49.48,9.64,42.0
51142,49.78,17.65,42.0
51143,52.54,0.0,42.0
51144,50.69,2.03,42.0
51145,48.88,25.0,42.0
51146,53.33,10.0,42.0
51147,46.89,0.0,42.0
51148,48.3,6.67,42.0
51149,52.85,24.32,42.0
51150,40.7,16.67,42.0
51151,53.45,10.53,42.0
51152,52.0,9.43,42.0
51153,50.75,3.81,42.0
51154,48.85,4.17,42.0
51155,48.34,5.37,42.0
51156,50.4,7.69,42.0
51157,47.25,11.11,42.0
51158,48.2,4.0,42.0
51160,52.02,14.51,42.0
51161,51.25,17.74,42.0
51162,50.88,2.17,42.0
51163,52.34,3.57,42.0
51164,45.53,0.0,42.0
51165,52.04,5.78,42.0
51166,47.83,0.0,42.0
51167,50.67,0.0,42.0
51168,44.8,17.39,42.0
51169,49.48,0.0,42.0
51170,51.38,18.18,42.0
51171,50.09,18.44,42.0
51172,53.59,19.1,42.0
51173,47.66,0.0,42.0
51174,54.41,50.0,42.0
51175,52.2,18.18,42.0
51176,44.14,0.0,42.0
51177,49.76,13.64,42.0
51178,48.35,0.0,42.0
51179,49.7,13.64,42.0
51181,49.39,22.22,42.0
51182,45.16,8.33,42.0
51183,50.35,7.12,42.0
51184,50.15,23.53,42.0
51185,49.76,0.0,42.0
51186,50.0,0.0,42.0
51187,51.99,7.69,42.0
51188,53.63,11.54,42.0
51190,46.48,25.0,42.0
51191,50.0,0.0,42.0
51192,50.44,3.19,42.0
51193,50.36,13.11,42.0
51194,49.71,12.77,42.0
51195,50.96,7.04,42.0
51196,53.59,10.65,42.0
51197,47.67,0.0,42.0
51198,48.7,15.48,42.0
51199,46.94,2.57,42.0
51200,53.7,4.86,42.0
51201,47.1,0.0,42.0
51202,50.41,10.45,42.0
51203,54.25,16.0,42.0
51204,49.78,5.53,42.0
51206,50.44,0.0,42.0
51208,42.99,13.33,42.0
51210,52.86,8.44,42.0
51211,46.15,22.22,42.0
51212,46.01,0.0,42.0
51213,42.22,0.0,42.0
51214,49.26,7.69,42.0
51215,43.31,6.25,42.0
51216,48.0,8.7,42.0
51217,53.04,8.92,42.0
51218,48.46,0.0,42.0
51219,51.79,8.0,42.0
51220,47.92,0.0,42.0
51222,50.0,0.0,42.0
51223,43.1,0.0,42.0
51224,46.99,4.35,42.0
51225,50.43,8.82,42.0
51226,48.39,0.0,42.0
51227,51.58,16.27,42.0
51228,46.43,0.0,42.0
51229,47.5,11.11,42.0
51230,53.58,9.49,42.0
51231,49.31,17.54,42.0
51232,50.6,12.31,42.0
51233,50.0,0.0,42.0
51234,51.15,3.32,42.0
51235,49.02,9.09,42.0
51236,42.22,0.0,42.0
51237,51.24,5.88,42.0
51238,51.08,9.09,42.0
51239,48.08,0.0,42.0
51240,51.24,15.38,42.0
51241,50.62,0.0,42.0
51242,50.72,9.0,42.0
51243,47.85,7.14,42.0
51244,45.87,0.0,42.0
51245,51.32,13.69,42.0
51246,50.47,0.0,42.0
51247,55.08,9.52,42.0
51248,49.6,3.36,42.0
51249,49.05,9.3,42.0
51250,52.18,5.16,42.0
51251,49.41,12.5,42.0
51252,46.92,6.12,42.0
51253,54.69,0.0,42.0
51254,51.82,25.0,42.0
51255,43.75,0.0,42.0
51256,49.21,18.92,42.0
51258,52.63,0.0,42.0
51259,47.64,13.64,42.0
51260,49.33,0.0,42.0
51262,52.13,10.2,42.0
51263,51.55,4.55,42.0
51264,51.84,10.59,42.0
51265,48.8,5.56,42.0
51266,49.44,21.87,42.0
51267,54.26,29.17,42.0
51268,50.0,6.25,42.0
51269,46.0,11.11,42.0
51270,51.35,25.0,42.0
51272,48.88,3.12,42.0
51273,47.95,0.0,42.0
51274,47.86,0.0,42.0
51275,52.46,0.0,42.0
51276,45.58,16.67,42.0
51277,51.28,4.35,42.0
51278,53.75,6.45,42.0
51279,46.74,9.09,42.0
51280,40.0,0.0,42.0
51281,48.66,20.48,42.0
51282,50.65,33.07,42.0
51283,45.9,9.09,42.0
51284,50.59,4.17,42.0
51285,48.57,6.67,42.0
51286,51.64,0.0,42.0
51287,53.45,13.85,42.0
51288,51.12,22.22,42.0
51289,52.66,5.79,42.0
51290,52.7,13.38,42.0
51291,51.66,25.19,42.0
51292,50.0,0.0,42.0
51293,51.48,9.26,42.0
51294,55.95,14.29,42.0
51295,46.37,0.0,42.0
51296,50.67,0.0,42.0
51298,49.09,6.98,42.0
51299,50.97,12.63,42.0
51300,46.33,0.0,42.0
51301,50.43,18.18,42.0
51302,50.53,0.0,42.0
51303,48.48,12.98,42.0
51304,47.37,8.33,42.0
51305,50.97,13.33,42.0
51306,48.67,22.22,42.0
51307,47.93,13.64,42.0
51308,50.83,22.87,42.0
51309,51.3,36.36,42.0
51310,50.96,11.76,42.0
51311,47.06,0.0,42.0
51312,49.77,11.88,42.0
51313,52.74,16.67,42.0
51314,47.44,7.69,42.0
51315,50.0,13.33,42.0
51316,49.81,9.52,42.0
51317,38.89,0.0,42.0
51318,52.35,31.11,42.0
51319,46.0,0.0,42.0
51320,49.14,12.89,42.0
51321,47.19,16.67,42.0
51322,45.9,0.0,42.0
51323,53.47,0.0,42.0
51324,52.63,7.69,42.0
51325,46.3,0.0,42.0
51326,48.91,12.61,42.0
51327,44.44,5.26,42.0
51328,52.22,7.87,42.0
51329,50.14,12.0,42.0
51333,49.93,16.67,42.0
51334,50.9,5.26,42.0
51336,50.0,0.0,42.0
51337,47.23,3.33,42.0
51338,52.06,8.28,42.0
51339,47.86,8.48,42.0
51340,49.93,3.99,42.0
51341,57.89,0.0,42.0
51342,51.59,14.52,42.0
51343,49.68,20.43,42.0
51344,51.26,8.21,42.0
51345,50.63,15.79,42.0
51346,50.7,6.27,42.0
51348,44.17,0.0,42.0
51349,51.08,11.11,42.0
51350,48.25,0.0,42.0
51351,48.15,0.0,42.0
51352,51.56,2.14,42.0
51353,50.0,0.0,42.0
51354,48.9,9.93,42.0
51355,51.16,0.0,42.0
51356,50.93,11.76,42.0
51357,50.43,18.08,42.0
51358,49.98,2.22,42.0
51359,53.14,9.09,42.0
51360,50.38,9.68,42.0
51361,37.1,4.48,42.0
51362,48.52,24.59,42.0
51363,49.0,8.57,42.0
51364,47.76,40.0,42.0
51365,53.58,25.0,42.0
51367,51.08,1.98,42.0
51368,54.35,0.0,42.0
51369,50.96,16.08,42.0
51370,48.39,0.0,42.0
51371,50.0,0.0,42.0
51372,49.38,6.56,42.0
51373,45.45,0.0,42.0
51374,51.72,50.0,42.0
51375,51.57,16.77,42.0
51376,47.17,6.25,42.0
51377,46.67,0.0,42.0
51378,54.92,8.68,42.0
51379,49.25,13.64,42.0
51380,52.84,8.37,42.0
51381,50.31,5.66,42.0
51382,45.38,0.0,42.0
51384,50.41,21.05,42.0
51386,52.35,16.67,42.0
51387,49.52,3.23,42.0
51388,44.13,4.11,42.0
51389,49.63,6.67,42.0
51390,50.63,21.05,42.0
51391,50.59,14.93,42.0
51392,51.42,12.5,42.0
51393,48.66,18.52,42.0
51395,45.26,8.33,42.0
51396,46.85,0.0,42.0
51397,50.0,0.0,42.0
51398,47.03,6.94,42.0
51399,50.08,4.55,42.0
51402,45.81,7.69,42.0
51403,52.41,15.0,42.0
51404,48.6,12.5,42.0
51406,49.01,0.0,42.0
51407,53.32,12.12,42.0
51409,48.18,14.29,42.0
51410,52.55,10.17,42.0
51412,47.46,0.0,42.0
51413,50.56,5.41,42.0
51414,52.0,5.0,42.0
51415,50.44,6.25,42.0
51416,53.54,4.92,42.0
51417,52.35,6.25,42.0
51418,51.38,20.0,42.0
51419,48.41,0.0,42.0
51420,50.62,50.0,42.0
51421,48.57,0.0,42.0
51422,48.62,14.89,42.0
51423,49.34,4.04,42.0
51424,48.77,5.0,42.0
51425,51.2,2.63,42.0
51426,40.0,0.0,42.0
51428,48.24,6.52,42.0
51429,54.04,12.0,42.0
51430,49.53,0.0,42.0
51431,51.5,10.75,42.0
51432,54.07,5.8,42.0
51433,46.8,8.7,42.0
51434,51.17,7.04,42.0
51435,44.57,10.53,42.0
51436,49.73,11.96,42.0
51437,53.19,14.29,42.0
51438,47.83,12.5,42.0
51439,48.3,15.91,42.0
51440,51.59,5.71,42.0
51441,42.16,8.33,42.0
51442,45.99,0.0,42.0
51443,50.86,0.0,42.0
51444,52.02,15.82,42.0
51445,52.08,10.0,42.0
51446,52.81,9.36,42.0
51447,48.97,12.73,42.0
51448,51.97,11.74,42.0
51449,50.33,13.51,42.0
51450,50.3,14.89,42.0
51451,48.24,14.29,42.0
51452,50.0,0.0,42.0
51453,52.38,14.29,42.0
51454,53.14,16.93,42.0
51455,50.94,7.41,42.0
51456,45.0,0.0,42.0
51457,49.85,9.97,42.0
51458,42.86,0.0,42.0
51459,45.45,12.5,42.0
51460,49.23,9.52,42.0
51461,50.77,15.05,42.0
51463,50.0,14.29,42.0
51464,50.9,27.27,42.0
51465,53.37,0.0,42.0
51466,51.61,11.11,42.0
51468,51.07,28.21,42.0
51469,44.14,0.0,42.0
51470,50.0,100.0,42.0
51471,52.31,5.31,42.0
51472,50.98,15.79,42.0
51473,43.0,22.22,42.0
51474,52.86,19.13,42.0
51475,49.18,0.0,42.0
51476,50.8,18.07,42.0
51477,53.1,5.26,42.0
51478,51.04,6.52,42.0
51479,48.57,9.09,42.0
51480,53.73,30.77,42.0
51482,53.49,5.56,42.0
51483,51.27,15.09,42.0
51484,48.91,0.0,42.0
51485,51.4,10.6,42.0
51486,49.43,5.13,42.0
51487,48.31,10.81,42.0
51488,49.43,25.0,42.0
51489,50.0,0.0,42.0
51490,51.26,16.67,42.0
51491,50.52,0.0,42.0
51492,50.0,8.09,42.0
51493,50.0,25.0,42.0
51495,48.65,0.0,42.0
51496,47.37,7.41,42.0
51497,48.78,0.0,42.0
51498,42.86,0.0,42.0
51499,47.2,12.5,42.0
51500,44.74,0.0,42.0
51501,53.61,6.25,42.0
51502,51.49,0.0,42.0
51503,50.0,55.56,42.0
51504,50.0,10.14,42.0
51505,50.37,10.71,42.0
51506,54.61,10.39,42.0
51507,52.71,9.52,42.0
51508,50.25,5.88,42.0
51509,48.64,3.85,42.0
51510,50.81,7.14,42.0
51511,50.89,0.0,42.0
51512,43.56,20.0,42.0
51513,49.37,0.0,42.0
51514,50.94,9.09,42.0
51515,48.58,11.43,42.0
51516,57.45,0.0,42.0
51517,50.75,8.33,42.0
51518,51.61,30.48,42.0
51519,51.35,0.0,42.0
51520,48.57,0.0,42.0
51521,51.57,0.0,42.0
51522,47.13,3.33,42.0
51523,46.61,0.0,42.0
51524,48.52,9.68,42.0
51525,51.2,16.2,42.0
51526,50.01,2.86,42.0
51527,54.63,0.0,42.0
51528,51.22,8.33,42.0
51529,48.21,2.63,42.0
51530,50.08,7.35,42.0
51531,51.0,3.88,42.0
51532,48.72,16.0,42.0
51533,43.82,0.0,42.0
51534,51.42,15.0,42.0
51535,53.15,7.59,42.0
51536,52.11,19.1,42.0
51537,49.44,0.0,42.0
51538,47.27,40.0,42.0
51539,46.38,14.29,42.0
51542,47.67,20.0,42.0
51543,52.11,0.0,42.0
51544,48.47,3.77,42.0
51545,48.72,7.61,42.0
51546,45.7,2.58,42.0
51547,52.14,6.67,42.0
51548,47.5,7.32,42.0
51549,45.28,0.0,42.0
51550,49.92,0.0,42.0
51551,47.87,5.56,42.0
51552,52.76,7.69,42.0
51553,50.75,5.0,42.0
51555,45.86,5.26,42.0
51556,49.61,10.39,42.0
51557,49.64,10.0,42.0
51558,51.06,0.0,42.0
51559,45.02,3.42,42.0
51560,48.6,15.38,42.0
51562,51.0,25.73,42.0
51563,43.81,0.0,42.0
51564,47.99,7.39,42.0
51565,55.88,18.18,42.0
51566,48.22,18.42,42.0
51567,53.32,15.91,42.0
51568,50.0,17.86,42.0
51569,50.02,14.81,42.0
51570,51.92,10.0,42.0
51571,50.43,21.05,42.0
51572,50.64,4.76,42.0
51573,52.87,16.37,42.0
51574,53.62,0.0,42.0
51576,49.56,6.7,42.0
51577,54.36,53.85,42.0
51578,50.0,0.0,42.0
51579,51.52,5.26,42.0
51580,50.98,2.56,42.0
51581,48.37,20.83,42.0
51582,51.06,21.43,42.0
51583,47.18,0.0,42.0
51584,48.5,8.33,42.0
51585,49.08,5.62,42.0
51586,53.55,16.67,42.0
51587,46.55,23.81,42.0
51588,50.0,8.0,42.0
51589,50.0,20.0,42.0
51590,51.27,8.25,42.0
51591,51.01,6.67,42.0
51592,48.2,11.11,42.0
51594,50.0,0.0,42.0
51595,47.55,0.0,42.0
51596,48.39,10.71,42.0
51597,54.19,2.5,42.0
51598,50.6,4.26,42.0
51599,50.81,2.94,42.0
51600,44.35,0.0,42.0
51601,53.41,0.0,42.0
51602,54.69,20.0,42.0
51603,50.43,12.0,42.0
51604,52.23,29.17,42.0
51605,50.48,12.28,42.0
51607,50.49,4.55,42.0
51608,51.9,12.5,42.0
51609,50.83,9.52,42.0
51610,52.02,2.33,42.0
51611,50.21,6.67,42.0
51612,52.66,4.68,42.0
51613,52.35,5.15,42.0
51614,50.44,11.5,42.0
51616,49.11,13.04,42.0
51617,51.58,23.73,42.0
51618,44.2,12.5,42.0
51619,50.0,9.09,42.0
51620,48.77,7.14,42.0
51621,51.52,7.93,42.0
51622,52.19,22.5,42.0
51623,47.97,25.93,42.0
51624,48.28,11.81,42.0
51625,46.5,9.09,42.0
51626,47.93,10.0,42.0
51627,52.77,3.12,42.0
51628,55.37,15.38,42.0
51629,52.39,23.24,42.0
51630,49.4,13.16,42.0
51631,46.44,15.0,42.0
51632,49.3,10.53,42.0
51633,48.86,10.71,42.0
51634,52.87,11.54,42.0
51635,48.18,0.0,42.0
51636,49.22,9.06,42.0
51638,51.27,14.29,42.0
51639,48.84,0.0,42.0
51640,54.23,13.64,42.0
51641,49.24,13.64,42.0
51642,50.45,0.0,42.0
51643,51.33,8.14,42.0
51644,54.14,0.0,42.0
51645,50.49,0.0,42.0
51646,48.78,0.0,42.0
51647,50.66,13.64,42.0
51648,51.58,8.57,42.0
51649,54.22,8.65,42.0
51650,59.57,0.0,42.0
51652,49.21,0.0,42.0
51654,50.0,8.33,42.0
51655,44.14,3.7,42.0
51656,47.6,10.42,42.0
51657,52.99,0.0,42.0
51658,53.85,0.0,42.0
51659,44.44,0.0,42.0
51660,52.45,10.9,42.0
51662,51.2,13.76,42.0
51663,49.48,11.7,42.0
52001,46.99,10.71,42.0
52003,52.67,0.0,42.0
52004,45.45,0.0,42.0
52005,43.48,0.0,42.0
52006,50.61,5.54,42.0
52007,44.3,0.0,42.0
52008,51.73,7.5,42.0
52009,37.96,0.0,42.0
52011,50.53,0.0,42.0
52012,48.28,0.0,42.0
52013,52.8,14.29,42.0
52014,47.57,5.0,42.0
52015,50.56,0.0,42.0
52016,47.37,20.0,42.0
52017,54.6,4.35,42.0
52019,48.65,0.0,42.0
52021,50.8,3.57,42.0
52022,54.05,0.0,42.0
52023,53.14,17.65,42.0
52025,54.55,0.0,42.0
52027,53.42,0.0,42.0
52028,48.15,33.33,42.0
52029,47.73,0.0,42.0
52030,48.08,0.0,42.0
52031,48.72,2.63,42.0
52033,51.28,0.0,42.0
52034,46.46,8.33,42.0
52035,49.7,11.11,42.0
52037,49.18,0.0,42.0
52038,41.94,0.0,42.0
52039,53.57,12.5,42.0
52040,43.48,25.0,42.0
52042,47.75,11.11,42.0
52043,41.67,0.0,42.0
52044,49.76,0.0,42.0
52045,49.97,10.83,42.0
52047,44.12,14.29,42.0
52050,50.01,3.65,42.0
52051,49.92,20.0,42.0
52053,53.42,0.0,42.0
52055,46.89,0.0,42.0
52056,48.3,10.53,42.0
52057,58.82,27.27,42.0
52058,50.84,8.38,42.0
52059,53.7,0.0,42.0
52060,53.94,4.97,42.0
52061,50.16,11.54,42.0
52062,53.48,10.0,42.0
52063,56.47,0.0,42.0
52064,53.0,6.84,42.0
52065,49.3,14.29,42.0
52066,48.15,0.0,42.0
52067,53.62,0.0,42.0
52069,47.62,23.53,42.0
52070,47.01,0.0,42.0
52072,50.28,10.34,42.0
52074,48.19,3.1,42.0
52075,51.19,0.0,42.0
52076,50.61,7.14,42.0
52079,50.76,0.0,42.0
52082,47.74,0.0,42.0
52083,53.22,9.39,42.0
52084,54.76,0.0,42.0
52085,42.31,0.0,42.0
52087,52.08,23.81,42.0
52088,51.08,5.2,42.0
52089,50.0,0.0,42.0
52090,43.68,25.0,42.0
52091,47.06,12.5,42.0
52092,50.41,28.57,42.0
52093,50.92,2.72,42.0
52094,49.44,6.67,42.0
52095,50.0,6.25,42.0
52097,55.32,0.0,42.0
52099,50.34,2.78,42.0
52101,46.34,0.0,42.0
52102,49.51,9.52,42.0
52103,50.0,0.0,42.0
52104,51.56,6.88,42.0
52105,47.59,7.41,42.0
52106,47.73,8.33,42.0
52107,48.76,0.0,42.0
52108,45.89,4.35,42.0
52110,48.12,5.88,42.0
52113,48.37,0.0,42.0
52114,50.52,2.82,42.0
52115,51.55,0.0,42.0
52116,53.06,0.0,42.0
52118,49.86,11.26,42.0
52119,48.76,6.68,42.0
52120,50.0,8.33,42.0
52121,51.82,11.92,42.0
52122,47.57,0.0,42.0
52123,50.91,4.5,42.0
52125,52.99,16.15,42.0
52126,51.52,0.0,42.0
52127,50.0,42.86,42.0
52128,50.31,0.0,42.0
52129,46.79,11.11,42.0
52130,49.44,0.0,42.0
52131,51.14,0.0,42.0
52132,50.0,10.0,42.0
52133,45.71,0.0,42.0
52134,48.04,18.18,42.0
52135,51.76,0.0,42.0
52136,58.49,27.27,42.0
52137,36.36,0.0,42.0
52138,44.07,0.0,42.0
52140,51.65,5.94,42.0
52141,53.39,6.06,42.0
52142,48.1,0.0,42.0
52145,50.42,0.0,42.0
52146,50.63,0.0,42.0
52147,54.84,0.0,42.0
52149,47.78,12.5,42.0
52151,48.99,0.0,42.0
52155,50.68,4.99,42.0
52156,50.61,11.11,42.0
52158,48.48,3.85,42.0
52159,50.0,33.33,42.0
52160,49.18,40.0,42.0
52161,52.78,0.0,42.0
52162,46.89,0.0,42.0
52163,48.76,8.11,42.0
52164,51.01,5.26,42.0
52165,52.01,0.0,42.0
52167,51.07,7.41,42.0
52168,43.33,25.0,42.0
52169,45.35,0.0,42.0
52170,46.39,16.95,42.0
52171,50.21,6.13,42.0
52172,50.73,6.67,42.0
52173,43.42,0.0,42.0
52174,42.5,16.67,42.0
52175,50.78,9.99,42.0
52177,51.87,9.69,42.0
52178,51.68,12.84,42.0
52181,54.08,11.11,42.0
52182,49.93,4.28,42.0
52183,64.71,0.0,42.0
52184,55.93,0.0,42.0
52185,53.52,0.0,42.0
52187,47.02,0.0,42.0
52189,45.94,0.0,42.0
52190,49.17,0.0,42.0
52193,50.49,7.41,42.0
52194,50.91,6.52,42.0
52195,45.95,0.0,42.0
52196,45.83,0.0,42.0
52197,52.13,6.53,42.0
52198,46.77,10.0,42.0
52199,47.92,25.0,42.0
52200,51.35,12.5,42.0
52201,53.62,66.67,42.0
52203,51.37,5.56,42.0
52204,44.07,0.0,42.0
52205,48.78,9.18,42.0
52206,47.1,16.67,42.0
52207,51.14,0.0,42.0
52208,44.72,0.0,42.0
52211,50.87,4.73,42.0
52212,46.9,0.0,42.0
52213,50.0,0.0,42.0
52214,57.14,0.0,42.0
52216,47.73,0.0,42.0
52217,54.22,0.0,42.0
52218,50.0,0.0,42.0
52219,64.71,0.0,42.0
52220,49.3,0.0,42.0
52221,50.0,0.0,42.0
52222,64.52,0.0,42.0
52223,50.75,0.0,42.0
52227,49.07,5.26,42.0
52228,48.28,0.0,42.0
52229,48.65,0.0,42.0
52230,49.62,26.92,42.0
52231,48.45,20.0,42.0
52232,49.02,0.0,42.0
52233,52.38,20.0,42.0
52234,46.34,0.0,42.0
52235,47.3,11.1,42.0
52237,47.24,0.0,42.0
52240,47.67,16.67,42.0
52242,48.03,1.19,42.0
52243,51.52,0.0,42.0
52244,49.34,3.95,42.0
52245,40.0,0.0,42.0
52246,52.0,15.51,42.0
52247,49.28,0.0,42.0
52248,52.32,3.94,42.0
52249,49.66,5.26,42.0
52250,54.01,8.63,42.0
52251,51.05,15.0,42.0
52253,47.67,0.0,42.0
52254,50.65,16.67,42.0
52256,52.7,0.0,42.0
52257,55.96,0.0,42.0
52258,49.8,6.01,42.0
52260,47.97,0.0,42.0
52264,51.35,0.0,42.0
52265,50.41,1.83,42.0
52266,40.58,0.0,42.0
52267,49.07,10.0,42.0
52269,51.84,10.46,42.0
52271,47.78,8.33,42.0
52272,50.88,7.69,42.0
52273,49.58,0.0,42.0
52274,50.48,12.5,42.0
52275,46.67,0.0,42.0
52276,50.86,11.76,42.0
52277,50.88,0.0,42.0
52278,46.48,0.0,42.0
52280,50.25,0.0,42.0
52282,52.84,2.68,42.0
52284,45.56,0.0,42.0
52285,46.67,0.0,42.0
52286,49.41,0.0,42.0
52287,46.15,0.0,42.0
52288,50.0,0.0,42.0
52289,49.38,0.0,42.0
52290,48.06,0.0,42.0
52291,48.39,0.0,42.0
52292,51.37,4.17,42.0
52294,49.13,3.13,42.0
52295,48.24,0.0,42.0
52297,51.25,10.34,42.0
52298,53.52,40.0,42.0
52300,44.67,25.0,42.0
52301,44.9,0.0,42.0
52302,50.27,0.0,42.0
52303,52.63,0.0,42.0
52304,48.08,0.0,42.0
52305,48.91,9.09,42.0
52306,51.2,2.94,42.0
52307,49.05,25.0,42.0
52308,48.13,2.86,42.0
52310,51.52,0.0,42.0
52311,52.15,0.0,42.0
52312,53.57,66.67,42.0
52313,50.35,5.26,42.0
52315,50.47,14.29,42.0
52316,48.53,37.5,42.0
52318,48.59,0.0,42.0
52319,49.23,0.0,42.0
52320,46.81,0.0,42.0
52321,48.65,0.0,42.0
52322,52.27,0.0,42.0
52325,50.0,10.0,42.0
52327,51.74,7.12,42.0
52328,50.0,0.0,42.0
52330,50.0,16.67,42.0
52331,53.55,8.84,42.0
52332,49.98,6.56,42.0
52335,46.49,25.0,42.0
52336,50.0,0.0,42.0
52337,42.86,0.0,42.0
52341,55.73,0.0,42.0
52342,61.54,0.0,42.0
52344,48.39,0.0,42.0
52346,52.43,3.33,42.0
52347,47.91,8.0,42.0
52348,49.46,11.48,42.0
52349,52.4,20.83,42.0
52350,44.12,0.0,42.0
52352,50.0,0.0,42.0
52353,51.7,4.31,42.0
52354,47.62,0.0,42.0
52355,49.4,18.18,42.0
52356,51.85,9.09,42.0
52357,51.98,10.64,42.0
52358,50.0,0.0,42.0
52359,48.97,0.0,42.0
52360,44.85,0.0,42.0
52362,50.36,0.0,42.0
52363,49.46,0.0,42.0
52364,50.98,12.5,42.0
52365,50.11,8.33,42.0
52366,48.0,14.29,42.0
52367,47.5,25.0,42.0
52369,48.57,0.0,42.0
52370,47.27,5.26,42.0
52371,50.36,14.29,42.0
52372,51.39,0.0,42.0
52374,52.04,3.57,42.0
52375,45.45,0.0,42.0
52376,45.35,0.0,42.0
52377,46.89,0.0,42.0
52378,56.52,0.0,42.0
52380,52.32,6.25,42.0
52383,47.75,9.09,42.0
52384,49.51,0.0,42.0
52385,58.62,0.0,42.0
52386,48.93,0.0,42.0
52388,50.66,12.5,42.0
52390,45.76,0.0,42.0
52391,50.86,4.76,42.0
52392,49.06,0.0,42.0
52393,45.28,0.0,42.0
52394,45.07,4.17,42.0
52395,45.45,0.0,42.0
52396,52.08,7.69,42.0
52397,45.83,16.67,42.0
52398,52.99,5.12,42.0
52399,51.18,0.0,42.0
52400,52.26,6.25,42.0
52401,47.47,12.12,42.0
52403,51.28,0.0,42.0
52405,50.19,5.21,42.0
52406,50.51,0.0,42.0
52407,51.98,4.17,42.0
52411,50.9,3.07,42.0
52413,50.0,0.0,42.0
52414,51.22,3.03,42.0
52415,51.67,12.5,42.0
52416,53.23,0.0,42.0
52419,52.1,11.11,42.0
52420,50.39,0.0,42.0
52421,57.95,8.82,42.0
52422,48.31,0.0,42.0
52423,47.32,6.45,42.0
52424,47.83,12.2,42.0
52425,51.63,10.53,42.0
52426,56.15,0.0,42.0
52428,56.06,25.0,42.0
52429,51.29,4.35,42.0
52431,49.01,0.0,42.0
52432,49.73,5.79,42.0
52433,48.89,0.0,42.0
52436,48.0,0.0,42.0
52437,36.0,0.0,42.0
52438,50.0,0.0,42.0
52439,48.68,0.0,42.0
52440,47.39,3.03,42.0
52442,51.59,6.17,42.0
52443,51.52,0.0,42.0
52444,48.51,4.06,42.0
52445,47.22,0.0,42.0
52446,48.31,3.7,42.0
52447,50.83,20.0,42.0
52448,52.03,9.13,42.0
52449,49.6,6.28,42.0
52450,50.39,0.0,42.0
52452,47.22,20.0,42.0
52453,49.24,0.0,42.0
52455,49.91,0.0,42.0
52456,48.76,7.58,42.0
52457,46.82,11.76,42.0
52459,47.47,0.0,42.0
52461,48.53,0.0,42.0
52463,47.73,33.33,42.0
52464,54.17,0.0,42.0
52465,50.36,6.25,42.0
52467,50.0,0.0,42.0
52468,51.06,0.0,42.0
52469,35.33,6.91,42.0
52470,48.59,3.29,42.0
52472,46.1,0.0,42.0
52473,51.16,0.0,42.0
52475,50.0,0.0,42.0
52476,45.12,0.0,42.0
52479,53.52,6.83,42.0
52480,50.0,2.94,42.0
52482,49.02,16.67,42.0
52483,54.41,0.0,42.0
52484,48.57,2.84,42.0
52486,46.67,40.0,42.0
52487,53.33,0.0,42.0
52488,48.55,3.23,42.0
52489,42.86,0.0,42.0
52490,48.71,7.27,42.0
52491,45.1,0.0,42.0
52492,50.09,2.17,42.0
52493,44.83,0.0,42.0
52494,49.88,8.7,42.0
52495,47.62,0.0,42.0
52497,49.2,9.76,42.0
52499,43.18,33.33,42.0
52500,50.28,7.02,42.0
52502,45.45,0.0,42.0
52504,50.19,0.0,42.0
52505,42.86,50.0,42.0
52506,51.81,12.5,42.0
52507,51.79,0.0,42.0
52510,51.99,5.88,42.0
52511,50.0,0.0,42.0
52512,53.16,7.32,42.0
52513,46.15,0.0,42.0
52514,53.15,24.14,42.0
52515,45.05,0.0,42.0
52516,52.0,20.0,42.0
52517,50.0,16.67,42.0
52518,51.46,0.0,42.0
52519,46.0,0.0,42.0
52520,48.45,11.11,42.0
52522,51.3,7.33,42.0
52523,50.88,0.0,42.0
52524,49.77,0.0,42.0
52525,48.28,0.0,42.0
52526,52.38,0.0,42.0
52528,48.32,0.0,42.0
52529,51.64,3.3,42.0
52534,53.15,5.43,42.0
52535,49.05,20.48,42.0
52536,53.19,28.57,42.0
52538,50.47,14.29,42.0
52539,37.31,0.0,42.0
52540,42.42,0.0,42.0
52541,48.53,0.0,42.0
52542,49.02,0.0,42.0
52543,50.44,10.68,42.0
52544,49.8,4.65,42.0
52545,53.76,20.0,42.0
52546,55.56,0.0,42.0
52547,45.67,0.0,42.0
52548,49.38,0.0,42.0
52549,46.15,0.0,42.0
52550,51.62,7.25,42.0
53001,50.72,9.47,42.0
53002,50.82,5.77,42.0
53003,51.27,6.16,42.0
53005,49.87,12.15,42.0
53007,49.69,9.4,42.0
53008,50.74,5.2,42.0
53009,49.24,1.74,42.0
53010,48.94,4.35,42.0
53011,45.84,9.4,42.0
53012,49.16,2.02,42.0
53013,46.41,6.55,42.0
53015,50.84,3.4,42.0
53016,51.12,5.77,42.0
53017,49.16,9.71,42.0
53018,51.67,9.4,42.0
53019,50.0,0.0,42.0
53021,47.31,7.22,42.0
53022,48.89,10.91,42.0
53023,50.91,5.17,42.0
53025,49.72,4.35,42.0
53026,47.9,3.57,42.0
53027,48.28,8.47,42.0
53028,48.48,5.27,42.0
53029,49.74,1.62,42.0
53030,52.18,2.83,42.0
53031,47.87,1.85,42.0
53033,48.28,0.0,42.0
53034,52.04,18.15,42.0
53035,48.94,7.39,42.0
53036,52.24,8.33,42.0
53037,48.18,7.81,42.0
53038,46.72,0.0,42.0
53039,52.73,4.99,42.0
53040,47.65,5.36,42.0
53041,48.37,0.0,42.0
53042,47.61,0.0,42.0
53043,48.53,4.17,42.0
53045,47.9,4.67,42.0
53046,50.26,8.82,42.0
53047,48.06,0.0,42.0
53048,48.96,7.63,42.0
53049,47.11,5.13,42.0
53051,50.46,6.25,42.0
53052,48.73,7.14,42.0
53053,50.27,0.0,42.0
53054,51.0,19.92,42.0
53055,47.69,11.37,42.0
53056,48.3,9.39,42.0
53057,47.71,0.0,42.0
53058,51.22,4.86,42.0
53059,49.24,5.41,42.0
53061,49.73,3.03,42.0
53062,52.18,10.93,42.0
53063,47.87,8.33,42.0
53064,49.81,2.26,42.0
53066,49.58,3.91,42.0
53067,44.34,12.5,42.0
53068,44.67,5.88,42.0
53069,48.05,0.0,42.0
53071,46.73,4.58,42.0
53072,49.94,9.26,42.0
53073,49.88,2.27,42.0
53074,50.18,9.11,42.0
53075,47.99,12.0,42.0
53076,48.53,9.38,42.0
53077,50.67,8.17,42.0
53078,49.48,5.88,42.0
53079,46.95,0.0,42.0
53080,44.66,11.11,42.0
53082,49.77,3.17,42.0
53083,48.81,1.06,42.0
53084,53.68,5.63,42.0
53085,47.94,5.88,42.0
53086,49.91,4.68,42.0
53087,48.94,0.0,42.0
53088,48.31,6.41,42.0
53089,48.97,16.67,42.0
53090,48.45,11.11,42.0
53091,47.61,2.56,42.0
53093,48.96,14.29,42.0
53094,50.31,12.93,42.0
53096,51.33,5.14,42.0
53097,52.12,6.16,42.0
53098,46.83,0.0,42.0
53099,50.04,12.0,42.0
53100,51.38,5.75,42.0
53101,47.03,9.31,42.0
53102,52.12,0.0,42.0
53103,48.39,6.4,42.0
53104,50.63,6.56,42.0
53105,45.03,0.0,42.0
53106,46.95,7.32,42.0
53107,53.07,5.45,42.0
53108,47.65,1.82,42.0
53109,51.99,11.11,42.0
53110,48.59,4.86,42.0
53111,48.09,2.17,42.0
53112,44.61,0.0,42.0
53113,50.08,5.36,42.0
53114,43.02,5.0,42.0
53115,46.74,0.0,42.0
53116,47.63,4.44,42.0
53117,46.71,7.69,42.0
53118,46.86,0.0,42.0
53119,52.53,18.98,42.0
53120,46.81,6.98,42.0
53121,50.58,5.93,42.0
53122,50.51,5.8,42.0
53123,50.45,3.28,42.0
53124,48.64,2.75,42.0
53125,50.36,4.3,42.0
53126,48.91,1.98,42.0
53127,51.14,8.76,42.0
53128,47.83,3.33,42.0
53129,50.28,10.0,42.0
53130,52.1,15.56,42.0
53131,43.02,0.0,42.0
53132,46.81,8.7,42.0
53133,47.23,9.52,42.0
53134,47.49,0.0,42.0
53135,48.0,3.71,42.0
53136,49.5,6.86,42.0
53137,49.19,8.34,42.0
53139,50.0,5.71,42.0
53140,52.41,11.68,42.0
53141,46.44,6.79,42.0
53142,49.21,6.67,42.0
53143,48.24,10.42,42.0
53144,50.1,8.56,42.0
53145,49.37,4.69,42.0
53146,50.74,8.47,42.0
53147,51.88,11.22,42.0
53148,48.67,8.0,42.0
53150,49.65,10.11,42.0
53151,52.54,3.09,42.0
53152,53.27,6.46,42.0
53153,48.19,1.59,42.0
53154,51.53,2.56,42.0
53155,48.28,3.88,42.0
53156,48.02,0.0,42.0
53157,49.08,12.67,42.0
53158,48.83,8.33,42.0
53160,51.45,2.49,42.0
53161,50.69,5.38,42.0
53162,53.33,8.33,42.0
53163,50.35,4.54,42.0
53164,50.09,5.83,42.0
53165,49.19,2.7,42.0
53168,48.64,11.48,42.0
53169,48.56,5.01,42.0
53170,50.34,6.14,42.0
53172,48.21,10.25,42.0
53173,47.51,0.0,42.0
53174,50.62,5.4,42.0
53175,49.19,9.19,42.0
53176,50.96,0.0,42.0
53177,53.54,2.72,42.0
53178,49.07,15.38,42.0
53179,46.84,6.0,42.0
53180,49.21,7.79,42.0
53181,51.43,2.98,42.0
53182,50.48,9.25,42.0
53184,49.07,0.0,42.0
53185,50.26,5.98,42.0
53186,50.09,6.46,42.0
53187,52.2,3.85,42.0
53188,51.98,3.34,42.0
53189,37.84,12.5,42.0
53190,52.13,4.7,42.0
53191,48.75,0.0,42.0
53192,50.87,0.0,42.0
53193,47.08,1.62,42.0
53195,47.58,5.66,42.0
53196,51.83,0.0,42.0
53197,51.85,4.41,42.0
53198,44.73,0.0,42.0
53199,48.88,0.0,42.0
53200,48.18,12.15,42.0
53201,51.73,14.19,42.0
53202,46.09,6.09,42.0
53203,46.82,3.86,42.0
53204,46.39,2.66,42.0
53206,45.02,0.0,42.0
53208,48.8,5.17,42.0
53209,46.15,9.48,42.0
53210,50.76,7.87,42.0
53211,50.8,6.48,42.0
53212,45.97,9.28,42.0
53213,49.75,17.07,42.0
53214,47.85,0.0,42.0
53216,47.28,1.14,42.0
53218,47.8,0.0,42.0
53219,48.82,5.63,42.0
53220,46.85,5.13,42.0
53221,47.29,0.0,42.0
53222,45.75,9.64,42.0
53223,48.94,0.0,42.0
53224,50.31,10.34,42.0
53225,47.04,6.38,42.0
53226,49.71,1.08,42.0
53228,47.41,6.79,42.0
53229,50.24,17.58,42.0
53230,43.97,9.52,42.0
53232,46.0,3.13,42.0
53233,49.67,2.83,42.0
53234,50.47,2.63,42.0
53235,48.03,4.35,42.0
53236,49.37,33.33,42.0
53237,50.89,2.27,42.0
53238,47.4,8.0,42.0
53240,47.1,6.62,42.0
53242,44.19,11.11,42.0
53243,49.27,12.79,42.0
53245,47.75,3.03,42.0
53246,50.02,7.11,42.0
53247,48.32,4.33,42.0
53248,42.14,5.88,42.0
53249,47.72,3.28,42.0
53250,47.07,2.86,42.0
53251,49.4,6.48,42.0
53253,47.8,0.0,42.0
53255,50.13,11.5,42.0
53256,48.26,5.26,42.0
53257,50.81,7.65,42.0
53258,46.01,8.05,42.0
53259,45.94,0.0,42.0
53260,50.63,4.95,42.0
53261,48.2,0.0,42.0
53262,51.32,10.0,42.0
53263,49.85,0.0,42.0
53264,49.48,0.0,42.0
53265,50.45,6.67,42.0
53266,48.02,4.17,42.0
53267,51.59,5.15,42.0
53269,51.82,8.93,42.0
53270,44.35,25.0,42.0
53271,52.07,5.53,42.0
53272,42.7,0.0,42.0
53273,47.26,12.1,42.0
53276,51.43,1.16,42.0
54001,51.07,8.7,42.0
54002,48.94,10.0,42.0
54003,43.48,0.0,42.0
54004,49.7,9.09,42.0
54005,54.13,0.0,42.0
54006,51.69,29.79,42.0
54007,51.87,4.37,42.0
54008,49.79,7.55,42.0
54009,41.67,13.33,42.0
54010,49.02,11.36,42.0
54011,51.1,14.29,42.0
54012,54.49,28.12,42.0
54013,46.51,0.0,42.0
54014,48.07,9.09,42.0
54015,47.45,16.0,42.0
54016,45.54,24.14,42.0
54017,46.4,0.0,42.0
54018,51.99,11.54,42.0
54019,55.26,12.5,42.0
54020,50.15,22.26,42.0
54021,49.79,4.35,42.0
54022,51.89,11.51,42.0
54023,50.95,16.67,42.0
54024,49.75,3.85,42.0
54025,48.97,12.56,42.0
54026,50.31,0.0,42.0
54027,49.52,14.92,42.0
54028,51.54,8.58,42.0
54029,49.87,11.11,42.0
54030,50.7,0.0,42.0
54031,50.48,14.29,42.0
54032,52.13,14.29,42.0
54033,50.75,18.18,42.0
54034,45.12,12.5,42.0
54035,55.3,3.45,42.0
54036,49.22,13.27,42.0
54037,50.58,26.47,42.0
54038,50.63,1.49,42.0
54039,53.28,6.52,42.0
54040,51.73,5.56,42.0
54041,50.79,21.43,42.0
54042,51.9,7.69,42.0
54043,53.6,14.35,42.0
54044,52.28,11.76,42.0
54045,49.97,7.69,42.0
54046,50.0,2.78,42.0
54047,52.63,0.0,42.0
54048,50.46,11.76,42.0
54049,48.71,8.49,42.0
54050,52.17,0.0,42.0
54051,50.19,8.4,42.0
54052,48.87,5.0,42.0
54053,51.3,0.0,42.0
54054,54.47,9.26,42.0
54055,51.78,23.61,42.0
54056,46.62,5.26,42.0
54057,47.83,0.0,42.0
54058,46.34,14.29,42.0
54059,52.58,11.45,42.0
54060,49.14,11.92,42.0
54061,50.82,7.14,42.0
54062,49.53,9.68,42.0
54063,47.78,0.0,42.0
54064,49.06,0.0,42.0
54065,48.64,8.91,42.0
54066,51.01,7.14,42.0
54067,48.33,4.23,42.0
54068,50.54,0.0,42.0
54069,49.7,13.51,42.0
54070,48.77,0.0,42.0
54071,46.75,11.76,42.0
54072,50.01,7.69,42.0
54073,49.36,7.44,42.0
54074,45.95,0.0,42.0
54075,50.42,9.09,42.0
54076,50.47,8.85,42.0
54077,49.87,2.53,42.0
54078,47.37,0.0,42.0
54079,50.67,4.17,42.0
54080,50.58,8.45,42.0
54081,50.69,7.37,42.0
54082,50.84,0.0,42.0
54083,52.46,4.55,42.0
54084,51.43,2.13,42.0
54085,49.44,0.0,42.0
54086,49.86,3.03,42.0
54087,44.97,23.08,42.0
54088,47.96,21.05,42.0
54089,49.67,19.38,42.0
54090,52.26,18.6,42.0
54091,49.53,30.23,42.0
54092,50.77,0.0,42.0
54093,45.24,5.88,42.0
54094,47.4,25.0,42.0
54095,50.0,11.76,42.0
54096,48.09,12.5,42.0
54097,45.92,12.5,42.0
54098,47.31,7.14,42.0
54099,52.21,9.22,42.0
54100,51.72,13.04,42.0
54101,40.0,0.0,42.0
54102,49.17,14.03,42.0
54103,51.38,10.53,42.0
54104,54.08,10.34,42.0
54105,49.63,2.0,42.0
54106,55.38,0.0,42.0
54107,46.38,0.0,42.0
54108,44.62,16.67,42.0
54109,49.56,14.61,42.0
54110,50.41,23.21,42.0
54111,51.33,16.0,42.0
54112,51.13,1.43,42.0
54113,50.65,15.28,42.0
54114,45.17,13.58,42.0
54115,53.76,10.12,42.0
54116,51.08,13.37,42.0
54117,50.86,8.33,42.0
54118,48.91,5.45,42.0
54119,51.72,0.0,42.0
54120,48.42,11.43,42.0
54121,48.76,5.88,42.0
54122,47.47,11.7,42.0
54123,50.35,17.64,42.0
54124,50.0,28.57,42.0
54125,49.04,8.89,42.0
54126,51.2,16.67,42.0
54127,48.83,7.58,42.0
54128,49.77,2.53,42.0
54129,52.13,7.42,42.0
54130,47.13,6.67,42.0
54131,50.19,10.71,42.0
54132,50.0,50.0,42.0
54133,47.79,0.0,42.0
54134,50.62,0.0,42.0
54135,49.02,5.25,42.0
54136,52.36,6.09,42.0
54137,49.9,15.69,42.0
54138,50.35,15.41,42.0
54139,48.45,11.76,42.0
54140,52.17,0.0,42.0
54141,47.06,9.09,42.0
54142,49.66,27.27,42.0
54143,49.15,2.17,42.0
54144,48.28,16.28,42.0
54145,49.05,6.9,42.0
54146,51.02,6.9,42.0
54147,52.78,9.09,42.0
54148,50.08,5.88,42.0
54149,51.12,6.72,42.0
54150,52.04,12.37,42.0
54151,50.02,8.16,42.0
54152,51.68,5.61,42.0
54153,50.88,14.29,42.0
54154,51.79,2.56,42.0
54155,47.7,18.6,42.0
54156,51.5,10.25,42.0
54157,50.36,6.94,42.0
54158,48.03,0.0,42.0
54159,51.28,8.58,42.0
54160,47.66,13.36,42.0
54161,48.54,17.24,42.0
54162,49.7,13.16,42.0
54163,52.65,0.0,42.0
54164,48.65,0.0,42.0
54165,50.79,33.33,42.0
54166,65.62,0.0,42.0
54167,49.69,12.5,42.0
54168,51.37,19.23,42.0
54169,48.39,10.0,42.0
54170,49.28,16.67,42.0
54171,49.09,7.4,42.0
54172,46.01,0.0,42.0
54173,48.0,22.22,42.0
54174,45.91,6.61,42.0
54175,48.36,3.23,42.0
54176,53.12,6.44,42.0
54177,46.79,3.57,42.0
54178,49.47,10.0,42.0
54179,48.82,26.47,42.0
54180,43.28,0.0,42.0
54181,52.7,8.33,42.0
54182,48.1,6.25,42.0
54183,47.37,0.0,42.0
54184,53.77,16.22,42.0
54185,50.85,0.0,42.0
54186,51.07,26.97,42.0
54187,52.34,23.08,42.0
54188,51.46,11.54,42.0
54189,50.79,7.81,42.0
54190,51.79,0.0,42.0
54191,53.47,10.0,42.0
54192,53.7,16.67,42.0
54193,52.54,11.11,42.0
54194,50.53,7.69,42.0
54195,49.07,15.0,42.0
54196,50.24,20.39,42.0
54197,52.6,26.25,42.0
54198,44.62,3.23,42.0
54199,51.98,9.65,42.0
54200,50.64,10.0,42.0
54201,45.75,17.81,42.0
54202,47.01,13.89,42.0
54203,48.21,23.08,42.0
54204,54.84,11.11,42.0
54205,52.47,6.76,42.0
54206,47.56,12.82,42.0
54207,51.19,10.0,42.0
54208,49.15,10.34,42.0
54209,46.88,0.0,42.0
54210,47.09,5.0,42.0
54211,52.15,0.0,42.0
54212,51.73,4.76,42.0
54213,51.67,18.75,42.0
54214,49.51,8.97,42.0
54215,52.33,10.55,42.0
54216,48.58,18.18,42.0
54217,50.26,7.14,42.0
54218,41.51,25.0,42.0
54219,50.63,12.5,42.0
54220,45.57,0.0,42.0
54221,51.87,10.0,42.0
54222,52.29,7.34,42.0
54223,49.47,18.75,42.0
54224,48.87,5.88,42.0
54225,48.66,12.5,42.0
54226,47.46,15.38,42.0
54227,52.11,5.22,42.0
54228,48.57,0.0,42.0
54229,50.2,9.09,42.0
54230,48.08,20.0,42.0
54231,45.14,6.25,42.0
54232,50.89,15.26,42.0
54233,55.88,0.0,42.0
54234,51.17,7.06,42.0
54235,50.6,16.43,42.0
54236,48.33,11.11,42.0
54237,49.56,11.11,42.0
54238,51.07,3.85,42.0
54239,47.45,9.09,42.0
54240,44.44,14.29,42.0
54241,49.25,0.0,42.0
54242,52.77,16.67,42.0
54243,49.3,0.0,42.0
54244,46.43,23.08,42.0
54245,50.0,16.67,42.0
54246,60.29,0.0,42.0
54247,51.79,11.76,42.0
54248,44.44,0.0,42.0
54249,48.73,4.0,42.0
54250,47.96,11.24,42.0
54251,46.51,0.0,42.0
54252,53.12,19.05,42.0
54253,50.89,9.52,42.0
54254,50.19,4.43,42.0
54255,48.78,0.0,42.0
54256,50.91,7.41,42.0
54257,51.71,22.61,42.0
54258,47.65,7.14,42.0
54259,47.42,7.69,42.0
54260,50.83,7.69,42.0
54261,51.29,6.12,42.0
54262,45.69,14.29,42.0
54263,51.18,5.05,42.0
54264,50.19,9.52,42.0
54265,51.53,21.51,42.0
54266,50.65,8.57,42.0
54268,52.82,18.75,42.0
54269,46.84,13.89,42.0
54270,50.75,5.68,42.0
54271,58.72,0.0,42.0
54272,49.81,9.8,42.0
54273,51.63,6.87,42.0
54274,52.73,9.64,42.0
54275,47.63,12.5,42.0
54276,49.0,6.54,42.0
54277,49.72,13.48,42.0
54278,45.45,8.33,42.0
54279,51.08,10.2,42.0
54280,52.14,4.46,42.0
54281,51.29,5.0,42.0
54282,48.45,0.0,42.0
54283,50.71,6.06,42.0
54284,51.17,2.22,42.0
54285,45.71,0.0,42.0
54286,51.83,10.64,42.0
54287,47.77,0.0,42.0
54288,51.2,5.88,42.0
54289,53.04,29.41,42.0
54290,46.89,0.0,42.0
54291,49.76,23.33,42.0
54292,51.09,17.65,42.0
54293,47.67,25.0,42.0
54294,45.99,23.53,42.0
54295,50.22,2.38,42.0
54296,50.22,24.73,42.0
54297,49.93,7.77,42.0
54298,45.81,0.0,42.0
54299,50.44,0.0,42.0
54300,50.99,14.73,42.0
54301,48.15,21.43,42.0
54302,52.03,6.55,42.0
54303,52.46,3.08,42.0
54304,52.66,21.46,42.0
54305,52.27,30.63,42.0
54306,51.11,8.33,42.0
54307,45.64,21.43,42.0
54308,45.75,20.0,42.0
54309,51.69,9.69,42.0
54311,48.69,14.29,42.0
54312,51.49,22.22,42.0
54313,48.21,16.67,42.0
54314,52.15,12.95,42.0
54315,50.22,13.64,42.0
54316,47.31,13.33,42.0
54317,51.15,0.0,42.0
54318,51.24,13.43,42.0
54320,47.18,15.15,42.0
54321,51.52,4.51,42.0
54322,52.26,3.03,42.0
54323,51.77,7.23,42.0
54324,51.06,12.5,42.0
54325,45.57,0.0,42.0
54326,49.77,11.11,42.0
54327,50.45,8.34,42.0
54328,54.04,21.86,42.0
54329,52.29,9.41,42.0
54330,50.21,13.95,42.0
54331,51.74,9.52,42.0
54332,54.18,13.53,42.0
54333,50.79,5.26,42.0
54334,51.66,5.17,42.0
54335,48.28,19.86,42.0
54336,53.82,19.32,42.0
54337,50.85,9.09,42.0
54338,50.86,15.71,42.0
54339,53.08,19.7,42.0
54340,50.05,11.43,42.0
54343,55.07,9.52,42.0
54344,49.54,4.55,42.0
54345,52.83,13.51,42.0
54346,48.43,18.18,42.0
54348,51.27,18.18,42.0
54349,53.22,6.25,42.0
54350,50.87,3.13,42.0
54351,51.25,11.95,42.0
54352,49.59,19.05,42.0
54353,51.98,5.87,42.0
54354,50.0,57.14,42.0
54355,47.87,20.45,42.0
54356,46.77,0.0,42.0
54357,47.67,9.23,42.0
54358,49.75,18.52,42.0
54359,49.15,8.33,42.0
54360,49.55,20.64,42.0
54362,49.62,9.17,42.0
54363,46.86,8.34,42.0
54364,49.57,26.4,42.0
54365,48.78,7.14,42.0
54366,51.5,12.5,42.0
54367,51.02,8.9,42.0
54368,44.0,7.69,42.0
54369,50.92,16.42,42.0
54370,51.98,14.29,42.0
54371,51.27,10.71,42.0
54372,53.43,13.19,42.0
54373,48.76,6.82,42.0
54374,50.06,13.27,42.0
54375,49.8,15.01,42.0
54376,50.27,11.94,42.0
54377,47.62,8.33,42.0
54378,47.18,5.66,42.0
54379,43.24,0.0,42.0
54380,48.79,6.96,42.0
54381,47.27,0.0,42.0
54382,51.0,4.6,42.0
54383,48.38,7.7,42.0
54385,49.91,11.11,42.0
54386,45.16,0.0,42.0
54387,45.75,5.0,42.0
54388,43.24,9.26,42.0
54389,49.06,0.0,42.0
54390,49.02,16.67,42.0
54391,51.51,2.88,42.0
54392,50.12,6.25,42.0
54393,43.68,11.63,42.0
54394,48.95,16.67,42.0
54395,52.49,26.95,42.0
54396,41.1,15.38,42.0
54397,51.84,11.22,42.0
54398,52.81,16.67,42.0
54399,51.7,4.17,42.0
54400,50.42,12.9,42.0
54401,47.86,12.5,42.0
54402,50.37,10.67,42.0
54403,50.86,18.06,42.0
54404,47.69,3.45,42.0
54405,47.94,2.07,42.0
54406,50.24,19.57,42.0
54407,48.81,0.0,42.0
54408,50.97,8.33,42.0
54409,52.85,6.25,42.0
54410,53.72,13.64,42.0
54411,47.96,30.77,42.0
54412,58.33,0.0,42.0
54413,48.28,0.0,42.0
54414,48.81,16.95,42.0
54415,51.2,10.42,42.0
54416,44.71,5.88,42.0
54417,50.21,4.35,42.0
54418,49.18,0.0,42.0
54419,54.55,0.0,42.0
54420,43.88,0.0,42.0
54421,49.65,3.57,42.0
54422,48.48,33.33,42.0
54423,43.32,10.55,42.0
54424,50.0,0.0,42.0
54425,51.62,4.57,42.0
54426,52.17,7.55,42.0
54427,46.81,14.29,42.0
54428,48.61,2.56,42.0
54429,50.51,16.13,42.0
54430,52.32,7.82,42.0
54431,51.62,13.19,42.0
54432,52.01,11.44,42.0
54433,48.51,47.62,42.0
54434,53.02,4.17,42.0
54435,48.77,17.71,42.0
54436,49.34,0.0,42.0
54437,49.14,14.81,42.0
54438,43.64,25.0,42.0
54439,53.8,16.72,42.0
54440,45.79,0.0,42.0
54441,47.44,11.11,42.0
54442,51.04,37.5,42.0
54443,46.34,0.0,42.0
54444,49.1,14.42,42.0
54445,49.06,20.0,42.0
54446,47.69,0.0,42.0
54447,48.57,0.0,42.0
54449,52.04,7.0,42.0
54450,48.94,0.0,42.0
54451,51.0,7.1,42.0
54452,52.05,16.67,42.0
54453,49.07,11.76,42.0
54455,48.1,8.33,42.0
54456,49.53,17.31,42.0
54457,46.51,0.0,42.0
54458,45.1,0.0,42.0
54459,51.32,21.95,42.0
54460,50.64,27.78,42.0
54461,49.28,37.5,42.0
54462,50.82,12.82,42.0
54463,49.22,18.52,42.0
54464,49.0,18.18,42.0
54465,50.67,9.47,42.0
54466,53.97,3.57,42.0
54467,51.37,25.0,42.0
54468,50.45,0.0,42.0
54469,48.06,9.09,42.0
54470,56.67,0.0,42.0
54471,51.35,0.0,42.0
54472,52.24,9.04,42.0
54473,54.57,7.14,42.0
54474,52.72,10.53,42.0
54475,50.32,12.5,42.0
54476,49.55,4.03,42.0
54477,53.7,27.27,42.0
54478,48.0,27.69,42.0
54479,52.53,22.22,42.0
54480,50.0,0.0,42.0
54481,52.38,0.0,42.0
54482,54.83,16.42,42.0
54483,51.54,8.15,42.0
54484,45.81,5.56,42.0
54485,48.24,15.38,42.0
54486,52.31,13.79,42.0
54487,50.0,16.67,42.0
54489,45.39,0.0,42.0
54490,49.78,12.06,42.0
54491,49.04,3.45,42.0
54492,50.39,0.0,42.0
54493,51.13,4.85,42.0
54494,42.57,0.0,42.0
54495,52.23,16.19,42.0
54496,50.26,8.97,42.0
54497,40.17,0.0,42.0
54498,53.08,14.18,42.0
54499,50.0,12.5,42.0
54500,51.26,0.0,42.0
54501,57.28,0.0,42.0
54502,51.6,0.0,42.0
54504,49.09,10.61,42.0
54505,51.76,13.51,42.0
54507,51.46,16.67,42.0
54508,47.7,17.86,42.0
54509,50.56,11.63,42.0
54510,48.76,7.32,42.0
54511,49.11,13.33,42.0
54512,45.28,0.0,42.0
54513,51.63,5.04,42.0
54514,53.14,8.08,42.0
54515,50.59,16.67,42.0
54516,50.0,0.0,42.0
54517,49.0,4.76,42.0
54518,52.68,7.95,42.0
54519,50.37,10.12,42.0
54520,48.56,2.63,42.0
54521,49.45,7.89,42.0
54522,49.18,0.0,42.0
54523,32.04,4.4,42.0
54524,42.22,0.0,42.0
54525,50.08,7.27,42.0
54526,52.3,9.8,42.0
54527,50.67,24.29,42.0
54528,51.07,9.18,42.0
54529,64.29,0.0,42.0
54530,51.65,12.5,42.0
54531,46.77,0.0,42.0
54532,54.84,16.67,42.0
54533,52.12,6.06,42.0
54534,47.71,11.99,42.0
54535,51.28,14.29,42.0
54536,53.23,8.83,42.0
54537,49.17,10.03,42.0
54538,51.0,0.0,42.0
54539,46.82,0.0,42.0
54540,49.25,4.59,42.0
54541,53.16,5.88,42.0
54542,51.16,10.09,42.0
54543,49.19,0.0,42.0
54544,50.69,0.0,42.0
54545,48.34,0.0,42.0
54546,50.84,3.69,42.0
54547,51.51,17.86,42.0
54548,49.41,8.16,42.0
54549,51.0,10.96,42.0
54550,46.53,11.43,42.0
54551,53.12,0.0,42.0
54552,50.0,0.0,42.0
54553,48.8,0.0,42.0
54554,52.33,0.0,42.0
54555,50.0,0.0,42.0
54556,44.86,14.29,42.0
54557,47.83,21.02,42.0
54558,47.9,10.81,42.0
54559,50.25,8.23,42.0
54560,53.85,25.0,42.0
54561,47.37,0.0,42.0
54562,44.35,0.0,42.0
54563,51.61,12.04,42.0
54564,51.41,23.53,42.0
54565,48.85,23.08,42.0
54566,48.65,9.09,42.0
54567,53.76,8.11,42.0
54568,47.56,12.5,42.0
54569,50.0,33.33,42.0
54570,49.1,2.78,42.0
54571,50.25,16.67,42.0
54572,47.29,5.66,42.0
54573,47.88,5.26,42.0
54574,48.71,12.66,42.0
54575,50.0,10.37,42.0
54576,46.6,0.0,42.0
54577,51.06,12.5,42.0
54578,53.22,30.55,42.0
54579,52.77,9.09,42.0
54580,50.63,5.9,42.0
54581,49.93,6.34,42.0
54582,49.47,6.25,42.0
54583,49.63,29.82,42.0
54584,52.26,17.31,42.0
54585,50.73,15.28,42.0
54586,50.27,12.68,42.0
54587,46.11,4.55,42.0
54588,52.02,9.52,42.0
54589,48.0,5.56,42.0
54590,48.72,0.0,42.0
54591,51.94,13.79,42.0
54592,50.0,46.43,42.0
54593,52.98,9.3,42.0
54594,52.83,6.25,42.0
54595,52.62,5.56,42.0
54596,51.49,5.21,42.0
54597,50.07,8.33,42.0
54598,51.86,4.55,42.0
54599,41.96,0.0,42.0
54600,51.33,0.0,42.0
54601,45.65,0.0,42.0
54602,48.23,13.33,42.0
55001,48.43,8.42,42.0
55002,48.04,0.0,42.0
55004,46.91,0.0,42.0
55007,48.13,11.23,42.0
55008,51.63,14.29,42.0
55009,47.64,13.33,42.0
55010,51.98,9.49,42.0
55011,52.36,0.0,42.0
55012,48.35,7.7,42.0
55013,50.26,9.8,42.0
55014,47.89,7.14,42.0
55015,48.94,10.0,42.0
55017,48.62,10.0,42.0
55018,51.52,0.0,42.0
55021,60.0,0.0,42.0
55022,51.67,28.57,42.0
55023,45.83,9.09,42.0
55024,47.53,17.65,42.0
55025,50.26,4.17,42.0
55026,49.61,0.0,42.0
55027,54.09,0.0,42.0
55028,48.54,0.0,42.0
55029,52.31,14.52,42.0
55031,49.47,10.1,42.0
55032,46.67,20.0,42.0
55034,53.21,7.14,42.0
55035,48.3,25.0,42.0
55036,54.88,0.0,42.0
55037,48.03,0.0,42.0
55038,47.37,50.0,42.0
55040,48.29,5.88,42.0
55041,51.63,6.5,42.0
55042,48.93,12.77,42.0
55043,52.46,5.76,42.0
55044,53.66,0.0,42.0
55045,48.14,7.02,42.0
55046,48.53,6.67,42.0
55047,50.31,0.0,42.0
55048,48.94,0.0,42.0
55049,47.46,10.0,42.0
55051,46.43,0.0,42.0
55053,51.05,6.67,42.0
55054,45.16,50.0,42.0
55055,53.85,0.0,42.0
55057,47.3,11.11,42.0
55058,51.66,10.3,42.0
55059,51.16,6.25,42.0
55060,50.41,16.22,42.0
55061,46.86,11.11,42.0
55062,46.0,0.0,42.0
55063,52.85,6.55,42.0
55064,54.24,0.0,42.0
55065,48.33,0.0,42.0
55066,48.53,12.5,42.0
55067,51.0,7.94,42.0
55068,46.0,16.67,42.0
55069,50.45,5.56,42.0
55070,52.54,0.0,42.0
55071,49.69,0.0,42.0
55072,46.79,0.0,42.0
55073,50.72,12.0,42.0
55075,47.8,0.0,42.0
55076,55.38,0.0,42.0
55077,50.15,0.0,42.0
55078,49.24,0.0,42.0
55079,51.44,17.38,42.0
55080,56.25,0.0,42.0
55081,46.77,0.0,42.0
55082,45.65,0.0,42.0
55083,47.06,6.67,42.0
55084,46.43,0.0,42.0
55085,46.35,0.0,42.0
55087,44.09,0.0,42.0
55088,47.37,5.88,42.0
55089,51.14,0.0,42.0
55093,49.62,7.69,42.0
55094,49.62,6.67,42.0
55095,48.74,0.0,42.0
55096,47.75,7.14,42.0
55097,47.89,0.0,42.0
55099,47.75,0.0,42.0
55100,50.0,37.5,42.0
55101,52.49,10.71,42.0
55102,51.83,1.96,42.0
55103,45.83,0.0,42.0
55104,48.04,14.29,42.0
55105,47.13,23.08,42.0
55106,47.46,8.7,42.0
55107,51.06,50.0,42.0
55108,48.74,0.0,42.0
55109,48.1,7.41,42.0
55110,47.52,0.0,42.0
55111,51.44,7.32,42.0
55113,50.97,7.14,42.0
55114,51.46,4.76,42.0
55115,45.65,0.0,42.0
55116,49.06,0.0,42.0
55117,52.03,9.22,42.0
55118,44.94,12.5,42.0
55119,48.42,0.0,42.0
55120,50.82,12.33,42.0
55121,50.93,20.0,42.0
55122,53.15,6.37,42.0
55123,46.67,8.11,42.0
55124,50.93,3.7,42.0
55125,48.99,6.56,42.0
55127,58.54,0.0,42.0
55128,43.9,0.0,42.0
55129,54.35,0.0,42.0
55132,50.3,5.56,42.0
55133,41.38,0.0,42.0
55134,49.69,4.76,42.0
55137,45.83,0.0,42.0
55138,50.0,18.75,42.0
55140,47.06,0.0,42.0
55141,40.91,0.0,42.0
55142,51.22,0.0,42.0
55143,47.73,0.0,42.0
55144,48.11,2.46,42.0
55145,50.2,2.17,42.0
55146,51.27,0.0,42.0
55148,44.07,0.0,42.0
55149,41.73,0.0,42.0
55150,48.31,7.13,42.0
55153,49.23,26.67,42.0
55154,53.24,11.39,42.0
55155,47.92,12.82,42.0
55156,46.43,0.0,42.0
55157,40.38,0.0,42.0
55158,49.81,0.0,42.0
55159,48.24,0.0,42.0
55160,52.63,50.0,42.0
55162,53.57,0.0,42.0
55163,51.35,0.0,42.0
55165,51.19,6.66,42.0
55166,52.31,10.0,42.0
55167,54.75,4.76,42.0
55168,62.22,0.0,42.0
55169,48.6,9.26,42.0
55170,48.31,9.09,42.0
55171,50.98,20.0,42.0
55172,48.33,33.33,42.0
55173,48.72,0.0,42.0
55174,49.23,10.0,42.0
55175,47.7,0.0,42.0
55177,54.35,0.0,42.0
55178,49.22,0.0,42.0
55179,48.41,6.67,42.0
55180,47.79,0.0,42.0
55181,51.92,4.71,42.0
55182,44.15,5.56,42.0
55183,40.54,0.0,42.0
55184,51.32,12.26,42.0
55185,52.81,0.0,42.0
55186,51.46,13.22,42.0
55188,43.18,14.29,42.0
55191,50.22,21.74,42.0
55192,51.28,0.0,42.0
55193,52.46,0.0,42.0
55194,48.28,0.0,42.0
55195,51.45,21.32,42.0
55196,46.21,7.14,42.0
55197,47.31,25.0,42.0
55198,50.0,6.35,42.0
55199,49.02,9.09,42.0
55200,49.53,0.0,42.0
55201,49.15,28.57,42.0
55202,46.98,12.5,42.0
55204,51.19,0.0,42.0
55206,51.22,0.0,42.0
55207,47.17,0.0,42.0
55208,55.77,0.0,42.0
55210,44.74,0.0,42.0
55211,52.46,0.0,42.0
55212,42.86,0.0,42.0
55214,47.37,12.02,42.0
55215,49.95,6.74,42.0
55216,46.58,0.0,42.0
55217,45.3,12.5,42.0
55218,61.54,0.0,42.0
55219,48.35,9.09,42.0
55220,48.39,0.0,42.0
55221,49.49,5.26,42.0
55222,38.71,0.0,42.0
55224,51.5,12.24,42.0
55225,43.48,7.69,42.0
55226,46.03,0.0,42.0
55228,53.0,0.0,42.0
55229,49.59,12.5,42.0
55232,41.07,0.0,42.0
55236,49.98,11.4,42.0
55237,50.0,0.0,42.0
55241,50.0,0.0,42.0
55242,47.27,0.0,42.0
55243,49.72,5.0,42.0
55244,51.32,5.56,42.0
55245,51.22,6.25,42.0
55246,49.37,0.0,42.0
55247,52.08,0.0,42.0
55248,50.73,14.29,42.0
55250,52.54,21.43,42.0
55251,51.14,0.0,42.0
55252,53.68,6.25,42.0
55253,50.88,3.06,42.0
55254,54.47,0.0,42.0
55255,46.49,3.7,42.0
55256,52.78,0.0,42.0
55257,45.9,0.0,42.0
55258,48.82,9.84,42.0
55260,50.0,0.0,42.0
55261,48.84,0.0,42.0
55262,49.84,16.67,42.0
55263,48.78,7.14,42.0
55264,49.92,7.72,42.0
55265,44.2,0.0,42.0
55266,50.88,14.29,42.0
55267,49.31,7.41,42.0
55268,50.54,2.74,42.0
55269,45.95,10.0,42.0
55270,56.0,0.0,42.0
55271,49.31,11.76,42.0
55272,49.92,2.62,42.0
55274,47.57,7.69,42.0
55275,51.76,0.0,42.0
55276,50.23,0.0,42.0
55278,52.58,0.0,42.0
55279,51.21,2.78,42.0
55280,50.91,20.0,42.0
55281,47.62,0.0,42.0
55282,51.81,20.0,42.0
55284,50.0,0.0,42.0
55285,48.59,6.67,42.0
55286,46.84,0.0,42.0
55288,52.67,6.67,42.0
55289,45.83,40.0,42.0
55290,43.48,0.0,42.0
55291,53.76,6.11,42.0
55292,50.26,6.67,42.0
55293,48.88,0.0,42.0
55295,48.0,0.0,42.0
55296,51.03,15.05,42.0
55297,40.59,0.0,42.0
55298,44.5,14.29,42.0
55299,53.33,10.0,42.0
55300,51.82,9.09,42.0
55301,50.41,7.14,42.0
55302,51.65,7.76,42.0
55303,46.75,12.5,42.0
55304,50.94,0.0,42.0
55306,46.15,0.0,42.0
55310,45.69,0.0,42.0
55311,37.93,0.0,42.0
55312,45.81,0.0,42.0
55313,53.73,0.0,42.0
55315,50.43,0.0,42.0
55316,50.23,0.0,42.0
55317,53.21,28.57,42.0
55320,46.48,40.0,42.0
55321,46.41,5.56,42.0
55322,50.0,0.0,42.0
55323,48.44,0.0,42.0
55324,49.97,13.93,42.0
55325,47.06,0.0,42.0
55326,49.07,8.33,42.0
55327,48.65,12.5,42.0
55328,49.03,0.0,42.0
55329,50.53,9.09,42.0
55330,41.38,0.0,42.0
55331,44.59,0.0,42.0
55332,49.93,0.0,42.0
55333,46.81,0.0,42.0
55334,50.56,9.09,42.0
55335,50.32,3.85,42.0
55336,47.02,5.88,42.0
55338,52.7,0.0,42.0
55339,44.0,16.67,42.0
55340,49.03,9.38,42.0
55341,46.43,0.0,42.0
55343,46.55,0.0,42.0
55344,55.56,0.0,42.0
55345,47.06,18.87,42.0
55346,50.35,5.26,42.0
55347,46.54,5.48,42.0
55348,48.51,6.06,42.0
55349,46.56,0.0,42.0
55350,47.3,0.0,42.0
55351,45.9,4.37,42.0
55352,49.6,0.0,42.0
55353,46.81,0.0,42.0
55355,47.68,0.0,42.0
55356,51.43,0.0,42.0
55357,46.73,10.0,42.0
55358,49.21,10.53,42.0
55359,48.54,4.35,42.0
55360,50.48,0.0,42.0
55361,52.34,0.0,42.0
55362,46.07,0.0,42.0
55363,48.39,7.14,42.0
55364,50.81,3.1,42.0
55365,50.72,12.5,42.0
55366,51.21,8.33,42.0
55367,50.74,0.0,42.0
55368,50.0,0.0,42.0
55369,50.31,5.0,42.0
55370,49.16,9.09,42.0
55371,44.78,20.0,42.0
55372,53.86,9.61,42.0
55373,45.78,0.0,42.0
55374,53.57,0.0,42.0
55375,46.03,16.67,42.0
55376,49.32,0.0,42.0
55377,51.81,0.0,42.0
55378,52.07,0.0,42.0
55379,50.0,0.0,42.0
55380,51.02,11.11,42.0
55381,51.7,0.0,42.0
55382,50.01,10.34,42.0
55383,51.29,5.26,42.0
55384,51.22,11.11,42.0
55385,50.19,3.28,42.0
55386,47.56,0.0,42.0
55387,51.02,0.0,42.0
55388,48.93,0.0,42.0
55389,50.43,0.0,42.0
55391,53.81,9.09,42.0
55395,48.21,0.0,42.0
55396,51.13,5.88,42.0
55397,51.33,0.0,42.0
55398,50.09,5.5,42.0
55399,49.55,30.0,42.0
55400,41.03,0.0,42.0
55401,51.45,6.07,42.0
55403,46.03,0.0,42.0
55404,51.31,14.29,42.0
55405,47.19,0.0,42.0
55406,50.5,9.09,42.0
55407,50.39,0.0,42.0
55408,48.54,0.0,42.0
55409,49.23,0.0,42.0
55410,47.71,0.0,42.0
55411,47.67,10.0,42.0
55412,51.55,6.25,42.0
55414,47.22,0.0,42.0
55415,44.19,11.11,42.0
55416,44.1,4.76,42.0
55419,48.67,0.0,42.0
55420,40.62,0.0,42.0
55421,44.44,0.0,42.0
55422,46.0,12.5,42.0
55423,51.19,6.22,42.0
55424,57.45,20.0,42.0
55425,45.24,12.5,42.0
55426,50.38,8.33,42.0
55427,48.58,4.27,42.0
55428,44.44,6.67,42.0
55429,48.98,0.0,42.0
55430,49.3,0.0,42.0
55431,45.61,20.0,42.0
55433,48.38,3.45,42.0
55434,44.9,0.0,42.0
55435,52.84,3.85,42.0
55436,42.86,0.0,42.0
55437,46.77,7.14,42.0
55438,51.18,13.33,42.0
55439,53.33,0.0,42.0
55442,47.72,8.33,42.0
55443,37.27,4.17,42.0
55444,51.28,4.76,42.0
55445,48.68,7.35,42.0
55446,45.35,8.33,42.0
55447,49.29,18.18,42.0
55448,50.0,0.0,42.0
55449,49.76,6.18,42.0
55450,54.9,0.0,42.0
55452,43.33,0.0,42.0
55453,57.38,0.0,42.0
55454,50.28,5.56,42.0
55456,56.16,4.17,42.0
55457,48.11,7.69,42.0
55458,50.1,5.26,42.0
55459,51.73,5.88,42.0
55460,50.0,0.0,42.0
55461,49.78,8.59,42.0
55462,48.25,18.38,42.0
55463,46.06,2.55,42.0
55464,45.03,0.0,42.0
55465,49.48,0.0,42.0
55466,50.43,0.0,42.0
55467,49.19,7.02,42.0
55468,53.12,10.0,42.0
55469,44.44,12.5,42.0
55470,47.15,10.1,42.0
55471,47.56,14.29,42.0
55472,47.41,0.0,42.0
55473,52.1,6.67,42.0
55474,55.39,9.52,42.0
55475,41.43,0.0,42.0
55476,48.76,16.67,42.0
55477,46.6,8.62,42.0
55479,51.53,0.0,42.0
55481,48.16,0.0,42.0
55482,50.0,0.0,42.0
55484,51.06,0.0,42.0
55485,50.0,33.33,42.0
55487,48.86,0.0,42.0
55488,52.05,10.0,42.0
55489,47.31,3.45,42.0
55490,52.82,0.0,42.0
55492,50.6,6.95,42.0
55493,46.99,0.0,42.0
55494,48.37,7.96,42.0
55495,48.76,7.14,42.0
55496,48.83,6.67,42.0
55497,48.59,12.16,42.0
55498,53.05,8.11,42.0
55500,50.87,6.03,42.0
55501,53.11,10.91,42.0
55502,51.27,7.89,42.0
55503,50.0,0.0,42.0
55504,49.87,18.18,42.0
55505,43.67,6.97,42.0
55506,48.39,0.0,42.0
55507,46.23,10.53,42.0
55508,49.02,9.09,42.0
55509,51.82,0.0,42.0
55510,44.8,15.38,42.0
55511,48.31,9.09,42.0
55512,51.22,0.0,42.0
55514,50.53,7.41,42.0
55515,47.89,0.0,42.0
55516,48.38,6.2,42.0
55517,52.63,16.41,42.0
55518,53.79,0.0,42.0
55519,49.15,2.15,42.0
55520,50.54,10.53,42.0
55521,47.66,0.0,42.0
55522,46.46,25.0,42.0
55523,47.15,10.0,42.0
55525,44.0,9.09,42.0
55526,50.65,4.17,42.0
55527,57.25,6.21,42.0
55528,38.78,0.0,42.0
55530,50.0,0.0,42.0
55531,50.72,8.33,42.0
55532,52.57,3.44,42.0
55533,50.94,3.38,42.0
55534,48.84,0.0,42.0
55535,46.84,0.0,42.0
55536,39.13,0.0,42.0
55537,48.1,11.11,42.0
55540,42.37,40.0,42.0
55541,51.61,18.0,42.0
55543,51.36,8.22,42.0
55544,43.05,0.0,42.0
55545,53.33,11.95,42.0
55546,47.15,15.0,42.0
55547,47.86,0.0,42.0
55549,51.9,0.0,42.0
55551,48.01,7.84,42.0
55552,47.19,0.0,42.0
55553,50.27,5.56,42.0
55554,44.97,4.35,42.0
55555,43.75,0.0,42.0
55556,46.94,0.0,42.0
55557,53.08,6.67,42.0
55559,47.83,0.0,42.0
55560,40.8,14.29,42.0
55561,47.06,0.0,42.0
55562,45.6,7.69,42.0
55563,49.3,0.0,42.0
55565,54.43,0.0,42.0
55566,47.18,3.7,42.0
55567,43.66,0.0,42.0
55568,53.75,18.77,42.0
55569,51.52,9.09,42.0
55570,49.01,4.76,42.0
55571,49.61,8.33,42.0
55572,50.57,10.0,42.0
55573,52.62,6.73,42.0
55574,52.27,0.0,42.0
55575,45.21,0.0,42.0
55577,42.37,0.0,42.0
55578,47.22,0.0,42.0
55579,46.67,0.0,42.0
55580,47.83,0.0,42.0
55581,47.75,8.33,42.0
55582,45.0,0.0,42.0
55583,53.11,6.67,42.0
55584,41.91,0.0,42.0
55586,49.55,0.0,42.0
56001,50.48,8.74,42.0
56002,50.62,10.1,42.0
56003,53.06,27.35,42.0
56004,49.95,7.2,42.0
56005,52.58,7.39,42.0
56006,51.02,5.11,42.0
56007,54.33,14.52,42.0
56008,51.37,19.58,42.0
56009,49.49,16.67,42.0
56010,50.57,8.54,42.0
56011,49.25,9.26,42.0
56012,45.64,24.87,42.0
56013,53.7,11.75,42.0
56014,52.52,5.62,42.0
56015,49.62,10.33,42.0
56017,49.21,5.31,42.0
56018,51.06,19.71,42.0
56019,50.45,0.0,42.0
56020,50.12,2.41,42.0
56021,50.0,9.6,42.0
56022,49.47,2.42,42.0
56023,51.54,12.36,42.0
56024,50.64,3.14,42.0
56025,46.5,10.0,42.0
56026,49.72,4.95,42.0
56027,50.37,4.96,42.0
56028,50.66,2.68,42.0
56029,49.17,9.32,42.0
56030,48.79,3.23,42.0
56031,49.94,7.83,42.0
56032,49.7,8.98,42.0
56033,50.88,7.27,42.0
56034,54.35,10.78,42.0
56035,50.13,9.52,42.0
56036,51.17,12.48,42.0
56039,50.63,6.54,42.0
56040,50.04,7.51,42.0
56041,51.15,6.55,42.0
56042,50.13,5.03,42.0
56043,50.72,14.55,42.0
56044,50.42,6.58,42.0
56045,48.06,11.71,42.0
56046,51.73,12.09,42.0
56047,49.61,1.47,42.0
56048,50.81,2.22,42.0
56050,49.17,9.89,42.0
56051,48.44,3.7,42.0
56052,53.15,11.03,42.0
56053,50.68,9.03,42.0
56054,51.65,10.89,42.0
56055,54.77,17.24,42.0
56056,50.25,0.0,42.0
56057,53.23,6.79,42.0
56058,50.83,6.23,42.0
56060,51.22,4.4,42.0
56061,51.83,7.5,42.0
56062,53.86,2.24,42.0
56063,51.96,10.67,42.0
56065,52.14,10.29,42.0
56066,50.97,4.74,42.0
56067,51.18,11.17,42.0
56068,49.58,8.25,42.0
56069,52.73,6.17,42.0
56070,50.28,6.63,42.0
56071,50.23,1.59,42.0
56072,51.25,3.85,42.0
56073,52.82,5.88,42.0
56074,48.11,6.32,42.0
56075,48.96,21.53,42.0
56076,48.92,2.64,42.0
56077,50.87,5.77,42.0
56078,51.39,18.72,42.0
56079,50.21,8.53,42.0
56080,52.25,0.94,42.0
56081,50.07,4.86,42.0
56082,48.95,0.0,42.0
56083,52.86,10.43,42.0
56084,48.43,12.94,42.0
56085,46.6,0.0,42.0
56086,49.22,5.07,42.0
56087,54.81,10.04,42.0
56088,49.53,15.38,42.0
56089,48.25,2.02,42.0
56090,50.35,7.9,42.0
56091,51.19,9.65,42.0
56092,48.72,2.78,42.0
56093,46.52,3.22,42.0
56094,50.08,11.65,42.0
56096,51.13,9.68,42.0
56097,49.88,9.32,42.0
56098,51.84,7.83,42.0
56099,53.47,2.94,42.0
56100,48.28,5.0,42.0
56101,49.85,7.69,42.0
56102,47.71,5.82,42.0
56103,48.39,3.84,42.0
56104,51.79,5.71,42.0
56105,49.97,1.08,42.0
56106,54.2,18.33,42.0
56107,53.72,28.69,42.0
56108,50.82,2.61,42.0
56109,49.36,5.22,42.0
56110,49.38,7.58,42.0
56111,50.3,2.93,42.0
56112,48.09,10.94,42.0
56113,50.3,5.97,42.0
56114,51.66,4.48,42.0
56115,49.76,4.9,42.0
56116,53.65,12.15,42.0
56117,50.92,9.66,42.0
56118,53.15,15.09,42.0
56119,50.61,9.4,42.0
56120,51.3,10.23,42.0
56121,52.4,13.74,42.0
56122,50.0,4.96,42.0
56123,50.56,7.77,42.0
56124,53.45,9.8,42.0
56125,48.51,5.73,42.0
56126,49.88,7.62,42.0
56127,51.8,4.85,42.0
56128,49.83,6.82,42.0
56129,50.17,3.94,42.0
56130,52.05,6.78,42.0
56131,48.61,3.25,42.0
56132,52.62,14.22,42.0
56133,49.08,4.63,42.0
56134,49.94,0.0,42.0
56135,50.74,6.47,42.0
56136,49.02,1.69,42.0
56137,49.91,10.16,42.0
56139,49.02,0.0,42.0
56140,49.65,5.98,42.0
56141,48.97,11.57,42.0
56143,53.01,7.26,42.0
56144,49.47,4.29,42.0
56145,50.55,6.6,42.0
56146,48.92,3.45,42.0
56147,51.09,9.11,42.0
56148,50.01,8.81,42.0
56149,50.25,6.37,42.0
56151,50.29,10.03,42.0
56152,51.86,9.99,42.0
56153,50.27,5.74,42.0
56154,52.65,10.14,42.0
56155,53.26,7.69,42.0
56156,49.19,2.94,42.0
56157,49.64,6.41,42.0
56158,52.88,10.69,42.0
56159,49.84,5.26,42.0
56160,47.54,3.45,42.0
56161,51.13,9.17,42.0
56162,51.8,18.77,42.0
56163,49.4,4.85,42.0
56164,51.61,17.67,42.0
56165,51.67,12.74,42.0
56166,50.7,6.06,42.0
56167,51.04,19.17,42.0
56168,50.95,12.65,42.0
56169,51.53,9.93,42.0
56170,51.74,4.74,42.0
56171,49.46,10.56,42.0
56172,49.78,2.81,42.0
56173,49.52,7.28,42.0
56174,53.28,6.04,42.0
56175,49.88,12.95,42.0
56176,51.81,14.41,42.0
56177,50.69,10.34,42.0
56178,52.42,11.8,42.0
56179,50.54,12.54,42.0
56180,49.13,9.68,42.0
56181,53.0,16.65,42.0
56182,49.19,8.05,42.0
56184,51.41,9.05,42.0
56185,50.83,11.23,42.0
56186,54.09,10.29,42.0
56188,50.08,9.78,42.0
56189,50.14,5.94,42.0
56190,50.63,5.65,42.0
56191,47.77,5.6,42.0
56193,53.08,11.26,42.0
56194,49.74,5.82,42.0
56195,53.92,13.14,42.0
56196,57.07,8.67,42.0
56197,50.69,6.32,42.0
56198,52.56,6.99,42.0
56199,48.64,6.45,42.0
56200,49.76,8.06,42.0
56201,47.79,3.85,42.0
56202,48.52,8.62,42.0
56203,47.84,14.73,42.0
56204,49.33,1.45,42.0
56205,51.68,15.27,42.0
56206,52.16,14.8,42.0
56207,46.37,7.84,42.0
56208,52.52,8.38,42.0
56209,48.04,18.75,42.0
56210,46.19,2.22,42.0
56211,48.29,8.71,42.0
56212,51.52,5.5,42.0
56213,50.65,1.49,42.0
56214,52.25,13.91,42.0
56215,49.31,3.6,42.0
56216,49.91,2.63,42.0
56218,51.66,1.61,42.0
56219,48.42,11.76,42.0
56220,50.15,10.66,42.0
56221,54.42,2.89,42.0
56222,52.37,4.21,42.0
56223,49.87,10.08,42.0
56224,51.54,3.37,42.0
56225,53.85,10.53,42.0
56226,46.33,12.79,42.0
56227,47.97,4.35,42.0
56228,49.56,8.19,42.0
56229,51.89,4.0,42.0
56230,46.83,0.0,42.0
56231,50.24,13.58,42.0
56232,50.28,5.05,42.0
56233,52.59,12.38,42.0
56234,52.9,9.27,42.0
56236,49.77,7.48,42.0
56237,49.96,7.07,42.0
56238,50.68,0.0,42.0
56239,51.19,8.27,42.0
56240,52.77,10.01,42.0
56241,49.76,5.43,42.0
56242,48.67,11.48,42.0
56243,53.74,19.48,42.0
56244,48.88,3.19,42.0
56245,47.17,7.93,42.0
56246,50.13,8.24,42.0
56247,50.6,8.88,42.0
56248,50.89,14.91,42.0
56249,51.29,10.29,42.0
56250,51.82,7.27,42.0
56251,52.19,12.89,42.0
56252,51.44,11.46,42.0
56253,49.93,9.09,42.0
56254,51.82,10.34,42.0
56255,50.55,8.02,42.0
56256,46.02,0.0,42.0
56257,52.17,0.0,42.0
56258,54.38,16.81,42.0
56259,48.48,6.82,42.0
56260,53.26,19.15,42.0
56261,49.56,6.16,42.0
56262,52.78,17.54,42.0
56263,55.2,14.82,42.0
56264,49.04,9.52,42.0
57001,50.31,8.08,42.0
57002,52.94,16.67,42.0
57003,49.4,9.24,42.0
57004,49.37,13.33,42.0
57006,48.35,6.86,42.0
57007,55.22,27.27,42.0
57008,51.35,0.0,42.0
57009,50.0,0.0,42.0
57010,47.03,5.88,42.0
57011,46.39,8.2,42.0
57012,51.11,8.18,42.0
57013,50.96,8.02,42.0
57014,50.27,21.05,42.0
57015,52.17,6.25,42.0
57016,51.84,8.33,42.0
57017,51.05,12.23,42.0
57018,48.48,11.11,42.0
57019,51.57,7.61,42.0
57020,48.83,6.06,42.0
57021,51.8,23.48,42.0
57022,49.92,10.17,42.0
57024,48.99,5.88,42.0
57025,48.75,8.51,42.0
57026,49.07,10.34,42.0
57027,56.59,0.0,42.0
57028,50.59,20.19,42.0
57029,47.91,12.0,42.0
57030,49.38,21.05,42.0
57031,48.29,28.74,42.0
57032,51.11,12.46,42.0
57033,51.12,8.62,42.0
57034,47.62,25.0,42.0
57035,46.96,0.0,42.0
57036,47.57,10.0,42.0
57037,50.17,3.45,42.0
57038,50.55,8.96,42.0
57039,50.96,17.46,42.0
57040,52.35,15.04,42.0
57041,51.02,5.61,42.0
57042,50.02,0.0,42.0
57043,51.18,10.53,42.0
57044,51.76,0.0,42.0
57045,53.1,0.0,42.0
57046,49.84,8.77,42.0
57047,50.68,8.65,42.0
57048,51.22,14.29,42.0
57049,53.77,19.38,42.0
57050,51.11,9.09,42.0
57051,51.36,5.55,42.0
57052,50.68,12.5,42.0
57053,47.66,0.0,42.0
57054,46.02,16.67,42.0
57055,49.42,10.28,42.0
57056,47.89,11.76,42.0
57057,51.81,15.16,42.0
57058,52.28,4.31,42.0
57059,49.12,0.0,42.0
57060,48.98,6.39,42.0
57061,51.12,11.4,42.0
57062,51.2,17.55,42.0
57063,50.0,12.5,42.0
57064,49.56,6.25,42.0
57065,48.26,8.7,42.0
57066,49.41,14.0,42.0
57067,50.19,15.89,42.0
57069,51.3,9.3,42.0
57070,52.48,0.0,42.0
57071,50.04,8.11,42.0
57072,49.82,8.62,42.0
57073,48.23,9.44,42.0
57074,48.79,13.56,42.0
57075,51.18,17.24,42.0
57076,49.77,14.29,42.0
57077,41.3,0.0,42.0
57079,50.63,0.0,42.0
57080,56.98,0.0,42.0
57081,53.04,0.0,42.0
57082,48.23,10.28,42.0
57083,51.01,6.31,42.0
57084,52.34,12.9,42.0
57085,51.29,12.18,42.0
57086,50.64,9.52,42.0
57087,51.69,3.7,42.0
57088,46.71,5.56,42.0
57089,45.55,5.84,42.0
57090,50.98,0.0,42.0
57091,49.62,12.61,42.0
57092,47.85,9.99,42.0
57093,51.14,14.58,42.0
57095,48.89,5.79,42.0
57096,50.39,6.85,42.0
57097,51.91,7.22,42.0
57098,51.69,4.76,42.0
57099,53.25,4.17,42.0
57100,43.43,22.22,42.0
57101,50.17,6.87,42.0
57102,49.92,14.05,42.0
57103,50.43,9.09,42.0
57104,49.23,17.04,42.0
57105,50.33,0.0,42.0
57106,49.5,12.27,42.0
57107,51.55,0.0,42.0
57108,47.63,0.0,42.0
57109,50.13,12.39,42.0
57110,50.83,5.16,42.0
57111,50.19,6.86,42.0
57112,38.27,0.0,42.0
57113,49.95,14.43,42.0
57114,49.68,19.51,42.0
57115,51.04,0.0,42.0
57116,45.54,0.0,42.0
57117,51.32,15.25,42.0
57118,49.7,21.05,42.0
57119,49.53,11.63,42.0
57120,47.15,0.0,42.0
57121,49.55,11.11,42.0
57122,49.37,5.04,42.0
57123,52.1,4.95,42.0
57124,50.62,13.57,42.0
57125,52.41,8.0,42.0
57126,50.2,0.0,42.0
57127,51.02,11.54,42.0
57128,51.58,16.0,42.0
57129,47.7,24.0,42.0
57130,47.14,33.33,42.0
57131,49.65,3.45,42.0
57132,51.84,5.58,42.0
57133,46.02,12.5,42.0
57134,51.92,17.19,42.0
57136,48.97,23.42,42.0
57137,51.28,17.33,42.0
57138,46.75,28.57,42.0
57139,51.11,14.85,42.0
57140,49.62,18.08,42.0
57141,50.56,20.0,42.0
57142,49.48,31.11,42.0
57143,51.72,9.21,42.0
57144,51.85,3.98,42.0
57145,49.22,16.6,42.0
57146,50.61,16.0,42.0
57147,52.03,21.08,42.0
57148,50.73,19.67,42.0
57149,49.01,6.25,42.0
57150,50.72,8.33,42.0
57151,47.06,0.0,42.0
57152,48.66,15.69,42.0
57153,51.65,20.81,42.0
57154,51.01,7.25,42.0
57155,50.25,18.93,42.0
57156,53.28,23.15,42.0
57158,48.25,16.67,42.0
57159,51.19,6.78,42.0
57160,52.4,7.05,42.0
57161,47.62,0.0,42.0
57162,53.47,17.0,42.0
57163,50.64,5.46,42.0
57165,50.22,12.7,42.0
57166,43.88,6.67,42.0
57167,49.84,7.89,42.0
57168,50.89,9.24,42.0
57169,51.88,11.38,42.0
57171,53.39,16.67,42.0
57172,46.9,7.14,42.0
57173,50.53,30.77,42.0
57174,50.0,0.0,42.0
57175,47.42,5.56,42.0
57176,50.66,12.75,42.0
57177,54.19,10.0,42.0
57178,49.58,0.0,42.0
57179,50.57,11.24,42.0
57180,50.88,2.35,42.0
57181,54.64,0.0,42.0
57182,50.54,8.33,42.0
57183,46.94,7.14,42.0
57186,50.47,2.34,42.0
57187,52.01,5.71,42.0
57188,48.98,5.26,42.0
57189,46.4,5.26,42.0
57190,51.07,0.0,42.0
57191,48.21,6.58,42.0
57192,50.06,11.45,42.0
57193,51.5,10.39,42.0
57194,50.0,22.05,42.0
57195,48.18,11.86,42.0
57196,49.07,9.76,42.0
57197,50.2,8.7,42.0
57198,51.56,7.69,42.0
57199,47.64,16.07,42.0
57200,48.13,20.0,42.0
57201,48.21,8.33,42.0
57202,50.7,15.79,42.0
57203,47.55,13.64,42.0
57204,48.87,20.0,42.0
57205,51.16,6.82,42.0
57206,52.96,5.93,42.0
57207,52.74,1.7,42.0
57208,50.01,2.5,42.0
57209,52.55,6.23,42.0
57210,52.52,16.0,42.0
57211,49.95,22.33,42.0
57212,48.93,21.82,42.0
57213,48.5,6.67,42.0
57214,47.48,20.0,42.0
57215,49.06,5.71,42.0
57216,50.38,5.88,42.0
57217,50.95,9.16,42.0
57218,52.02,13.89,42.0
57219,53.35,14.29,42.0
57220,50.37,25.0,42.0
57221,52.31,6.18,42.0
57222,53.04,10.57,42.0
57224,51.05,4.61,42.0
57225,48.94,6.25,42.0
57226,51.37,5.84,42.0
57227,51.69,8.36,42.0
57228,47.64,0.0,42.0
57229,47.02,0.0,42.0
57230,48.21,20.21,42.0
57231,42.11,0.0,42.0
57232,48.48,7.89,42.0
57233,48.75,14.29,42.0
57234,54.26,6.25,42.0
57235,48.93,4.95,42.0
57236,45.45,0.0,42.0
57237,53.35,16.13,42.0
57238,47.37,18.7,42.0
57239,51.34,9.3,42.0
57240,52.45,4.53,42.0
57241,46.99,5.88,42.0
57242,52.21,5.89,42.0
57244,50.35,2.35,42.0
57245,48.66,18.97,42.0
57246,47.45,5.26,42.0
57247,55.56,0.0,42.0
57248,51.58,16.67,42.0
57249,50.15,3.85,42.0
57250,50.54,5.84,42.0
57251,47.28,10.0,42.0
57252,48.02,7.55,42.0
57253,49.71,5.56,42.0
57254,50.48,20.35,42.0
57255,51.42,9.26,42.0
57256,50.73,10.2,42.0
57257,54.0,20.0,42.0
57258,54.24,7.14,42.0
57259,48.23,5.88,42.0
57260,50.75,15.84,42.0
57261,48.78,7.41,42.0
57262,49.84,4.59,42.0
57263,50.42,14.49,42.0
57264,46.35,16.28,42.0
57265,48.28,0.0,42.0
57266,45.75,5.88,42.0
57267,51.75,13.25,42.0
57268,54.4,0.0,42.0
57269,52.58,6.97,42.0
57270,48.46,4.44,42.0
57271,50.45,14.52,42.0
57272,52.63,0.0,42.0
57273,47.14,4.69,42.0
57274,52.76,3.45,42.0
57275,49.64,2.2,42.0
57276,48.7,7.89,42.0
57277,44.9,5.26,42.0
57278,54.1,0.0,42.0
57280,48.88,5.52,42.0
57281,51.07,5.56,42.0
57282,47.26,24.44,42.0
57283,51.94,13.62,42.0
57284,51.52,0.0,42.0
57286,45.93,15.0,42.0
57287,52.07,13.33,42.0
57288,51.06,6.25,42.0
57289,50.61,10.54,42.0
57290,49.7,7.14,42.0
57291,51.34,10.34,42.0
57292,33.33,0.0,42.0
57293,47.03,3.33,42.0
57294,51.61,9.52,42.0
57295,49.55,0.0,42.0
57296,51.14,3.96,42.0
57297,48.09,7.69,42.0
57298,52.89,11.83,42.0
57299,49.53,6.96,42.0
57300,49.49,11.54,42.0
57301,46.15,9.09,42.0
57302,49.37,5.0,42.0
57303,49.45,4.1,42.0
57304,48.34,2.86,42.0
57305,49.45,6.0,42.0
57306,50.87,5.85,42.0
57307,49.8,19.23,42.0
57308,55.03,0.0,42.0
57309,48.48,8.89,42.0
57310,51.04,9.09,42.0
57311,49.52,6.12,42.0
57312,51.81,13.73,42.0
57313,50.35,17.05,42.0
57314,49.29,2.13,42.0
57315,49.22,4.92,42.0
57316,50.15,5.46,42.0
57317,53.85,11.11,42.0
57318,46.98,4.0,42.0
57319,48.7,8.33,42.0
57320,48.63,14.29,42.0
57321,50.39,6.43,42.0
57322,51.5,15.92,42.0
57323,50.03,18.38,42.0
57324,51.04,13.04,42.0
57325,51.75,5.06,42.0
57326,50.24,13.51,42.0
57328,52.81,0.0,42.0
57329,53.26,0.0,42.0
57330,50.55,10.62,42.0
57331,49.02,5.75,42.0
57332,52.04,5.43,42.0
57333,49.98,12.33,42.0
57334,52.75,3.23,42.0
57335,44.8,0.0,42.0
57336,51.31,3.44,42.0
57337,49.72,6.33,42.0
57338,50.3,3.85,42.0
57339,49.45,13.16,42.0
57340,50.11,7.87,42.0
57341,50.36,19.72,42.0
57342,46.67,0.0,42.0
57343,51.11,13.14,42.0
57344,50.76,8.96,42.0
57345,48.25,16.31,42.0
57346,49.42,6.98,42.0
57347,53.8,11.11,42.0
57348,50.39,7.59,42.0
57349,46.62,20.0,42.0
57350,53.04,20.83,42.0
57351,50.25,14.53,42.0
57352,49.36,33.52,42.0
57353,47.22,0.0,42.0
57354,49.32,7.69,42.0
57355,49.21,7.15,42.0
57356,50.97,21.67,42.0
57357,50.14,2.43,42.0
57358,49.98,11.77,42.0
57359,44.32,16.67,42.0
57360,52.25,18.18,42.0
57361,48.93,16.07,42.0
57362,53.12,0.0,42.0
57364,47.46,10.34,42.0
57365,49.48,16.92,42.0
57366,54.17,11.76,42.0
57367,52.28,4.0,42.0
57368,49.75,6.46,42.0
57370,49.8,9.13,42.0
57371,49.18,11.29,42.0
57372,51.72,15.87,42.0
57373,48.96,5.43,42.0
57374,51.37,5.88,42.0
57375,50.83,8.33,42.0
57376,51.51,10.26,42.0
57377,55.02,8.0,42.0
57379,52.35,0.0,42.0
57380,50.96,0.0,42.0
57381,48.79,7.69,42.0
57382,49.92,5.08,42.0
57383,49.38,0.0,42.0
57384,46.67,7.94,42.0
57385,51.15,26.32,42.0
57386,49.89,15.38,42.0
57387,50.58,10.0,42.0
57388,47.72,3.7,42.0
57389,51.68,12.04,42.0
57390,50.01,5.72,42.0
57391,42.37,0.0,42.0
57392,50.25,7.69,42.0
57393,50.0,5.56,42.0
57394,51.02,5.88,42.0
57395,52.45,10.0,42.0
57396,51.69,26.6,42.0
57397,54.13,0.0,42.0
57398,50.39,14.8,42.0
57399,48.35,0.0,42.0
57401,49.41,0.0,42.0
57402,51.28,0.0,42.0
57403,49.59,14.29,42.0
57404,48.49,15.0,42.0
57405,48.94,0.0,42.0
57406,44.76,25.0,42.0
57407,50.39,7.5,42.0
57408,49.91,9.89,42.0
57409,50.22,13.79,42.0
57410,54.01,0.0,42.0
57411,50.59,8.34,42.0
57412,52.04,19.87,42.0
57413,51.55,12.05,42.0
57414,50.08,3.98,42.0
57415,51.03,31.2,42.0
57416,50.29,19.67,42.0
57417,54.93,0.0,42.0
57418,51.47,6.9,42.0
57419,49.08,14.63,42.0
57421,50.34,23.53,42.0
57422,49.45,10.46,42.0
57423,47.76,25.0,42.0
57424,48.66,12.0,42.0
57425,48.4,5.26,42.0
57426,50.25,19.1,42.0
57427,50.09,14.0,42.0
57428,51.61,13.92,42.0
57430,48.09,14.17,42.0
57431,48.46,20.53,42.0
57433,51.03,9.25,42.0
57434,49.77,2.33,42.0
57436,54.26,35.71,42.0
57437,49.56,19.35,42.0
57438,46.74,21.05,42.0
57439,48.84,12.48,42.0
57440,48.95,0.0,42.0
57441,52.42,18.39,42.0
57442,50.2,11.54,42.0
57443,51.16,12.11,42.0
57444,46.9,18.92,42.0
57445,48.35,33.85,42.0
57446,50.94,50.0,42.0
57447,51.97,24.11,42.0
57448,49.4,0.0,42.0
57449,51.62,31.58,42.0
57451,50.3,0.0,42.0
57452,48.38,21.67,42.0
57453,49.03,12.59,42.0
57454,50.31,24.04,42.0
57455,48.25,0.0,42.0
57456,51.59,7.48,42.0
57457,51.06,0.0,42.0
57459,43.79,8.33,42.0
57460,51.79,8.63,42.0
57461,48.93,4.65,42.0
57462,51.17,6.82,42.0
57463,50.7,18.55,42.0
57464,50.54,11.46,42.0
57465,48.82,12.3,42.0
57466,49.88,1.28,42.0
57467,49.43,30.77,42.0
57468,49.53,10.81,42.0
57469,48.71,13.15,42.0
57471,54.2,18.18,42.0
57472,48.98,23.08,42.0
57473,50.79,14.29,42.0
57474,50.74,8.13,42.0
57475,50.71,21.82,42.0
57476,49.63,12.5,42.0
57477,50.23,5.92,42.0
57478,51.72,12.5,42.0
57479,49.35,8.08,42.0
57480,53.27,15.57,42.0
57481,51.06,5.98,42.0
57482,50.79,22.18,42.0
57483,51.86,5.4,42.0
57484,52.16,7.69,42.0
57485,48.57,9.09,42.0
57486,49.59,36.36,42.0
57487,53.28,17.92,42.0
57488,51.75,1.89,42.0
57489,47.62,5.56,42.0
57490,53.34,3.14,42.0
57491,51.32,4.87,42.0
57492,51.66,7.23,42.0
57493,51.18,0.0,42.0
57494,43.79,4.76,42.0
57495,51.3,15.38,42.0
57496,51.52,3.27,42.0
57497,48.33,13.64,42.0
57498,51.39,9.72,42.0
57499,49.64,18.52,42.0
57500,55.88,0.0,42.0
57501,43.75,0.0,42.0
57502,50.91,6.33,42.0
57504,48.51,4.0,42.0
57505,52.86,5.41,42.0
57506,44.07,7.69,42.0
57507,53.13,7.69,42.0
57508,52.06,6.21,42.0
57509,51.76,13.97,42.0
57510,50.85,17.31,42.0
57511,48.04,27.82,42.0
57512,50.42,16.82,42.0
57513,47.33,6.25,42.0
57514,49.85,7.89,42.0
57515,50.33,12.75,42.0
57516,48.02,0.0,42.0
57517,46.6,2.78,42.0
57518,51.27,10.53,42.0
57519,51.66,0.0,42.0
57520,45.0,33.33,42.0
57521,50.18,23.61,42.0
57524,48.84,7.69,42.0
57525,50.91,33.33,42.0
57526,51.03,2.63,42.0
57527,53.13,11.11,42.0
57528,47.52,0.0,42.0
57529,51.79,4.23,42.0
57530,48.93,4.76,42.0
57531,50.16,1.41,42.0
57532,50.65,10.71,42.0
57533,50.18,18.97,42.0
57534,50.65,20.9,42.0
57535,50.05,6.52,42.0
57536,53.7,0.0,42.0
57537,51.83,6.24,42.0
57538,49.66,22.22,42.0
57539,39.13,0.0,42.0
57540,50.75,11.6,42.0
57541,49.92,7.35,42.0
57542,49.16,11.57,42.0
57543,49.76,15.46,42.0
57544,51.05,12.43,42.0
57545,51.07,33.76,42.0
57546,50.88,28.24,42.0
57547,50.55,24.59,42.0
57548,49.89,10.0,42.0
57549,49.67,8.34,42.0
57550,50.71,12.44,42.0
57551,51.52,5.26,42.0
57552,50.81,9.09,42.0
57553,49.27,24.59,42.0
57554,48.29,22.39,42.0
57555,53.47,16.67,42.0
57556,51.33,5.63,42.0
57557,48.8,15.39,42.0
57558,51.95,0.0,42.0
57559,52.94,15.0,42.0
57560,49.97,5.71,42.0
57561,49.62,1.12,42.0
57562,52.83,12.68,42.0
57563,48.85,4.76,42.0
57564,50.54,0.0,42.0
57565,48.76,16.19,42.0
57566,51.04,8.81,42.0
57567,48.98,0.0,42.0
57568,51.15,7.2,42.0
57569,50.01,4.01,42.0
57570,51.44,13.51,42.0
57571,49.43,18.75,42.0
57572,52.75,13.9,42.0
57573,55.12,20.0,42.0
57574,48.08,23.99,42.0
57575,51.85,15.76,42.0
57576,49.12,11.25,42.0
57577,52.79,5.15,42.0
57578,47.73,6.02,42.0
57579,45.31,11.9,42.0
57580,52.41,0.0,42.0
57581,51.41,12.5,42.0
57582,51.0,7.66,42.0
57583,43.48,7.14,42.0
57584,49.17,8.96,42.0
57586,49.77,17.65,42.0
57587,49.19,13.64,42.0
57588,49.53,25.38,42.0
57589,51.05,10.54,42.0
57590,46.72,12.12,42.0
57591,52.47,8.35,42.0
57592,50.3,2.63,42.0
57593,51.04,7.77,42.0
57594,50.0,0.0,42.0
57595,47.92,16.67,42.0
57596,50.93,3.92,42.0
57597,50.89,5.02,42.0
57598,51.6,9.47,42.0
57599,51.1,9.3,42.0
57600,49.37,20.28,42.0
57601,52.08,25.85,42.0
57602,50.13,19.42,42.0
57603,49.09,10.45,42.0
57604,53.52,26.65,42.0
57605,50.51,18.75,42.0
57606,52.74,10.82,42.0
57607,50.41,15.3,42.0
57609,58.27,9.09,42.0
57610,51.15,2.94,42.0
57611,52.36,4.55,42.0
57612,44.59,28.0,42.0
57613,65.52,9.52,42.0
57614,31.5,2.19,42.0
57615,52.0,11.14,42.0
57616,51.99,21.61,42.0
57617,48.0,10.0,42.0
57618,52.25,15.52,42.0
57619,50.1,4.02,42.0
57620,51.83,9.32,42.0
57621,53.21,0.0,42.0
57622,52.22,16.67,42.0
57623,55.2,11.79,42.0
57624,52.52,36.36,42.0
57625,51.38,5.88,42.0
57626,50.69,10.42,42.0
57627,49.76,4.35,42.0
57628,51.55,5.4,42.0
57629,51.99,4.53,42.0
57630,49.02,8.34,42.0
57631,52.18,11.32,42.0
57633,50.98,5.36,42.0
57634,50.84,24.12,42.0
57635,51.12,11.34,42.0
57636,52.84,18.42,42.0
57637,47.92,9.09,42.0
57638,50.81,5.12,42.0
57639,48.12,6.52,42.0
57640,49.24,6.0,42.0
57641,47.34,6.67,42.0
57642,52.87,28.3,42.0
57643,48.76,9.52,42.0
57644,52.35,9.69,42.0
57645,52.72,21.74,42.0
57647,52.67,5.98,42.0
57648,49.07,5.26,42.0
57649,49.91,34.88,42.0
57650,47.98,9.89,42.0
57651,50.09,7.98,42.0
57652,49.68,28.89,42.0
57653,58.82,20.0,42.0
57654,50.43,21.43,42.0
57655,48.47,9.57,42.0
57656,49.48,7.36,42.0
57657,40.0,0.0,42.0
57658,51.17,9.37,42.0
57659,50.66,16.86,42.0
57660,51.55,4.86,42.0
57661,50.6,0.0,42.0
57662,47.37,0.0,42.0
57663,51.8,8.11,42.0
57664,44.26,20.0,42.0
57665,50.4,10.94,42.0
57666,51.97,11.86,42.0
57667,51.88,5.15,42.0
57668,51.03,8.13,42.0
57669,51.61,8.22,42.0
57670,49.24,6.67,42.0
57671,47.37,7.14,42.0
57672,51.15,17.66,42.0
57673,49.02,33.33,42.0
57674,50.29,5.26,42.0
57675,44.92,7.14,42.0
57676,47.13,0.0,42.0
57677,51.38,13.27,42.0
57678,51.3,14.89,42.0
57679,49.12,12.73,42.0
57680,49.61,7.87,42.0
57681,50.44,2.94,42.0
57683,50.86,5.82,42.0
57684,51.04,14.55,42.0
57685,48.51,5.88,42.0
57686,48.72,8.33,42.0
57687,47.89,7.69,42.0
57689,48.59,13.89,42.0
57690,51.92,9.99,42.0
57691,51.16,14.71,42.0
57692,47.83,0.0,42.0
57693,53.86,33.78,42.0
57694,53.98,38.71,42.0
57695,46.94,23.12,42.0
57696,51.15,8.33,42.0
57697,50.64,7.46,42.0
57698,49.76,6.91,42.0
57700,52.77,5.71,42.0
57701,50.15,31.81,42.0
57702,57.34,16.67,42.0
57703,48.22,4.55,42.0
57704,48.78,6.78,42.0
57705,50.52,0.0,42.0
57706,52.46,0.0,42.0
57707,47.46,7.37,42.0
57708,51.2,15.73,42.0
57709,50.62,9.09,42.0
57711,49.41,7.07,42.0
57712,51.92,5.13,42.0
57713,48.79,0.0,42.0
57714,50.81,15.85,42.0
57715,50.91,5.72,42.0
57716,50.29,18.24,42.0
57717,51.08,15.79,42.0
57718,45.33,4.76,42.0
57719,45.12,0.0,42.0
57720,48.08,12.64,42.0
57721,53.6,3.12,42.0
57723,48.67,11.11,42.0
57724,49.77,10.25,42.0
57725,47.47,15.38,42.0
57726,51.17,5.37,42.0
57727,44.07,30.77,42.0
57728,50.36,9.38,42.0
57730,50.52,0.0,42.0
57731,50.77,18.76,42.0
57732,52.64,12.9,42.0
57733,49.22,16.76,42.0
57734,50.76,5.0,42.0
57736,51.03,13.56,42.0
57737,40.62,0.0,42.0
57738,48.86,2.86,42.0
57739,48.18,17.07,42.0
57740,47.8,10.74,42.0
57741,50.82,4.36,42.0
57742,50.31,8.26,42.0
57743,49.34,17.39,42.0
57745,49.85,16.99,42.0
57746,51.28,11.81,42.0
57747,51.15,6.06,42.0
57748,51.17,4.04,42.0
57749,53.85,14.29,42.0
57750,49.77,7.41,42.0
57751,51.83,7.65,42.0
57752,51.31,7.72,42.0
57753,47.46,0.0,42.0
57754,46.79,10.0,42.0
57755,47.47,0.0,42.0
57756,49.14,6.58,42.0
57757,51.64,14.39,42.0
57759,50.0,25.0,42.0
57760,50.76,10.55,42.0
57761,51.18,6.08,42.0
57762,49.43,4.54,42.0
57763,44.19,0.0,42.0
57764,49.65,16.92,42.0
57765,52.57,6.94,42.0
57767,51.58,17.12,42.0
58001,49.04,0.0,42.0
58002,49.51,3.57,42.0
58003,50.71,5.2,42.0
58004,49.73,6.25,42.0
58005,47.96,11.76,42.0
58006,47.52,4.65,42.0
58007,47.79,6.25,42.0
58008,49.7,5.56,42.0
58009,49.59,20.0,42.0
58010,51.41,4.79,42.0
58011,47.5,8.33,42.0
58012,49.66,13.46,42.0
58013,47.78,28.57,42.0
58014,49.99,40.0,42.0
58015,50.0,9.09,42.0
58016,49.65,0.0,42.0
58017,47.29,0.0,42.0
58018,57.5,0.0,42.0
58019,48.81,11.11,42.0
58020,48.86,10.34,42.0
58021,51.93,4.17,42.0
58023,44.81,18.75,42.0
58024,44.66,4.59,42.0
58025,47.53,7.69,42.0
58026,53.19,0.0,42.0
58027,50.42,0.0,42.0
58028,49.15,15.38,42.0
58029,49.38,0.0,42.0
58030,53.14,4.17,42.0
58031,51.22,7.14,42.0
58032,51.85,3.7,42.0
58033,49.52,3.85,42.0
58034,50.82,0.0,42.0
58035,52.6,19.24,42.0
58036,51.56,4.88,42.0
58037,53.2,12.88,42.0
58038,48.7,7.14,42.0
58039,53.17,0.0,42.0
58040,53.47,9.09,42.0
58041,48.52,6.25,42.0
58042,50.0,14.29,42.0
58043,48.15,0.0,42.0
58044,50.51,1.39,42.0
58045,51.01,0.0,42.0
58046,52.26,5.23,42.0
58047,47.14,7.69,42.0
58048,45.61,10.0,42.0
58049,56.63,25.0,42.0
58050,47.83,50.0,42.0
58051,50.69,11.09,42.0
58052,49.09,0.0,42.0
58053,51.71,17.64,42.0
58054,53.85,0.0,42.0
58055,51.65,2.76,42.0
58056,50.64,16.83,42.0
58057,48.9,5.95,42.0
58058,46.08,8.33,42.0
58059,54.31,7.9,42.0
58060,46.86,4.08,42.0
58061,41.6,0.0,42.0
58062,52.51,13.76,42.0
58063,50.63,4.76,42.0
58064,48.2,4.81,42.0
58065,53.33,19.64,42.0
58066,50.0,0.0,42.0
58067,49.27,6.77,42.0
58068,51.53,15.0,42.0
58069,48.46,0.0,42.0
58070,52.46,16.67,42.0
58071,52.9,0.0,42.0
58072,49.35,7.18,42.0
58073,44.74,0.0,42.0
58074,54.39,4.55,42.0
58075,51.15,26.67,42.0
58076,46.91,37.5,42.0
58077,48.32,9.09,42.0
58078,51.85,0.0,42.0
58079,53.49,2.53,42.0
58080,50.63,0.0,42.0
58081,47.97,8.06,42.0
58082,48.65,8.73,42.0
58083,55.11,11.3,42.0
58084,51.72,0.0,42.0
58085,50.36,11.47,42.0
58086,54.19,8.47,42.0
58087,49.77,7.81,42.0
58088,53.97,15.52,42.0
58089,53.01,37.99,42.0
58090,48.93,0.0,42.0
58092,56.14,3.23,42.0
58093,51.67,11.11,42.0
58094,50.6,4.09,42.0
58095,53.91,6.63,42.0
58096,50.15,16.33,42.0
58097,51.09,14.29,42.0
58098,50.94,0.0,42.0
58099,49.07,5.26,42.0
58101,53.89,9.09,42.0
58102,53.76,7.41,42.0
58103,48.1,5.13,42.0
58104,51.69,9.3,42.0
58105,48.18,6.45,42.0
58106,50.55,7.69,42.0
58107,46.75,8.33,42.0
58108,48.61,0.0,42.0
58109,51.98,8.48,42.0
58110,51.98,0.0,42.0
58111,50.96,0.0,42.0
58112,49.44,4.55,42.0
58113,51.09,37.5,42.0
58114,43.01,0.0,42.0
58115,48.25,10.0,42.0
58116,51.54,0.0,42.0
58117,54.35,3.39,42.0
58118,51.33,4.88,42.0
58119,53.16,0.0,42.0
58120,49.42,0.0,42.0
58121,51.14,5.05,42.0
58122,47.07,5.26,42.0
58123,46.28,23.08,42.0
58124,50.71,7.79,42.0
58125,53.33,33.33,42.0
58126,48.07,5.45,42.0
58127,47.87,0.0,42.0
58128,50.57,25.0,42.0
58129,43.38,5.26,42.0
58130,48.39,25.0,42.0
58131,52.87,12.79,42.0
58132,50.66,0.0,42.0
58133,45.83,20.0,42.0
58134,50.63,4.43,42.0
58135,50.0,0.0,42.0
58136,53.03,0.0,42.0
58137,41.67,0.0,42.0
58138,50.44,5.56,42.0
58139,53.97,0.0,42.0
58140,51.96,6.88,42.0
58141,50.82,0.0,42.0
58142,48.96,0.0,42.0
58143,51.9,0.0,42.0
58144,50.15,7.41,42.0
58145,51.78,6.03,42.0
58146,51.03,3.53,42.0
58147,46.94,23.81,42.0
58148,51.5,3.23,42.0
58149,53.24,7.03,42.0
58150,47.62,11.11,42.0
58151,52.15,6.07,42.0
58152,50.82,9.02,42.0
58153,54.29,0.0,42.0
58154,52.14,0.0,42.0
58155,48.92,4.44,42.0
58156,48.2,7.69,42.0
58157,49.13,9.58,42.0
58158,49.67,6.45,42.0
58159,49.99,10.0,42.0
58160,51.56,14.33,42.0
58161,50.0,11.11,42.0
58162,50.0,11.11,42.0
58163,49.38,16.67,42.0
58164,49.27,2.87,42.0
58165,51.69,9.09,42.0
58166,49.27,7.27,42.0
58168,50.24,12.5,42.0
58169,40.0,0.0,42.0
58170,53.85,0.0,42.0
58171,51.25,17.65,42.0
58172,54.39,0.0,42.0
58173,52.56,0.0,42.0
58174,48.12,0.0,42.0
58175,50.96,0.0,42.0
58176,48.34,7.69,42.0
58177,51.09,10.0,42.0
58178,48.03,0.0,42.0
58179,48.14,0.0,42.0
58180,50.09,14.63,42.0
58181,56.15,37.5,42.0
58182,54.06,3.81,42.0
58183,53.41,0.0,42.0
58184,52.43,0.0,42.0
58185,51.91,14.29,42.0
58186,45.61,18.18,42.0
58187,52.43,5.45,42.0
58188,49.56,33.33,42.0
58189,51.89,5.22,42.0
58190,44.83,0.0,42.0
58191,47.17,0.0,42.0
58192,52.91,6.67,42.0
58193,50.81,14.3,42.0
58194,53.52,14.23,42.0
58195,50.37,5.0,42.0
58196,45.14,5.0,42.0
58197,50.89,0.0,42.0
58198,48.84,9.92,42.0
58199,52.47,0.0,42.0
58200,53.02,0.0,42.0
58201,48.25,0.0,42.0
58202,51.85,0.0,42.0
58203,50.0,20.0,42.0
58204,47.58,12.06,42.0
58205,50.14,7.5,42.0
58206,55.88,0.0,42.0
58207,48.91,12.93,42.0
58208,49.48,5.48,42.0
58209,44.87,20.0,42.0
58210,48.93,0.0,42.0
58211,48.03,10.0,42.0
58212,49.07,3.57,42.0
58213,47.12,4.56,42.0
58214,51.34,8.85,42.0
58215,52.99,9.68,42.0
58216,46.27,0.0,42.0
58217,51.0,0.0,42.0
58218,51.39,5.04,42.0
58219,48.25,6.25,42.0
58220,51.68,6.45,42.0
58221,45.22,9.09,42.0
58222,50.0,0.0,42.0
58223,49.08,4.95,42.0
58224,50.59,11.11,42.0
58225,51.37,14.29,42.0
58226,48.95,0.0,42.0
58227,55.82,7.8,42.0
58228,51.4,0.0,42.0
58229,48.71,6.25,42.0
58230,48.53,0.0,42.0
58231,47.49,0.0,42.0
58232,52.98,10.13,42.0
58233,45.6,0.0,42.0
58234,46.99,0.0,42.0
58235,52.38,23.53,42.0
58236,50.71,8.33,42.0
58237,48.28,0.0,42.0
58238,50.51,12.77,42.0
58239,52.2,9.09,42.0
58240,48.72,57.14,42.0
58241,51.13,10.71,42.0
58242,53.77,0.0,42.0
58243,46.09,7.69,42.0
58244,49.89,12.5,42.0
58245,50.54,15.0,42.0
58246,51.08,7.48,42.0
58247,48.97,10.42,42.0
58248,47.65,8.33,42.0
58249,46.85,6.44,42.0
58250,50.63,4.26,42.0
58251,52.07,7.89,42.0
58252,48.0,0.0,42.0
58253,52.33,12.5,42.0
58254,49.73,15.74,42.0
58255,47.52,8.0,42.0
58256,49.7,6.09,42.0
58257,43.75,16.67,42.0
58258,49.17,1.64,42.0
58259,51.08,0.0,42.0
58260,49.88,9.38,42.0
58261,53.03,5.29,42.0
58262,47.45,0.0,42.0
58263,50.0,0.0,42.0
58264,51.93,4.86,42.0
58265,51.49,0.0,42.0
58266,48.17,0.0,42.0
58267,52.57,1.75,42.0
58268,48.17,0.0,42.0
58269,50.43,8.81,42.0
58270,50.16,4.04,42.0
58271,54.22,0.0,42.0
58272,43.36,0.0,42.0
58273,50.96,8.27,42.0
58274,50.43,0.0,42.0
58275,49.26,0.0,42.0
58276,46.67,11.22,42.0
58277,51.83,5.56,42.0
58278,50.76,9.79,42.0
58279,50.29,0.0,42.0
58280,49.11,12.73,42.0
58281,52.17,10.87,42.0
58282,48.68,4.59,42.0
58283,54.05,0.0,42.0
58284,57.14,0.0,42.0
58285,50.32,0.0,42.0
58286,52.51,2.38,42.0
58287,51.09,7.69,42.0
58288,53.91,10.0,42.0
58289,49.1,0.0,42.0
58290,47.62,20.0,42.0
58291,51.92,18.75,42.0
58292,49.09,7.69,42.0
58293,47.38,5.68,42.0
58294,48.39,14.29,42.0
58295,49.56,1.23,42.0
58296,46.21,0.0,42.0
58297,48.36,5.26,42.0
58298,49.2,4.54,42.0
58299,52.19,0.0,42.0
58300,49.05,10.95,42.0
58301,49.1,0.0,42.0
58302,50.25,9.86,42.0
58303,54.37,9.31,42.0
58304,52.69,5.16,42.0
58305,50.75,37.5,42.0
58306,51.81,12.0,42.0
58307,47.46,0.0,42.0
58308,40.98,0.0,42.0
58309,49.15,13.79,42.0
58310,48.88,0.0,42.0
58311,50.01,4.55,42.0
58312,44.61,11.45,42.0
58313,52.48,0.0,42.0
59001,48.38,2.27,42.0
59002,52.4,6.54,42.0
59003,52.87,6.25,42.0
59004,49.85,23.66,42.0
59005,51.45,18.54,42.0
59006,50.49,20.0,42.0
59007,50.61,10.81,42.0
59008,52.67,3.69,42.0
59009,51.22,24.58,42.0
59010,53.73,0.0,42.0
59011,47.83,14.4,42.0
59012,51.69,6.5,42.0
59013,50.7,22.7,42.0
59014,51.97,7.11,42.0
59015,53.23,8.35,42.0
59016,50.61,11.49,42.0
59017,51.44,9.02,42.0
59018,52.63,14.43,42.0
59019,50.16,20.49,42.0
59021,52.95,9.7,42.0
59022,50.73,24.23,42.0
59023,52.0,12.01,42.0
59024,51.86,4.11,42.0
59025,50.57,19.05,42.0
59026,50.12,8.08,42.0
59027,51.45,24.26,42.0
59028,51.94,4.35,42.0
59029,50.04,24.49,42.0
59031,48.61,10.0,42.0
59032,50.03,11.09,42.0
59033,52.12,6.11,42.0
59034,50.59,25.45,42.0
59035,53.57,2.53,42.0
59036,51.84,5.56,42.0
59037,50.18,7.9,42.0
59038,50.43,10.14,42.0
59039,49.54,16.85,42.0
59041,51.33,5.84,42.0
59042,50.7,24.53,42.0
59043,52.01,10.65,42.0
59044,51.47,24.3,42.0
59045,54.43,5.26,42.0
59046,47.86,11.43,42.0
59047,50.05,3.7,42.0
59048,49.1,17.14,42.0
59049,46.68,18.28,42.0
59050,45.3,9.52,42.0
59051,52.16,10.8,42.0
59052,52.41,8.62,42.0
59053,53.28,5.46,42.0
59054,49.67,8.7,42.0
59055,49.36,8.51,42.0
59056,51.58,30.0,42.0
59057,47.2,16.33,42.0
59058,50.27,8.25,42.0
59059,53.39,4.44,42.0
59060,51.07,8.7,42.0
59061,48.88,19.21,42.0
59062,49.69,11.11,42.0
59063,51.68,6.13,42.0
59064,51.83,10.78,42.0
59065,50.12,11.69,42.0
59066,48.45,18.18,42.0
59067,54.3,10.59,42.0
59068,50.9,10.42,42.0
59069,50.43,14.19,42.0
59071,49.63,22.79,42.0
59072,51.06,12.5,42.0
59073,50.16,19.3,42.0
59074,50.94,2.16,42.0
59075,48.64,10.45,42.0
59076,54.44,5.73,42.0
59077,51.74,9.52,42.0
59078,49.37,11.77,42.0
59079,51.87,4.18,42.0
59080,51.26,17.2,42.0
59081,49.35,13.21,42.0
59082,49.14,15.73,42.0
59083,51.24,16.67,42.0
59084,49.96,5.39,42.0
59085,52.91,25.55,42.0
59086,49.81,9.05,42.0
59087,49.34,8.47,42.0
59088,50.29,26.87,42.0
59089,51.43,6.15,42.0
59090,52.42,37.77,42.0
59091,52.24,18.97,42.0
59092,52.26,10.7,42.0
59093,50.68,11.11,42.0
59094,52.13,6.47,42.0
59096,49.88,26.04,42.0
59097,51.3,2.86,42.0
59098,51.36,16.97,42.0
59099,50.76,7.69,42.0
59100,50.59,23.08,42.0
59101,51.64,12.48,42.0
59102,50.47,6.93,42.0
59103,49.64,7.14,42.0
59104,51.19,6.44,42.0
59105,49.49,29.86,42.0
59106,52.59,27.1,42.0
59107,52.62,8.29,42.0
59108,47.91,3.23,42.0
59109,51.53,24.31,42.0
59110,49.52,14.62,42.0
59111,48.62,13.29,42.0
59112,51.59,4.59,42.0
59113,50.08,4.96,42.0
59114,50.8,14.29,42.0
59115,50.07,13.11,42.0
59116,47.73,20.59,42.0
59117,50.22,13.83,42.0
59118,49.99,6.81,42.0
59119,48.1,10.2,42.0
59120,50.54,15.0,42.0
59121,48.21,12.25,42.0
59122,54.33,10.45,42.0
59123,49.47,22.88,42.0
59124,51.36,30.77,42.0
59125,51.0,19.05,42.0
59126,48.65,10.64,42.0
59127,47.59,5.56,42.0
59128,52.53,24.82,42.0
59129,52.32,23.92,42.0
59130,48.31,5.74,42.0
59131,52.18,5.7,42.0
59132,49.85,14.24,42.0
59133,50.14,29.7,42.0
59134,50.64,5.88,42.0
59135,49.25,13.62,42.0
59136,51.38,6.89,42.0
59137,51.91,2.99,42.0
59138,49.93,6.67,42.0
59139,53.26,4.82,42.0
59140,49.21,0.0,42.0
59141,49.57,13.33,42.0
59142,51.53,6.76,42.0
59143,51.76,16.12,42.0
59144,51.76,20.79,42.0
59145,49.61,25.71,42.0
59146,50.6,34.36,42.0
59147,52.08,0.0,42.0
59148,48.23,2.97,42.0
59149,50.92,5.41,42.0
59150,52.08,35.19,42.0
59151,50.48,8.05,42.0
59152,51.6,10.58,42.0
59153,52.98,5.33,42.0
59155,52.92,7.2,42.0
59156,53.24,8.85,42.0
59157,49.81,5.33,42.0
59158,49.91,25.25,42.0
59159,50.6,10.94,42.0
59160,51.75,4.0,42.0
59161,48.12,8.2,42.0
59162,49.31,19.4,42.0
59163,53.27,23.77,42.0
59164,49.61,17.86,42.0
59165,52.59,14.15,42.0
59166,50.65,20.87,42.0
59167,48.59,8.33,42.0
59168,53.27,25.04,42.0
59169,48.79,13.64,42.0
59170,53.48,5.09,42.0
59171,54.76,0.0,42.0
59172,52.0,3.69,42.0
59173,50.68,17.87,42.0
59174,50.83,10.71,42.0
59175,47.73,0.0,42.0
59176,47.58,2.7,42.0
59177,49.77,5.71,42.0
59178,50.57,13.52,42.0
59179,52.2,4.39,42.0
59180,50.24,13.79,42.0
59181,53.02,13.21,42.0
59182,49.65,8.33,42.0
59183,52.25,10.81,42.0
59184,48.33,12.62,42.0
59185,54.75,4.32,42.0
59186,51.09,40.0,42.0
59187,51.62,10.31,42.0
59188,51.02,30.77,42.0
59189,50.24,9.96,42.0
59190,49.34,17.98,42.0
59191,46.01,3.39,42.0
59192,51.61,12.68,42.0
59193,52.29,20.08,42.0
59194,50.91,4.19,42.0
59195,51.0,28.13,42.0
59196,50.16,27.83,42.0
59197,50.64,22.62,42.0
59198,47.49,15.79,42.0
59199,48.49,14.77,42.0
59200,47.33,4.88,42.0
59201,49.38,25.49,42.0
59202,52.11,12.4,42.0
59203,50.13,8.46,42.0
59204,49.79,5.0,42.0
59205,53.1,4.1,42.0
59206,51.73,9.04,42.0
59207,52.47,4.33,42.0
59208,52.3,33.33,42.0
59209,50.16,5.5,42.0
59210,49.65,14.72,42.0
59211,54.03,19.09,42.0
59212,51.6,8.21,42.0
59213,47.93,15.09,42.0
59214,50.2,23.95,42.0
59215,50.74,25.03,42.0
59216,50.16,13.89,42.0
59217,51.29,35.14,42.0
59218,50.04,6.96,42.0
59219,50.58,19.11,42.0
59220,52.8,17.84,42.0
59221,47.35,23.83,42.0
59222,51.69,21.96,42.0
59223,48.35,12.01,42.0
59224,53.41,14.7,42.0
59225,50.97,7.11,42.0
59226,49.59,11.17,42.0
59227,52.77,4.62,42.0
59228,49.76,21.23,42.0
59229,48.92,11.54,42.0
59230,52.07,8.8,42.0
59231,51.67,14.0,42.0
59232,48.19,19.44,42.0
59233,51.39,8.72,42.0
59234,52.03,6.29,42.0
59236,47.67,13.64,42.0
59237,50.35,12.64,42.0
59238,49.93,18.75,42.0
59239,50.47,19.1,42.0
59240,50.39,10.0,42.0
59241,50.62,5.86,42.0
59242,51.49,5.56,42.0
59243,51.28,6.9,42.0
59244,49.69,8.14,42.0
59246,49.37,3.85,42.0
59247,51.82,18.8,42.0
59249,53.92,7.15,42.0
59250,51.5,27.29,42.0
59251,46.23,20.51,42.0
59252,50.87,11.75,42.0
59253,50.92,4.31,42.0
59254,52.0,14.61,42.0
59255,46.42,8.73,42.0
59256,51.84,24.11,42.0
59257,49.4,24.56,42.0
59258,48.2,21.85,42.0
59259,51.75,18.75,42.0
59260,50.95,6.79,42.0
59261,49.5,0.0,42.0
59262,48.06,14.29,42.0
59263,52.54,14.48,42.0
59264,49.96,5.88,42.0
59265,48.5,13.86,42.0
59266,50.93,24.24,42.0
59267,45.94,3.7,42.0
59268,51.11,7.43,42.0
59269,49.87,13.08,42.0
59270,48.44,14.91,42.0
59271,51.66,3.56,42.0
59272,51.74,6.72,42.0
59273,49.96,9.49,42.0
59274,49.79,14.29,42.0
59275,52.7,43.12,42.0
59276,52.74,4.69,42.0
59277,48.02,18.18,42.0
59278,52.06,16.47,42.0
59279,51.45,9.21,42.0
59280,49.26,10.14,42.0
59281,52.27,24.08,42.0
59282,49.87,0.0,42.0
59283,49.54,13.79,42.0
59284,50.09,18.49,42.0
59285,51.42,7.19,42.0
59286,53.92,11.27,42.0
59287,49.74,11.11,42.0
59288,50.72,5.36,42.0
59289,50.14,6.92,42.0
59290,50.08,3.45,42.0
59291,52.19,5.05,42.0
59292,50.96,4.38,42.0
59293,51.94,5.58,42.0
59294,53.41,12.63,42.0
59295,52.9,9.15,42.0
59296,48.47,17.65,42.0
59297,51.29,16.02,42.0
59299,53.18,19.19,42.0
59300,49.78,5.95,42.0
59301,50.14,11.32,42.0
59302,51.15,6.5,42.0
59303,51.14,22.17,42.0
59304,51.41,30.0,42.0
59305,50.65,6.83,42.0
59306,47.23,3.44,42.0
59307,49.47,4.76,42.0
59308,49.85,9.57,42.0
59309,51.63,4.93,42.0
59310,48.37,19.08,42.0
59311,49.72,8.89,42.0
59312,48.13,13.77,42.0
59313,51.1,7.75,42.0
59314,52.98,7.09,42.0
59315,51.12,13.94,42.0
59316,51.57,23.03,42.0
59317,51.33,9.43,42.0
59318,48.58,7.69,42.0
59319,52.49,12.58,42.0
59320,51.24,14.53,42.0
59321,50.59,3.28,42.0
59322,51.01,7.83,42.0
59323,49.26,27.62,42.0
59324,51.35,5.03,42.0
59325,50.0,15.29,42.0
59326,51.49,2.04,42.0
59327,54.31,6.39,42.0
59328,51.95,34.79,42.0
59329,53.32,11.84,42.0
59330,50.32,21.43,42.0
59331,51.14,6.23,42.0
59332,55.02,8.45,42.0
59333,51.39,9.09,42.0
59334,53.28,22.06,42.0
59335,50.09,18.86,42.0
59336,49.08,6.9,42.0
59337,48.46,12.95,42.0
59338,48.06,6.35,42.0
59339,52.64,11.76,42.0
59340,52.66,11.54,42.0
59341,52.23,0.0,42.0
59342,50.0,0.0,42.0
59343,51.05,18.46,42.0
59344,52.94,2.95,42.0
59345,50.48,8.27,42.0
59346,52.06,30.59,42.0
59347,48.29,8.16,42.0
59348,49.85,6.78,42.0
59349,50.67,6.04,42.0
59350,51.97,29.26,42.0
59351,48.89,5.78,42.0
59352,53.12,17.8,42.0
59353,44.15,9.52,42.0
59354,50.31,20.13,42.0
59356,50.18,41.59,42.0
59357,50.95,10.06,42.0
59358,48.46,3.92,42.0
59359,50.47,5.98,42.0
59360,52.72,11.55,42.0
59361,51.57,3.04,42.0
59363,49.17,12.99,42.0
59364,48.95,21.27,42.0
59365,50.37,2.42,42.0
59366,48.92,10.15,42.0
59367,51.87,12.18,42.0
59368,53.93,32.7,42.0
59369,52.62,13.79,42.0
59370,49.57,12.76,42.0
59371,51.59,36.92,42.0
59372,48.86,10.53,42.0
59374,50.59,0.0,42.0
59375,50.88,13.28,42.0
59377,51.62,8.48,42.0
59378,52.86,36.37,42.0
59379,49.97,5.71,42.0
59381,51.83,16.07,42.0
59382,51.67,6.35,42.0
59383,53.77,9.89,42.0
59384,51.39,14.75,42.0
59385,51.59,5.37,42.0
59386,52.11,17.43,42.0
59387,51.71,8.33,42.0
59388,51.89,22.73,42.0
59389,51.2,4.42,42.0
59390,51.48,3.99,42.0
59391,51.26,12.66,42.0
59392,51.58,7.46,42.0
59393,48.38,15.79,42.0
59394,48.56,5.16,42.0
59395,49.82,7.14,42.0
59396,48.21,16.67,42.0
59397,49.49,8.62,42.0
59398,50.13,38.22,42.0
59399,53.41,9.68,42.0
59400,50.66,5.51,42.0
59401,50.18,7.27,42.0
59402,48.73,5.71,42.0
59403,51.84,17.14,42.0
59405,49.49,2.38,42.0
59406,50.35,9.12,42.0
59407,49.17,24.9,42.0
59408,50.52,22.14,42.0
59409,50.59,6.38,42.0
59410,52.62,19.04,42.0
59411,52.62,18.52,42.0
59412,50.0,0.0,42.0
59413,51.27,3.64,42.0
59414,53.84,6.0,42.0
59415,48.25,9.52,42.0
59416,49.11,11.6,42.0
59418,51.04,10.85,42.0
59419,49.83,16.67,42.0
59420,46.41,16.67,42.0
59421,53.4,30.24,42.0
59422,49.04,20.75,42.0
59423,51.24,6.03,42.0
59424,52.79,5.61,42.0
59425,52.08,14.24,42.0
59426,51.44,15.12,42.0
59427,53.6,21.05,42.0
59428,53.1,5.13,42.0
59429,51.75,2.96,42.0
59430,50.58,3.21,42.0
59431,51.23,14.97,42.0
59432,52.45,16.67,42.0
59433,49.89,4.29,42.0
59434,49.87,15.6,42.0
59435,50.25,27.56,42.0
59436,49.94,9.09,42.0
59437,53.16,27.06,42.0
59438,49.03,12.68,42.0
59439,50.71,16.13,42.0
59440,52.65,4.69,42.0
59441,50.0,11.27,42.0
59442,50.74,15.39,42.0
59443,49.14,0.0,42.0
59444,50.45,10.94,42.0
59445,51.5,5.52,42.0
59446,49.97,14.02,42.0
59447,52.01,7.68,42.0
59448,51.0,5.28,42.0
59449,53.15,13.95,42.0
59450,48.88,3.85,42.0
59451,51.61,21.05,42.0
59452,51.63,5.84,42.0
59453,49.32,6.56,42.0
59454,52.53,18.87,42.0
59455,50.38,14.63,42.0
59456,51.48,5.62,42.0
59457,52.45,16.2,42.0
59458,50.52,38.52,42.0
59459,51.52,9.79,42.0
59461,48.95,10.0,42.0
59462,52.05,20.69,42.0
59463,49.57,4.08,42.0
59464,51.55,4.55,42.0
59465,48.82,4.94,42.0
59466,52.28,20.83,42.0
59467,52.54,10.56,42.0
59468,51.24,12.5,42.0
59469,49.1,10.26,42.0
59470,50.62,24.02,42.0
59471,51.48,17.59,42.0
59472,50.27,9.85,42.0
59473,49.69,23.53,42.0
59474,50.87,10.41,42.0
59475,50.17,13.43,42.0
59476,53.09,14.48,42.0
59477,51.91,10.46,42.0
59478,49.22,6.24,42.0
59479,52.49,9.42,42.0
59480,50.66,15.12,42.0
59481,54.38,8.2,42.0
59482,51.86,17.81,42.0
59483,51.47,5.26,42.0
59484,51.54,5.02,42.0
59485,50.72,7.38,42.0
59486,50.51,11.31,42.0
59487,50.89,30.38,42.0
59488,52.2,7.54,42.0
59489,52.02,14.4,42.0
59490,49.48,0.0,42.0
59491,51.16,5.73,42.0
59492,50.33,1.82,42.0
59493,46.08,3.85,42.0
59494,47.44,12.5,42.0
59495,51.78,5.34,42.0
59496,48.97,0.0,42.0
59497,50.6,7.27,42.0
59498,49.99,5.87,42.0
59499,50.6,11.3,42.0
59500,46.82,16.22,42.0
59501,52.31,16.89,42.0
59502,49.33,12.07,42.0
59503,46.46,5.88,42.0
59504,51.09,4.88,42.0
59505,48.99,13.7,42.0
59506,48.4,13.4,42.0
59507,52.24,18.18,42.0
59508,53.55,16.74,42.0
59509,52.29,8.56,42.0
59511,49.04,19.9,42.0
59512,51.05,9.33,42.0
59513,47.0,15.22,42.0
59514,51.99,12.93,42.0
59515,51.06,6.44,42.0
59516,48.2,10.31,42.0
59517,51.27,8.82,42.0
59518,48.6,17.39,42.0
59519,49.35,11.41,42.0
59520,51.35,11.67,42.0
59521,52.81,13.96,42.0
59522,50.8,33.86,42.0
59523,51.57,28.57,42.0
59524,52.22,17.34,42.0
59525,52.34,7.34,42.0
59526,52.05,12.7,42.0
59527,53.34,24.15,42.0
59528,50.49,5.73,42.0
59529,52.02,22.22,42.0
59530,50.22,13.41,42.0
59531,47.97,3.45,42.0
59532,47.75,14.29,42.0
59533,50.54,8.82,42.0
59534,49.52,13.51,42.0
59535,50.71,14.84,42.0
59536,48.98,18.82,42.0
59537,52.28,22.73,42.0
59538,48.22,5.4,42.0
59539,50.86,10.75,42.0
59541,50.46,10.47,42.0
59542,50.95,6.82,42.0
59543,50.71,10.1,42.0
59544,54.03,16.73,42.0
59545,48.65,8.52,42.0
59546,49.59,8.25,42.0
59547,52.17,5.41,42.0
59548,48.55,16.39,42.0
59549,50.54,8.3,42.0
59550,50.82,10.1,42.0
59551,50.92,31.54,42.0
59552,48.47,0.0,42.0
59553,51.54,26.2,42.0
59554,48.72,19.67,42.0
59555,53.97,4.1,42.0
59556,50.14,4.71,42.0
59557,51.64,15.28,42.0
59558,50.62,9.92,42.0
59559,51.75,29.08,42.0
59560,52.88,18.02,42.0
59562,49.15,11.11,42.0
59563,46.7,17.39,42.0
59564,50.82,3.97,42.0
59565,52.23,17.74,42.0
59566,44.48,15.37,42.0
59567,49.3,8.61,42.0
59568,49.01,13.33,42.0
59569,52.63,6.68,42.0
59570,49.14,20.45,42.0
59571,51.77,6.02,42.0
59572,52.51,8.59,42.0
59573,48.94,9.09,42.0
59574,52.35,7.12,42.0
59575,52.39,20.0,42.0
59576,50.26,11.31,42.0
59577,47.97,5.48,42.0
59578,51.01,6.02,42.0
59579,51.86,9.92,42.0
59580,50.07,9.86,42.0
59581,50.29,14.45,42.0
59582,50.01,13.98,42.0
59583,50.54,10.53,42.0
59584,48.5,24.91,42.0
59585,52.4,25.4,42.0
59586,51.61,21.65,42.0
59587,48.74,16.33,42.0
59588,51.35,16.11,42.0
59589,51.32,6.94,42.0
59590,48.8,7.06,42.0
59591,50.57,10.53,42.0
59592,51.12,17.57,42.0
59593,49.75,12.86,42.0
59594,48.61,7.73,42.0
59595,49.58,18.6,42.0
59596,46.28,18.64,42.0
59597,50.84,11.86,42.0
59598,52.59,15.29,42.0
59599,52.48,9.26,42.0
59600,50.0,19.76,42.0
59601,52.56,4.57,42.0
59602,49.5,28.68,42.0
59603,51.68,7.21,42.0
59604,49.9,3.71,42.0
59605,51.51,16.9,42.0
59606,51.42,18.79,42.0
59607,52.83,8.88,42.0
59608,49.32,22.71,42.0
59609,50.42,27.38,42.0
59610,51.26,12.87,42.0
59611,50.89,30.3,42.0
59612,50.49,14.0,42.0
59613,51.17,7.6,42.0
59614,52.34,3.95,42.0
59615,50.91,14.34,42.0
59616,50.61,5.37,42.0
59617,49.48,15.44,42.0
59618,49.95,18.09,42.0
59619,51.22,17.0,42.0
59620,51.04,8.62,42.0
59622,50.34,5.93,42.0
59623,52.49,7.46,42.0
59624,49.75,9.52,42.0
59625,46.66,9.09,42.0
59626,51.27,22.41,42.0
59627,50.99,11.63,42.0
59628,46.94,8.77,42.0
59629,50.85,10.65,42.0
59630,51.19,18.33,42.0
59631,51.36,8.33,42.0
59632,51.85,7.66,42.0
59633,47.98,3.23,42.0
59634,48.54,19.23,42.0
59635,53.98,15.85,42.0
59636,51.97,23.43,42.0
59637,47.96,20.51,42.0
59638,50.6,23.21,42.0
59639,49.11,22.81,42.0
59640,52.5,21.07,42.0
59641,48.26,13.43,42.0
59642,48.18,23.64,42.0
59643,46.78,16.67,42.0
59645,52.7,1.85,42.0
59646,53.55,26.43,42.0
59647,52.75,3.93,42.0
59648,53.79,18.84,42.0
59649,50.63,14.29,42.0
59650,52.33,5.62,42.0
59651,52.93,6.39,42.0
59652,46.44,5.56,42.0
59653,51.39,16.37,42.0
59654,52.25,3.47,42.0
59655,50.22,8.33,42.0
59656,51.41,15.3,42.0
59657,47.68,4.55,42.0
59658,51.1,17.31,42.0
59659,50.74,3.34,42.0
59660,50.89,20.83,42.0
59661,51.47,7.69,42.0
59662,48.74,9.85,42.0
59663,51.68,8.34,42.0
59664,48.49,13.33,42.0
59665,49.5,3.7,42.0
59666,50.55,13.26,42.0
59667,50.4,26.32,42.0
59668,51.24,11.58,42.0
59669,48.47,10.34,42.0
59670,52.05,18.6,42.0
60001,50.8,0.0,42.0
60002,50.24,20.44,42.0
60003,48.91,11.19,42.0
60004,49.53,5.88,42.0
60005,49.82,7.14,42.0
60006,51.1,8.89,42.0
60007,50.51,14.33,42.0
60008,51.16,23.68,42.0
60009,51.29,16.07,42.0
60010,49.72,19.65,42.0
60011,52.49,0.0,42.0
60012,50.69,5.56,42.0
60013,49.44,22.13,42.0
60014,50.0,12.5,42.0
60015,50.98,13.76,42.0
60016,49.51,6.45,42.0
60017,49.82,6.03,42.0
60019,45.07,12.51,42.0
60020,55.35,16.0,42.0
60021,49.7,3.57,42.0
60022,49.37,43.14,42.0
60023,49.49,15.86,42.0
60024,51.04,12.68,42.0
60025,53.22,7.42,42.0
60026,48.84,8.62,42.0
60027,48.55,21.43,42.0
60028,48.94,46.0,42.0
60029,51.33,11.2,42.0
60030,49.04,13.64,42.0
60031,50.87,9.49,42.0
60032,49.95,3.14,42.0
60033,50.96,48.81,42.0
60034,51.35,8.47,42.0
60035,47.66,0.0,42.0
60036,51.22,8.45,42.0
60037,49.69,15.96,42.0
60039,47.94,2.24,42.0
60040,46.19,15.94,42.0
60041,50.58,9.68,42.0
60042,49.92,17.36,42.0
60043,47.57,9.7,42.0
60044,52.28,5.36,42.0
60045,47.74,25.0,42.0
60046,48.03,9.09,42.0
60047,50.73,27.03,42.0
60048,48.56,32.77,42.0
60049,50.94,6.25,42.0
60050,47.66,14.29,42.0
60051,52.22,0.0,42.0
60052,48.11,0.0,42.0
60053,49.32,7.69,42.0
60054,52.23,11.92,42.0
60055,50.26,0.0,42.0
60056,48.48,0.0,42.0
60057,52.48,13.21,42.0
60058,49.02,8.7,42.0
60059,48.97,29.41,42.0
60060,50.21,21.67,42.0
60061,49.37,21.43,42.0
60062,47.66,0.0,42.0
60063,47.86,24.05,42.0
60064,49.28,7.07,42.0
60065,51.02,8.64,42.0
60066,50.45,30.0,42.0
60067,52.22,10.78,42.0
60068,51.47,7.02,42.0
60069,50.23,9.89,42.0
60070,46.38,12.37,42.0
60071,52.6,0.0,42.0
60072,50.67,3.09,42.0
60073,50.57,7.69,42.0
60074,51.2,13.0,42.0
60075,46.48,9.09,42.0
60076,49.7,10.87,42.0
60077,50.04,5.35,42.0
60078,54.31,0.0,42.0
60079,48.06,12.24,42.0
60081,49.96,8.81,42.0
60082,50.57,1.41,42.0
60083,48.36,10.02,42.0
60084,52.94,20.0,42.0
60085,47.67,11.11,42.0
60086,51.65,17.12,42.0
60087,51.47,42.11,42.0
60088,51.33,11.9,42.0
60089,50.13,13.33,42.0
60090,48.46,11.36,42.0
60091,51.34,11.36,42.0
60092,52.06,17.65,42.0
60093,50.2,9.52,42.0
60094,50.0,15.62,42.0
60095,49.53,22.5,42.0
60097,51.16,17.86,42.0
60098,50.0,0.0,42.0
60099,48.85,15.0,42.0
60100,46.49,25.0,42.0
60101,48.72,10.14,42.0
60102,50.78,18.07,42.0
60103,51.99,6.18,42.0
60104,52.34,7.19,42.0
60105,52.25,6.81,42.0
60106,50.85,14.81,42.0
60107,51.28,15.06,42.0
60108,49.56,0.0,42.0
60109,51.64,5.88,42.0
60110,48.03,0.0,42.0
60111,54.25,11.11,42.0
60112,52.01,5.26,42.0
60113,49.75,0.0,42.0
60114,48.65,6.67,42.0
60115,49.63,7.14,42.0
60116,50.74,8.22,42.0
60117,49.22,2.94,42.0
60118,49.63,13.46,42.0
60119,51.09,9.68,42.0
60120,49.33,16.67,42.0
60121,52.8,0.0,42.0
60122,48.04,12.24,42.0
60123,50.48,2.38,42.0
60124,46.69,15.39,42.0
60125,50.08,13.1,42.0
60126,50.29,13.73,42.0
60127,50.09,9.29,42.0
60128,48.44,13.04,42.0
60129,50.5,7.86,42.0
60130,50.54,4.53,42.0
60131,52.88,9.09,42.0
60132,52.91,11.11,42.0
60133,51.77,4.76,42.0
60134,50.36,5.99,42.0
60135,49.62,12.75,42.0
60136,48.6,9.87,42.0
60137,50.12,6.06,42.0
60138,51.88,28.57,42.0
60139,51.9,10.38,42.0
60140,48.51,33.33,42.0
60141,54.61,28.63,42.0
60142,51.27,27.25,42.0
60143,54.44,9.55,42.0
60144,51.23,10.53,42.0
60145,47.99,14.87,42.0
60146,53.85,10.81,42.0
60147,49.93,9.28,42.0
60148,51.85,12.24,42.0
60149,51.44,8.9,42.0
60150,47.61,2.56,42.0
60151,51.53,22.68,42.0
60152,48.16,11.11,42.0
60153,52.94,0.0,42.0
60154,49.49,15.94,42.0
60155,49.26,10.51,42.0
60156,51.06,16.27,42.0
60157,51.62,12.15,42.0
60158,52.86,3.03,42.0
60159,52.84,23.19,42.0
60160,49.85,4.13,42.0
60161,46.48,20.0,42.0
60162,46.73,5.88,42.0
60163,51.39,10.31,42.0
60164,51.2,5.56,42.0
60165,49.43,24.14,42.0
60166,49.24,13.4,42.0
60167,49.39,2.0,42.0
60168,52.34,5.26,42.0
60169,50.43,12.82,42.0
60170,51.24,28.84,42.0
60171,50.0,23.53,42.0
60172,51.62,32.7,42.0
60173,49.24,12.22,42.0
60174,46.67,8.33,42.0
60175,49.43,7.2,42.0
60176,52.62,11.96,42.0
60177,44.71,4.65,42.0
60178,53.09,6.15,42.0
60179,48.75,0.0,42.0
60180,51.43,4.0,42.0
60181,50.71,6.25,42.0
60182,48.86,13.64,42.0
60183,50.43,25.0,42.0
60184,50.24,0.0,42.0
60185,52.29,15.56,42.0
60186,49.12,17.39,42.0
60187,51.16,4.43,42.0
60188,52.69,7.36,42.0
60189,47.96,14.29,42.0
60190,47.92,3.74,42.0
60191,48.34,4.84,42.0
60192,50.0,0.0,42.0
60193,50.98,4.35,42.0
60194,48.46,0.0,42.0
60195,48.44,21.06,42.0
60196,49.74,13.66,42.0
60197,50.22,10.82,42.0
60198,49.2,0.0,42.0
60199,48.05,11.11,42.0
60200,56.3,0.0,42.0
60201,51.69,12.0,42.0
60203,48.78,16.98,42.0
60204,47.45,9.38,42.0
60205,45.83,66.67,42.0
60206,48.58,15.73,42.0
60207,48.62,3.41,42.0
60208,52.42,29.41,42.0
60209,49.84,8.16,42.0
60210,50.35,3.85,42.0
60211,49.01,9.11,42.0
60212,49.16,8.14,42.0
60213,49.97,24.75,42.0
60214,49.43,18.75,42.0
60215,46.62,5.77,42.0
60216,50.81,5.56,42.0
60217,47.16,15.0,42.0
60218,52.14,7.44,42.0
60219,47.62,0.0,42.0
60220,50.79,8.7,42.0
60221,50.88,3.28,42.0
60222,51.39,7.69,42.0
60223,52.08,11.85,42.0
60224,48.02,18.75,42.0
60225,49.46,19.7,42.0
60226,52.05,26.39,42.0
60227,50.74,9.09,42.0
60228,52.64,28.57,42.0
60229,46.96,8.33,42.0
60230,52.84,6.56,42.0
60231,48.91,15.38,42.0
60232,48.87,13.64,42.0
60233,51.17,2.54,42.0
60234,51.37,12.74,42.0
60235,51.12,8.0,42.0
60236,47.11,16.0,42.0
60237,43.82,0.0,42.0
60238,50.91,29.33,42.0
60239,50.98,6.66,42.0
60240,49.15,0.0,42.0
60241,54.75,36.09,42.0
60242,47.12,11.63,42.0
60243,50.57,18.75,42.0
60244,50.68,5.88,42.0
60245,52.97,1.69,42.0
60247,43.75,6.67,42.0
60248,54.21,6.25,42.0
60249,43.01,31.58,42.0
60250,51.11,29.41,42.0
60251,54.41,28.13,42.0
60252,47.28,1.92,42.0
60253,48.14,11.76,42.0
60254,51.64,5.29,42.0
60255,47.91,3.13,42.0
60256,49.62,10.44,42.0
60257,45.25,8.33,42.0
60258,44.37,12.5,42.0
60259,52.24,12.37,42.0
60260,50.59,9.83,42.0
60261,54.44,25.0,42.0
60262,49.11,8.33,42.0
60263,49.62,0.0,42.0
60264,49.44,10.0,42.0
60265,53.21,12.35,42.0
60267,50.0,11.11,42.0
60268,48.25,7.41,42.0
60269,49.5,9.19,42.0
60270,54.69,11.67,42.0
60271,49.41,12.5,42.0
60272,49.81,10.49,42.0
60273,49.81,15.09,42.0
60274,48.25,18.18,42.0
60275,48.87,16.67,42.0
60276,48.56,10.53,42.0
60277,50.88,15.17,42.0
60278,48.16,7.89,42.0
60279,50.78,5.26,42.0
60280,47.71,0.0,42.0
60281,47.88,12.95,42.0
60282,51.84,31.52,42.0
60283,46.67,0.0,42.0
60284,49.3,13.12,42.0
60285,49.65,5.41,42.0
60286,54.74,6.37,42.0
60287,51.18,6.25,42.0
60288,49.06,0.0,42.0
60289,46.34,0.0,42.0
60290,48.45,13.16,42.0
60291,51.26,4.93,42.0
60292,52.34,0.0,42.0
60293,47.23,17.02,42.0
60294,50.59,14.29,42.0
60295,50.88,2.22,42.0
60296,55.38,0.0,42.0
60297,50.57,0.0,42.0
60298,48.62,10.17,42.0
60299,51.32,6.75,42.0
60301,50.75,23.53,42.0
60302,49.27,7.39,42.0
60303,42.78,0.0,42.0
60304,47.62,20.0,42.0
60305,44.96,8.82,42.0
60306,49.66,0.0,42.0
60307,48.03,16.92,42.0
60308,52.89,8.16,42.0
60309,49.99,14.81,42.0
60310,52.38,3.12,42.0
60311,50.42,0.0,42.0
60312,48.7,0.0,42.0
60313,50.81,8.53,42.0
60314,47.74,11.54,42.0
60315,48.97,13.64,42.0
60316,49.38,26.67,42.0
60317,48.57,7.25,42.0
60318,51.65,12.68,42.0
60319,47.05,4.88,42.0
60320,51.37,12.5,42.0
60321,51.1,19.4,42.0
60322,51.18,3.33,42.0
60323,49.57,9.36,42.0
60324,51.15,12.82,42.0
60325,51.08,18.0,42.0
60326,50.77,22.3,42.0
60327,48.45,11.46,42.0
60328,49.47,2.94,42.0
60329,49.5,10.53,42.0
60330,52.07,12.5,42.0
60331,48.88,10.42,42.0
60332,55.29,13.33,42.0
60333,51.43,4.55,42.0
60334,51.11,14.91,42.0
60335,54.55,25.0,42.0
60336,47.49,6.67,42.0
60337,50.28,23.76,42.0
60338,52.48,18.92,42.0
60339,49.14,13.95,42.0
60340,47.89,4.02,42.0
60341,49.51,19.39,42.0
60342,50.59,7.81,42.0
60343,47.85,8.63,42.0
60344,49.93,12.74,42.0
60345,50.53,11.11,42.0
60346,51.18,31.12,42.0
60347,48.96,3.57,42.0
60348,50.01,8.16,42.0
60350,51.4,9.42,42.0
60351,52.17,7.14,42.0
60352,44.71,30.77,42.0
60353,48.68,11.76,42.0
60354,40.0,0.0,42.0
60355,50.16,16.53,42.0
60356,51.72,23.42,42.0
60357,47.43,3.55,42.0
60358,49.87,9.09,42.0
60359,49.25,20.0,42.0
60360,48.69,7.59,42.0
60361,48.18,10.53,42.0
60362,46.96,0.0,42.0
60363,53.33,17.39,42.0
60364,54.57,10.77,42.0
60365,49.84,15.38,42.0
60366,48.72,9.63,42.0
60367,48.45,16.28,42.0
60368,51.79,6.49,42.0
60369,48.9,11.0,42.0
60370,50.46,9.77,42.0
60371,50.99,0.0,42.0
60372,49.79,7.35,42.0
60373,51.24,18.19,42.0
60374,51.62,5.58,42.0
60375,51.83,10.86,42.0
60376,46.07,11.76,42.0
60377,51.05,24.14,42.0
60378,52.28,11.63,42.0
60379,47.75,9.82,42.0
60380,49.99,8.22,42.0
60381,46.06,8.0,42.0
60382,51.86,23.16,42.0
60383,49.15,14.25,42.0
60385,50.06,1.49,42.0
60386,53.39,13.64,42.0
60387,51.08,7.2,42.0
60388,49.63,15.38,42.0
60389,46.92,4.0,42.0
60390,47.05,14.29,42.0
60391,46.36,19.05,42.0
60392,50.88,12.87,42.0
60393,50.39,16.42,42.0
60394,62.14,7.69,42.0
60395,51.09,7.68,42.0
60396,50.47,8.33,42.0
60397,45.45,22.22,42.0
60398,49.83,10.91,42.0
60399,51.0,0.0,42.0
60400,49.97,6.67,42.0
60401,49.06,9.78,42.0
60402,50.74,20.17,42.0
60403,51.54,6.8,42.0
60404,51.13,12.92,42.0
60405,51.01,6.32,42.0
60406,49.37,11.7,42.0
60407,50.0,0.0,42.0
60408,49.74,23.75,42.0
60409,50.29,10.83,42.0
60410,51.4,3.73,42.0
60411,48.37,17.95,42.0
60412,48.07,22.73,42.0
60413,49.88,5.08,42.0
60414,51.34,6.96,42.0
60415,48.43,41.18,42.0
60416,44.71,0.0,42.0
60418,48.39,11.74,42.0
60420,49.33,14.29,42.0
60421,48.55,23.53,42.0
60422,50.24,18.18,42.0
60423,49.66,9.14,42.0
60424,46.71,18.52,42.0
60425,48.89,9.26,42.0
60426,46.81,10.53,42.0
60427,50.54,6.25,42.0
60428,49.6,27.56,42.0
60429,49.56,35.14,42.0
60430,50.76,15.24,42.0
60431,50.14,6.12,42.0
60432,49.27,39.02,42.0
60433,51.22,9.47,42.0
60434,47.53,0.0,42.0
60435,49.01,6.25,42.0
60436,46.43,0.0,42.0
60437,51.39,0.0,42.0
60438,47.45,5.0,42.0
60439,52.44,6.59,42.0
60440,49.98,12.63,42.0
60441,49.39,20.59,42.0
60442,44.44,11.11,42.0
60443,51.72,0.0,42.0
60444,47.86,5.56,42.0
60445,47.81,7.14,42.0
60446,50.49,6.76,42.0
60447,49.19,11.89,42.0
60448,51.29,2.77,42.0
60449,52.16,9.68,42.0
60450,52.18,8.38,42.0
60451,50.06,12.42,42.0
60452,49.89,5.56,42.0
60454,50.55,17.12,42.0
60456,50.94,3.09,42.0
60457,48.77,18.75,42.0
60458,51.98,3.13,42.0
60459,48.99,27.27,42.0
60460,46.58,4.55,42.0
60461,48.82,4.55,42.0
60462,51.79,7.97,42.0
60463,51.32,9.26,42.0
60464,50.17,13.31,42.0
60465,43.78,6.25,42.0
60466,48.75,0.0,42.0
60468,50.16,8.36,42.0
60469,49.21,10.53,42.0
60470,49.92,1.18,42.0
60471,53.27,7.51,42.0
60472,45.87,0.0,42.0
60473,49.62,11.11,42.0
60474,49.83,12.0,42.0
60476,43.92,8.33,42.0
60477,48.69,9.29,42.0
60478,47.22,13.95,42.0
60479,50.52,5.89,42.0
60480,50.66,24.07,42.0
60481,52.53,11.48,42.0
60482,51.11,36.7,42.0
60483,50.41,7.91,42.0
60484,49.02,13.04,42.0
60485,50.78,0.0,42.0
60486,52.09,4.13,42.0
60487,51.65,8.53,42.0
60488,52.03,3.05,42.0
60489,49.96,12.4,42.0
60490,49.75,8.51,42.0
60491,49.74,18.18,42.0
60492,50.31,8.23,42.0
60493,46.64,3.88,42.0
60494,50.36,27.54,42.0
60495,51.63,11.11,42.0
60496,49.36,0.0,42.0
60497,48.11,11.11,42.0
60498,49.83,3.72,42.0
60499,53.34,8.7,42.0
60500,50.86,12.91,42.0
60501,50.26,12.21,42.0
60502,45.13,0.0,42.0
60503,46.43,0.0,42.0
60504,48.4,12.61,42.0
60505,50.53,15.26,42.0
60506,51.85,1.66,42.0
60507,46.27,6.67,42.0
60508,51.48,13.61,42.0
60509,51.31,10.46,42.0
60510,47.65,4.89,42.0
60511,51.59,2.78,42.0
60512,44.76,0.0,42.0
60513,51.78,17.78,42.0
60514,46.96,4.76,42.0
60515,49.15,19.15,42.0
60516,51.13,8.82,42.0
60517,48.1,12.6,42.0
60518,49.28,15.0,42.0
60519,44.83,11.11,42.0
60520,44.24,8.7,42.0
60521,50.4,6.56,42.0
60522,39.91,0.0,42.0
60523,50.22,22.47,42.0
60524,51.26,5.08,42.0
60525,47.24,23.08,42.0
60526,49.99,4.0,42.0
60527,47.55,21.05,42.0
60528,53.45,15.38,42.0
60529,45.33,0.0,42.0
60530,50.69,5.0,42.0
60531,50.37,15.98,42.0
60533,51.35,10.7,42.0
60534,50.69,25.0,42.0
60535,45.89,15.38,42.0
60536,48.53,50.0,42.0
60537,51.29,7.99,42.0
60538,47.44,3.03,42.0
60539,52.79,13.48,42.0
60540,50.42,18.16,42.0
60541,49.17,5.25,42.0
60542,50.7,11.01,42.0
60543,46.61,27.27,42.0
60544,50.0,5.56,42.0
60545,50.5,8.51,42.0
60546,51.08,21.43,42.0
60547,49.34,9.09,42.0
60548,47.33,6.67,42.0
60549,52.91,4.76,42.0
60550,47.16,7.69,42.0
60551,52.76,15.15,42.0
60552,47.24,6.9,42.0
60553,49.44,10.34,42.0
60554,50.12,0.0,42.0
60555,48.57,0.0,42.0
60556,47.91,11.11,42.0
60557,52.58,3.57,42.0
60558,51.08,0.0,42.0
60559,50.55,14.33,42.0
60560,49.59,30.96,42.0
60561,49.81,9.09,42.0
60562,48.92,10.9,42.0
60563,50.76,14.35,42.0
60564,51.06,2.99,42.0
60565,50.01,12.89,42.0
60566,45.73,25.0,42.0
60567,49.98,6.07,42.0
60568,51.51,12.76,42.0
60569,47.34,34.56,42.0
60570,49.77,13.18,42.0
60571,54.22,37.5,42.0
60572,47.6,18.75,42.0
60573,48.22,16.67,42.0
60574,48.89,15.83,42.0
60575,50.98,8.33,42.0
60576,51.85,10.87,42.0
60577,52.84,8.74,42.0
60578,49.24,9.73,42.0
60579,52.05,43.75,42.0
60581,52.15,7.43,42.0
60582,49.71,12.36,42.0
60583,53.15,18.25,42.0
60584,52.8,11.56,42.0
60585,51.72,11.11,42.0
60586,51.22,15.04,42.0
60587,51.54,13.52,42.0
60588,51.58,0.0,42.0
60589,52.63,6.4,42.0
60590,46.94,4.94,42.0
60591,50.34,26.28,42.0
60592,48.75,10.29,42.0
60593,51.63,12.5,42.0
60594,47.02,20.69,42.0
60595,48.13,12.82,42.0
60596,52.03,4.35,42.0
60597,51.37,17.34,42.0
60598,51.1,19.44,42.0
60599,52.4,0.0,42.0
60600,49.7,9.52,42.0
60601,48.69,9.62,42.0
60602,48.21,40.0,42.0
60603,50.49,3.97,42.0
60604,52.0,0.0,42.0
60605,51.5,2.78,42.0
60608,52.88,11.11,42.0
60609,50.07,14.19,42.0
60610,50.59,9.06,42.0
60611,50.24,11.05,42.0
60612,52.33,22.24,42.0
60613,52.33,12.5,42.0
60614,52.28,25.0,42.0
60615,44.36,0.0,42.0
60616,52.57,4.82,42.0
60617,53.11,3.7,42.0
60618,48.9,27.59,42.0
60619,50.61,9.76,42.0
60620,49.58,13.6,42.0
60621,50.0,7.69,42.0
60622,49.69,4.41,42.0
60623,52.76,1.18,42.0
60624,54.22,7.14,42.0
60625,47.35,4.08,42.0
60626,51.54,6.81,42.0
60627,50.95,11.76,42.0
60628,52.33,15.08,42.0
60629,49.24,7.14,42.0
60630,50.0,4.55,42.0
60631,52.8,18.85,42.0
60632,50.44,7.69,42.0
60633,50.13,2.86,42.0
60634,50.34,9.3,42.0
60635,48.57,12.84,42.0
60636,53.37,8.55,42.0
60637,53.0,6.12,42.0
60638,47.81,7.35,42.0
60639,51.01,11.99,42.0
60640,46.51,25.0,42.0
60641,48.72,11.45,42.0
60642,48.43,7.92,42.0
60643,50.24,3.15,42.0
60644,52.4,12.72,42.0
60645,52.94,3.7,42.0
60646,50.51,16.32,42.0
60647,50.39,8.58,42.0
60648,45.55,5.26,42.0
60650,47.56,22.03,42.0
60651,50.71,14.9,42.0
60652,47.19,9.38,42.0
60653,52.35,3.7,42.0
60654,50.76,23.08,42.0
60655,48.1,15.0,42.0
60656,48.88,6.67,42.0
60657,49.1,0.0,42.0
60658,48.71,1.61,42.0
60659,50.31,12.5,42.0
60660,50.13,18.77,42.0
60661,48.6,9.3,42.0
60662,52.37,14.81,42.0
60663,48.46,9.52,42.0
60664,48.44,6.9,42.0
60665,51.73,17.91,42.0
60666,51.23,17.35,42.0
60667,51.02,12.96,42.0
60668,49.58,22.39,42.0
60669,47.21,34.04,42.0
60670,51.54,20.22,42.0
60671,49.11,23.78,42.0
60672,47.7,15.38,42.0
60673,45.63,5.26,42.0
60674,48.85,30.32,42.0
60675,48.81,4.35,42.0
60676,51.11,6.58,42.0
60677,53.23,7.41,42.0
60678,50.63,13.91,42.0
60679,49.67,15.0,42.0
60680,50.56,19.4,42.0
60681,45.83,14.29,42.0
60682,50.0,35.07,42.0
60683,47.75,11.36,42.0
60684,51.31,9.3,42.0
60685,48.78,8.91,42.0
60686,50.56,17.97,42.0
60687,48.65,7.89,42.0
60688,54.62,5.0,42.0
60689,49.61,22.13,42.0
60691,53.91,20.0,42.0
60692,49.09,38.46,42.0
60693,45.71,11.63,42.0
60695,51.66,36.92,42.0
60697,57.58,0.0,42.0
60698,47.77,19.16,42.0
60699,44.85,14.29,42.0
60700,50.3,14.71,42.0
60701,50.38,7.45,42.0
60702,47.37,13.04,42.0
60703,50.18,13.75,42.0
61001,53.33,11.98,42.0
61002,51.36,3.16,42.0
61005,48.01,20.0,42.0
61006,50.97,8.38,42.0
61007,50.7,12.13,42.0
61008,53.1,3.61,42.0
61010,48.18,0.0,42.0
61011,49.5,8.95,42.0
61012,51.78,0.0,42.0
61013,49.3,9.09,42.0
61014,48.74,13.64,42.0
61015,48.4,6.67,42.0
61018,43.08,0.0,42.0
61020,49.74,0.0,42.0
61021,46.81,10.0,42.0
61023,51.27,8.8,42.0
61024,46.98,3.23,42.0
61026,46.77,5.56,42.0
61028,50.99,11.76,42.0
61029,52.55,15.04,42.0
61030,48.16,4.35,42.0
61032,47.71,0.0,42.0
61034,47.96,21.43,42.0
61035,48.46,2.86,42.0
61036,46.76,6.67,42.0
61037,48.32,0.0,42.0
61038,55.77,15.22,42.0
61039,47.5,10.0,42.0
61040,49.18,2.94,42.0
61041,47.45,10.0,42.0
61043,51.37,4.17,42.0
61044,47.91,8.82,42.0
61046,50.0,0.0,42.0
61048,52.8,0.0,42.0
61049,49.54,16.67,42.0
61050,49.54,4.36,42.0
61051,47.7,9.09,42.0
61052,54.05,5.88,42.0
61053,48.42,5.0,42.0
61054,50.0,4.76,42.0
61055,51.85,6.38,42.0
61056,47.9,5.26,42.0
61060,49.26,6.25,42.0
61061,50.52,5.56,42.0
61062,56.82,0.0,42.0
61063,52.43,4.14,42.0
61064,45.65,0.0,42.0
61066,47.62,0.0,42.0
61067,48.19,0.0,42.0
61068,47.29,4.0,42.0
61069,50.61,0.0,42.0
61070,48.17,5.95,42.0
61071,52.35,11.11,42.0
61072,51.74,0.0,42.0
61074,53.24,1.84,42.0
61075,51.68,3.26,42.0
61076,48.28,18.75,42.0
61077,47.52,3.17,42.0
61078,48.23,12.25,42.0
61079,52.0,5.0,42.0
61080,51.9,10.0,42.0
61081,48.85,13.79,42.0
61082,50.0,0.0,42.0
61084,44.57,0.0,42.0
61085,51.52,100.0,42.0
61086,46.08,6.67,42.0
61087,47.5,25.0,42.0
61088,47.73,0.0,42.0
61089,48.57,11.11,42.0
61091,49.64,10.39,42.0
61092,49.54,3.7,42.0
61093,52.69,4.76,42.0
61094,48.31,8.77,42.0
61095,50.41,3.99,42.0
61096,50.99,4.17,42.0
61097,51.85,1.54,42.0
61098,49.8,6.38,42.0
61099,46.66,11.11,42.0
61100,49.82,8.33,42.0
61101,51.35,0.0,42.0
61102,48.76,4.55,42.0
61103,50.91,0.0,42.0
61104,49.06,14.29,42.0
61105,50.84,5.56,42.0
61107,52.65,10.79,42.0
61108,46.86,10.0,42.0
61111,50.6,19.23,42.0
61113,54.55,14.29,42.0
61114,50.0,6.67,42.0
61116,50.68,4.93,42.0
61117,48.42,16.08,42.0
61118,46.55,4.76,42.0
61120,51.28,12.5,42.0
61121,50.6,22.22,42.0
61122,46.34,20.0,42.0
61123,53.11,9.52,42.0
61124,48.5,13.73,42.0
61126,54.55,3.56,42.0
61129,45.87,5.26,42.0
61130,50.71,2.0,42.0
61133,48.19,5.17,42.0
61137,44.7,0.0,42.0
61138,46.2,10.53,42.0
61139,46.35,3.45,42.0
61140,48.94,3.66,42.0
61141,51.61,12.96,42.0
61142,47.31,8.33,42.0
61143,52.02,15.19,42.0
61145,51.74,4.13,42.0
61146,50.52,18.76,42.0
61148,46.91,10.34,42.0
61149,48.48,5.0,42.0
61150,51.32,10.93,42.0
61151,49.8,2.56,42.0
61152,48.98,16.67,42.0
61153,53.96,3.2,42.0
61156,48.82,5.45,42.0
61158,46.21,15.38,42.0
61159,43.48,0.0,42.0
61160,51.55,0.0,42.0
61162,52.23,26.67,42.0
61163,51.08,8.76,42.0
61164,46.06,7.41,42.0
61165,50.28,8.0,42.0
61166,46.24,6.67,42.0
61167,50.17,6.73,42.0
61168,52.66,3.91,42.0
61169,53.32,8.64,42.0
61170,48.29,8.7,42.0
61171,53.04,0.0,42.0
61176,44.6,6.67,42.0
61178,54.9,14.29,42.0
61180,50.0,25.0,42.0
61181,53.82,6.52,42.0
61182,46.96,17.65,42.0
61183,53.1,0.0,42.0
61187,51.85,5.56,42.0
61189,42.92,9.15,42.0
61190,46.67,8.33,42.0
61193,49.15,7.41,42.0
61194,48.53,10.13,42.0
61195,45.63,5.56,42.0
61196,50.53,7.45,42.0
61197,52.94,0.0,42.0
61198,52.99,11.76,42.0
61199,47.44,0.0,42.0
61202,48.45,10.64,42.0
61203,50.67,13.17,42.0
61206,47.69,0.0,42.0
61207,49.35,9.68,42.0
61208,50.1,5.56,42.0
61209,47.67,2.7,42.0
61210,48.05,8.0,42.0
61211,48.95,2.42,42.0
61212,49.46,0.0,42.0
61213,45.31,7.73,42.0
61214,54.54,7.41,42.0
61215,48.47,9.68,42.0
61216,46.33,6.25,42.0
61217,49.06,0.0,42.0
61218,52.27,9.87,42.0
61219,45.24,0.0,42.0
61221,48.6,13.16,42.0
61222,49.46,12.68,42.0
61224,47.34,12.04,42.0
61225,44.83,0.0,42.0
61227,44.12,0.0,42.0
61228,48.32,9.41,42.0
61229,54.48,0.0,42.0
61230,51.63,6.57,42.0
61232,51.16,4.21,42.0
61233,51.48,0.0,42.0
61234,49.48,11.43,42.0
61237,49.36,0.0,42.0
61238,51.14,0.0,42.0
61240,50.34,9.09,42.0
61241,44.98,11.76,42.0
61242,48.68,0.0,42.0
61243,50.02,6.4,42.0
61244,48.85,8.33,42.0
61248,50.07,0.0,42.0
61251,45.78,6.25,42.0
61252,49.61,0.0,42.0
61255,48.77,3.95,42.0
61256,49.34,0.0,42.0
61257,48.36,0.0,42.0
61258,57.21,12.5,42.0
61259,51.52,0.0,42.0
61260,49.79,5.52,42.0
61261,51.69,0.0,42.0
61262,50.75,0.0,42.0
61263,49.28,5.56,42.0
61264,53.23,25.0,42.0
61265,50.0,10.53,42.0
61266,49.4,25.0,42.0
61267,45.85,0.0,42.0
61268,49.21,0.0,42.0
61269,46.71,8.34,42.0
61271,49.48,0.0,42.0
61272,38.46,0.0,42.0
61273,48.08,0.0,42.0
61274,44.81,19.05,42.0
61275,52.05,6.79,42.0
61276,48.3,26.67,42.0
61277,45.13,7.89,42.0
61278,49.4,3.54,42.0
61279,49.94,9.91,42.0
61281,45.49,3.47,42.0
61283,49.13,3.33,42.0
61284,50.45,4.55,42.0
61286,45.33,40.0,42.0
61287,49.76,4.29,42.0
61288,51.17,11.54,42.0
61289,41.18,0.0,42.0
61290,50.81,0.0,42.0
61291,50.0,0.0,42.0
61292,50.14,13.73,42.0
61293,54.87,8.08,42.0
61294,50.84,7.77,42.0
61295,44.24,0.0,42.0
61297,52.38,6.12,42.0
61298,48.22,3.71,42.0
61300,47.29,25.0,42.0
61301,47.64,0.0,42.0
61302,50.74,10.53,42.0
61303,51.18,6.67,42.0
61304,49.45,6.45,42.0
61307,53.3,0.0,42.0
61308,46.67,9.09,42.0
61309,49.59,8.72,42.0
61314,50.76,10.09,42.0
61316,48.7,0.0,42.0
61317,43.5,8.33,42.0
61319,51.12,0.0,42.0
61321,51.5,10.53,42.0
61322,44.44,16.67,42.0
61323,49.61,30.0,42.0
61324,51.04,12.91,42.0
61326,50.74,0.0,42.0
61327,50.88,6.25,42.0
61328,50.98,3.72,42.0
61329,52.67,8.16,42.0
61330,50.56,5.0,42.0
61331,51.22,36.36,42.0
61332,50.92,3.35,42.0
61333,53.65,0.0,42.0
61336,50.49,14.29,42.0
61339,50.54,7.09,42.0
61341,50.03,7.03,42.0
61342,51.98,0.0,42.0
61344,51.57,11.49,42.0
61345,51.39,10.6,42.0
61346,49.75,21.43,42.0
61347,47.75,0.0,42.0
61348,50.41,8.33,42.0
61349,49.37,16.67,42.0
61350,50.0,0.0,42.0
61351,48.51,46.15,42.0
61352,49.45,0.0,42.0
61357,50.29,15.0,42.0
61358,47.33,0.0,42.0
61360,45.05,0.0,42.0
61361,48.88,6.25,42.0
61362,50.3,2.0,42.0
61363,50.0,0.0,42.0
61365,51.34,8.13,42.0
61366,47.33,11.11,42.0
61367,49.62,10.0,42.0
61369,50.57,0.0,42.0
61370,47.65,0.0,42.0
61371,47.59,0.0,42.0
61372,46.43,16.67,42.0
61373,51.1,3.57,42.0
61374,50.0,0.0,42.0
61375,48.99,6.95,42.0
61376,49.7,2.11,42.0
61379,48.61,15.79,42.0
61381,50.85,40.0,42.0
61382,49.67,7.14,42.0
61384,49.48,0.0,42.0
61385,53.55,6.45,42.0
61386,50.62,10.86,42.0
61387,48.86,10.0,42.0
61388,45.98,0.0,42.0
61389,52.35,3.38,42.0
61390,46.2,21.43,42.0
61391,52.79,10.08,42.0
61392,48.72,7.69,42.0
61393,46.97,0.0,42.0
61394,48.39,8.23,42.0
61395,53.92,20.0,42.0
61396,43.75,0.0,42.0
61397,52.96,11.7,42.0
61398,47.46,0.0,42.0
61399,48.53,0.0,42.0
61400,49.42,3.03,42.0
61401,47.12,0.0,42.0
61402,42.07,0.0,42.0
61404,47.46,10.17,42.0
61405,47.94,8.89,42.0
61406,50.52,7.41,42.0
61407,52.09,13.96,42.0
61408,52.01,13.33,42.0
61411,46.58,26.09,42.0
61412,48.69,7.69,42.0
61413,52.9,6.67,42.0
61414,53.01,8.31,42.0
61415,50.71,0.0,42.0
61416,48.65,0.0,42.0
61418,48.23,14.29,42.0
61419,45.62,22.22,42.0
61420,50.56,0.0,42.0
61421,49.27,0.0,42.0
61422,50.72,3.45,42.0
61423,48.81,6.46,42.0
61424,46.32,5.26,42.0
61425,46.28,0.0,42.0
61426,49.57,8.7,42.0
61427,55.38,0.0,42.0
61429,47.7,4.28,42.0
61432,48.1,3.4,42.0
61433,49.61,16.67,42.0
61435,50.17,0.0,42.0
61436,49.79,0.0,42.0
61438,51.63,17.65,42.0
61439,47.66,0.0,42.0
61440,50.07,9.35,42.0
61442,51.11,5.88,42.0
61443,50.04,6.67,42.0
61444,54.46,12.5,42.0
61445,50.22,3.64,42.0
61446,50.62,0.0,42.0
61447,51.31,3.45,42.0
61448,51.36,8.7,42.0
61450,47.5,0.0,42.0
61451,50.22,2.48,42.0
61452,46.0,5.0,42.0
61453,49.01,17.39,42.0
61454,51.06,10.42,42.0
61456,52.24,6.37,42.0
61457,51.5,5.0,42.0
61459,47.97,7.41,42.0
61460,52.11,3.45,42.0
61461,45.97,18.18,42.0
61462,51.06,4.79,42.0
61463,51.29,6.45,42.0
61464,52.85,4.15,42.0
61466,50.36,11.3,42.0
61467,49.23,9.09,42.0
61472,52.54,6.7,42.0
61473,50.0,9.09,42.0
61474,49.91,6.43,42.0
61475,49.87,5.17,42.0
61476,49.6,15.62,42.0
61479,52.23,6.67,42.0
61480,49.46,20.0,42.0
61481,53.33,0.0,42.0
61482,50.68,2.56,42.0
61483,55.22,10.74,42.0
61484,50.48,6.96,42.0
61485,48.4,4.17,42.0
61486,50.74,7.01,42.0
61487,51.52,9.62,42.0
61488,49.33,0.0,42.0
61490,48.14,13.04,42.0
61491,51.36,5.04,42.0
61492,46.72,27.27,42.0
61493,43.28,0.0,42.0
61494,55.2,4.55,42.0
61497,50.26,10.28,42.0
61498,47.52,0.0,42.0
61499,44.67,10.0,42.0
61500,48.33,11.11,42.0
61501,50.75,8.35,42.0
61502,43.84,0.0,42.0
61503,51.23,23.53,42.0
61505,52.71,15.0,42.0
61507,47.3,0.0,42.0
61508,53.72,2.19,42.0
61510,48.83,11.11,42.0
61512,46.0,9.09,42.0
62001,53.57,16.56,42.0
62002,50.51,4.17,42.0
62003,53.39,12.47,42.0
62004,53.75,13.28,42.0
62005,48.98,5.26,42.0
62006,48.16,9.42,42.0
62007,51.6,20.0,42.0
62008,48.58,12.94,42.0
62009,48.93,8.7,42.0
62010,50.0,13.33,42.0
62011,51.58,9.68,42.0
62012,49.41,47.62,42.0
62013,51.56,10.93,42.0
62014,52.1,9.2,42.0
62015,49.81,15.38,42.0
62016,50.0,21.74,42.0
62017,46.31,5.88,42.0
62018,50.72,14.81,42.0
62019,52.73,11.09,42.0
62020,46.35,6.65,42.0
62021,49.86,6.06,42.0
62022,51.61,11.49,42.0
62023,51.42,10.76,42.0
62024,48.38,5.3,42.0
62025,50.29,13.57,42.0
62026,56.67,0.0,42.0
62027,50.24,4.35,42.0
62028,50.32,14.55,42.0
62029,50.28,15.69,42.0
62030,49.73,4.0,42.0
62031,49.62,7.05,42.0
62032,51.93,10.04,42.0
62033,51.53,6.03,42.0
62034,50.63,5.58,42.0
62035,51.87,9.79,42.0
62036,49.87,5.88,42.0
62037,51.18,23.62,42.0
62038,51.96,7.29,42.0
62039,52.2,9.0,42.0
62040,52.13,6.5,42.0
62041,51.74,15.76,42.0
62042,51.2,18.1,42.0
62043,50.56,9.89,42.0
62044,51.06,6.63,42.0
62045,54.02,9.99,42.0
62046,51.54,2.78,42.0
62047,45.7,23.08,42.0
62048,52.07,3.5,42.0
62049,53.05,13.48,42.0
62050,52.27,6.31,42.0
62051,51.18,6.52,42.0
62052,53.99,11.11,42.0
62053,49.09,4.69,42.0
62054,49.08,4.95,42.0
62055,48.5,5.76,42.0
62056,51.84,5.88,42.0
62057,51.93,8.65,42.0
62058,54.1,11.11,42.0
62059,50.38,23.95,42.0
62060,52.82,3.39,42.0
62061,52.15,4.0,42.0
62062,45.65,0.0,42.0
62063,50.85,6.48,42.0
62064,47.49,10.0,42.0
62065,52.48,4.04,42.0
62066,42.86,0.0,42.0
62067,49.54,3.92,42.0
62068,50.91,5.41,42.0
62069,46.95,0.0,42.0
62070,49.06,10.0,42.0
62071,52.81,13.6,42.0
62072,50.91,4.87,42.0
62073,51.77,16.28,42.0
62074,51.86,4.76,42.0
62075,50.7,14.48,42.0
62076,49.08,0.0,42.0
62077,50.92,15.79,42.0
62078,49.14,11.67,42.0
62079,50.0,25.0,42.0
62080,46.95,4.65,42.0
62081,49.89,9.62,42.0
62082,48.22,10.0,42.0
62083,52.68,4.69,42.0
62084,49.76,8.03,42.0
62085,51.16,25.0,42.0
62086,50.12,15.15,42.0
62087,48.26,7.52,42.0
62088,48.86,10.53,42.0
62089,46.81,15.79,42.0
62090,45.21,12.5,42.0
62091,54.08,0.0,42.0
62092,51.49,13.99,42.0
62093,42.4,13.04,42.0
62094,50.52,5.26,42.0
62095,47.3,6.67,42.0
62096,51.12,13.73,42.0
62097,51.0,7.35,42.0
62099,53.03,9.51,42.0
62100,50.89,2.26,42.0
62101,47.1,0.0,42.0
62102,49.8,0.0,42.0
62103,45.61,16.67,42.0
62104,48.31,7.69,42.0
62105,53.52,11.32,42.0
62106,50.7,0.0,42.0
62107,50.74,5.26,42.0
62108,54.86,6.73,42.0
62109,50.7,17.65,42.0
62111,50.72,0.0,42.0
62112,48.79,2.22,42.0
62113,50.09,21.15,42.0
62114,51.83,5.56,42.0
62115,53.34,15.38,42.0
62116,53.33,0.0,42.0
62117,50.42,2.3,42.0
62118,48.75,6.67,42.0
62119,51.4,12.32,42.0
62120,49.22,20.09,42.0
62121,46.55,0.0,42.0
62122,50.81,2.79,42.0
62123,49.77,12.06,42.0
62124,50.99,6.19,42.0
62125,49.67,10.87,42.0
62126,51.66,7.47,42.0
62127,49.73,6.67,42.0
62128,51.78,10.26,42.0
62129,43.48,10.0,42.0
62130,50.26,12.07,42.0
62131,48.33,7.69,42.0
62132,50.91,11.76,42.0
62133,52.53,4.6,42.0
62134,48.65,0.0,42.0
62135,48.37,6.9,42.0
62137,46.39,8.33,42.0
62138,51.68,4.65,42.0
62139,50.38,4.4,42.0
62140,48.8,2.18,42.0
62141,49.09,7.32,42.0
62142,51.59,8.33,42.0
62143,47.83,0.0,42.0
62144,49.57,18.18,42.0
62145,52.17,6.98,42.0
62146,51.94,3.85,42.0
62147,47.67,3.12,42.0
62148,52.33,13.25,42.0
62149,48.07,4.0,42.0
62150,49.54,13.73,42.0
62151,51.51,6.25,42.0
62152,52.34,11.11,42.0
62153,50.24,14.29,42.0
62154,49.51,5.05,42.0
62155,50.54,6.53,42.0
62156,50.17,12.07,42.0
62157,50.67,0.0,42.0
62158,50.57,1.64,42.0
62160,52.94,8.78,42.0
62161,48.34,3.93,42.0
62162,51.23,11.13,42.0
62163,50.8,5.27,42.0
62164,50.86,15.24,42.0
62165,46.82,10.0,42.0
62166,47.62,4.69,42.0
62167,49.15,9.09,42.0
62168,53.26,9.72,42.0
62169,52.1,8.33,42.0
62170,51.03,14.35,42.0
62171,50.64,6.67,42.0
62172,50.55,12.12,42.0
62173,52.44,12.07,42.0
62174,52.8,6.31,42.0
62175,53.5,7.69,42.0
62176,49.84,3.3,42.0
62177,51.26,3.7,42.0
62178,51.81,5.69,42.0
62179,53.77,12.2,42.0
62180,49.49,10.71,42.0
62181,51.26,6.47,42.0
62182,49.99,10.53,42.0
62183,51.79,1.33,42.0
62184,52.57,9.09,42.0
62185,46.26,10.71,42.0
62186,52.06,7.78,42.0
62187,48.5,19.05,42.0
62188,51.55,5.38,42.0
62189,48.87,0.0,42.0
62190,51.12,9.92,42.0
62191,52.5,1.95,42.0
62192,50.47,7.14,42.0
62193,51.83,7.3,42.0
62194,51.36,2.82,42.0
62195,49.31,8.67,42.0
62196,51.1,13.28,42.0
62197,51.86,4.61,42.0
62198,52.33,14.29,42.0
62199,48.86,22.22,42.0
62200,51.63,7.27,42.0
62201,50.84,6.07,42.0
62202,46.52,4.08,42.0
62203,50.24,16.67,42.0
62204,49.02,2.76,42.0
62205,49.85,6.03,42.0
62206,51.56,6.76,42.0
62207,53.5,8.33,42.0
62208,54.55,14.29,42.0
62209,49.4,0.0,42.0
62211,51.57,25.0,42.0
62212,48.92,10.2,42.0
62213,52.19,18.34,42.0
62214,48.99,12.55,42.0
62215,51.6,8.78,42.0
62216,49.29,9.09,42.0
62217,51.57,5.79,42.0
62218,50.16,17.5,42.0
62219,48.67,0.0,42.0
62220,48.19,7.69,42.0
62221,49.35,14.81,42.0
62222,49.43,6.67,42.0
62223,49.64,6.25,42.0
62224,51.4,6.56,42.0
62225,49.81,12.78,42.0
62227,50.27,14.29,42.0
62228,48.09,0.0,42.0
62229,49.61,2.63,42.0
62230,47.52,5.56,42.0
62231,52.34,18.18,42.0
62232,51.06,6.16,42.0
62233,49.13,2.73,42.0
62234,48.2,0.0,42.0
62235,50.43,19.09,42.0
62236,51.21,7.14,42.0
62237,47.81,11.94,42.0
62238,51.76,0.0,42.0
62239,53.35,13.74,42.0
62240,51.18,5.81,42.0
62241,50.62,10.71,42.0
62242,53.41,0.0,42.0
62243,48.65,0.0,42.0
62244,51.93,8.98,42.0
62245,47.08,4.55,42.0
62246,51.03,0.0,42.0
62247,49.25,3.45,42.0
62248,47.56,2.13,42.0
62249,51.26,5.49,42.0
62250,51.56,8.34,42.0
62251,51.38,4.08,42.0
62252,50.0,16.05,42.0
62253,48.65,0.0,42.0
62254,51.25,5.36,42.0
62255,49.12,12.1,42.0
62256,52.94,0.0,42.0
62257,49.49,7.17,42.0
62258,49.11,8.7,42.0
62259,48.76,8.32,42.0
62260,51.72,3.85,42.0
62261,53.61,9.66,42.0
62262,50.15,11.03,42.0
62263,53.59,16.14,42.0
62264,51.32,4.1,42.0
62265,49.74,8.55,42.0
62266,51.11,0.0,42.0
62267,50.05,11.9,42.0
62268,52.58,3.54,42.0
62269,49.42,10.67,42.0
62270,51.61,5.69,42.0
62271,50.79,6.58,42.0
62272,46.76,6.67,42.0
62273,50.21,3.57,42.0
62274,51.97,10.67,42.0
62275,49.51,3.0,42.0
62276,50.44,8.11,42.0
62277,51.93,6.83,42.0
62278,51.48,26.75,42.0
62279,50.39,21.01,42.0
62280,49.3,14.99,42.0
62281,45.89,11.11,42.0
62282,43.75,7.69,42.0
62283,53.23,0.0,42.0
62284,51.72,4.43,42.0
62285,52.69,13.64,42.0
62286,51.0,12.08,42.0
62288,51.07,15.56,42.0
62289,49.71,9.77,42.0
62290,48.65,27.5,42.0
62291,53.19,8.78,42.0
62292,51.63,6.85,42.0
62293,44.16,4.0,42.0
62295,50.75,7.43,42.0
62296,52.67,12.5,42.0
62297,50.81,8.33,42.0
62298,49.1,5.56,42.0
62299,47.93,5.0,42.0
62300,51.64,10.51,42.0
62301,45.45,0.0,42.0
62302,46.96,7.69,42.0
62303,50.0,5.0,42.0
62304,48.89,12.89,42.0
62306,54.28,7.55,42.0
62307,54.22,16.09,42.0
62308,48.83,13.64,42.0
62309,51.15,7.95,42.0
62310,52.19,8.75,42.0
62311,51.99,12.11,42.0
62312,54.47,10.71,42.0
62313,51.21,6.68,42.0
62314,49.73,16.55,42.0
62315,49.67,12.12,42.0
62316,46.15,0.0,42.0
62317,49.58,9.76,42.0
62318,50.88,6.39,42.0
62319,50.4,18.52,42.0
62320,48.16,11.11,42.0
62321,52.53,6.11,42.0
62322,54.95,0.0,42.0
62323,47.73,15.38,42.0
62324,51.66,16.98,42.0
62325,52.66,5.9,42.0
62326,50.91,0.0,42.0
62327,48.39,5.45,42.0
62328,51.96,10.39,42.0
62329,50.85,2.07,42.0
62330,50.73,18.83,42.0
62331,48.73,10.23,42.0
62332,50.18,9.55,42.0
62333,49.58,0.0,42.0
62334,48.02,4.43,42.0
62335,50.65,0.0,42.0
62336,49.22,3.04,42.0
62337,48.2,0.0,42.0
62338,51.32,25.23,42.0
62339,53.15,0.0,42.0
62340,48.36,10.45,42.0
62341,48.98,9.85,42.0
62342,43.48,0.0,42.0
62343,47.81,11.74,42.0
62344,52.38,0.0,42.0
62345,48.45,16.67,42.0
62346,50.0,0.0,42.0
62347,57.36,0.0,42.0
62348,56.46,7.69,42.0
62349,50.84,9.59,42.0
62350,50.81,14.61,42.0
62351,52.89,4.04,42.0
62352,50.43,0.0,42.0
62353,50.21,16.67,42.0
62354,50.85,10.26,42.0
62355,51.11,14.52,42.0
62356,50.18,10.64,42.0
62357,54.84,0.0,42.0
62358,48.51,20.0,42.0
62359,48.11,5.0,42.0
62360,51.05,11.24,42.0
62361,52.19,1.62,42.0
62362,46.86,0.0,42.0
62363,48.32,30.3,42.0
62364,51.53,4.19,42.0
62365,48.11,16.67,42.0
62366,49.31,10.74,42.0
62367,53.65,4.92,42.0
62368,51.16,0.0,42.0
62369,49.56,12.31,42.0
62370,50.81,18.75,42.0
62371,52.14,18.71,42.0
62372,50.0,7.14,42.0
62373,51.57,9.38,42.0
62374,50.0,13.33,42.0
62375,55.06,0.0,42.0
62376,51.68,10.65,42.0
62377,51.2,4.8,42.0
62378,46.67,16.0,42.0
62379,49.22,22.22,42.0
62380,46.48,12.5,42.0
62381,51.52,10.0,42.0
62382,49.55,5.48,42.0
62383,50.33,19.83,42.0
62384,51.49,7.35,42.0
62385,49.53,5.87,42.0
62386,51.62,2.41,42.0
62387,50.16,11.11,42.0
62388,49.66,13.04,42.0
62389,60.61,0.0,42.0
62390,50.81,10.17,42.0
62391,51.24,11.61,42.0
62392,49.76,25.0,42.0
62393,51.24,7.0,42.0
62395,51.01,0.0,42.0
62397,51.51,4.74,42.0
62398,52.8,7.06,42.0
62399,50.14,17.55,42.0
62400,51.23,5.05,42.0
62401,51.68,5.98,42.0
62402,44.55,9.71,42.0
62403,49.39,7.15,42.0
62404,47.78,0.0,42.0
62405,49.21,18.2,42.0
62406,49.01,8.0,42.0
62407,50.8,10.82,42.0
62408,49.19,10.42,42.0
62409,51.66,0.0,42.0
62410,52.88,15.0,42.0
62411,47.06,0.0,42.0
62412,51.85,7.57,42.0
62413,52.24,5.6,42.0
62414,50.68,11.11,42.0
62415,49.69,21.13,42.0
62416,46.7,4.76,42.0
62418,51.35,0.0,42.0
62419,50.26,8.33,42.0
62421,50.7,11.76,42.0
62422,48.47,6.67,42.0
62423,51.67,8.39,42.0
62424,50.9,3.7,42.0
62425,52.55,9.09,42.0
62426,51.61,15.0,42.0
62427,52.82,7.82,42.0
62428,52.26,9.8,42.0
62429,47.24,3.66,42.0
62430,44.37,0.0,42.0
62432,48.69,5.05,42.0
62433,49.4,0.0,42.0
62434,47.79,10.0,42.0
62435,50.47,20.0,42.0
62436,44.72,11.76,42.0
62437,48.21,2.86,42.0
62438,49.02,18.52,42.0
62439,49.01,13.51,42.0
62440,52.14,7.89,42.0
62441,46.12,4.55,42.0
62442,48.54,9.52,42.0
62443,51.41,6.45,42.0
62444,45.18,17.39,42.0
62445,50.3,10.52,42.0
62446,51.48,5.72,42.0
62447,53.99,7.47,42.0
62448,52.46,10.37,42.0
62449,48.33,0.0,42.0
62450,50.67,7.14,42.0
62451,51.83,0.0,42.0
62452,49.52,11.54,42.0
62453,53.12,0.0,42.0
62454,50.81,16.07,42.0
62455,47.46,0.0,42.0
62456,49.52,14.29,42.0
62457,52.67,10.27,42.0
62458,47.75,5.61,42.0
62459,49.2,4.76,42.0
62460,51.31,0.0,42.0
62462,45.83,16.67,42.0
62463,55.31,0.0,42.0
62464,51.34,5.39,42.0
62465,49.77,23.53,42.0
62466,50.2,9.52,42.0
62467,48.04,6.25,42.0
62468,50.92,6.67,42.0
62469,52.29,9.61,42.0
62470,40.7,0.0,42.0
62471,49.54,8.33,42.0
62472,49.68,27.78,42.0
62473,51.73,5.93,42.0
62474,50.77,10.08,42.0
62475,52.26,10.0,42.0
62476,48.42,6.52,42.0
62477,49.18,10.6,42.0
62478,47.71,5.26,42.0
62479,52.03,12.77,42.0
62480,51.71,8.13,42.0
62481,48.05,13.33,42.0
62483,50.8,12.0,42.0
62484,48.82,2.87,42.0
62485,46.74,0.0,42.0
62486,50.26,5.68,42.0
62487,50.97,7.5,42.0
62488,51.0,4.41,42.0
62489,52.17,10.25,42.0
62490,48.96,15.38,42.0
62491,51.19,16.04,42.0
62492,51.67,8.33,42.0
62493,49.36,0.0,42.0
62494,46.67,0.0,42.0
62495,48.61,0.0,42.0
62496,51.13,12.5,42.0
62497,52.9,8.53,42.0
62498,52.67,8.05,42.0
62499,47.71,3.7,42.0
62500,49.97,21.21,42.0
62501,48.15,11.11,42.0
62502,49.96,12.06,42.0
62503,48.5,23.33,42.0
62504,50.95,15.38,42.0
62505,51.12,13.18,42.0
62506,51.01,3.36,42.0
62507,51.17,6.67,42.0
62508,47.35,2.33,42.0
62509,47.28,18.75,42.0
62510,52.37,5.44,42.0
62511,46.81,14.29,42.0
62512,49.65,9.68,42.0
62513,47.87,0.0,42.0
62514,48.71,10.0,42.0
62515,49.43,8.51,42.0
62516,51.89,6.4,42.0
62517,48.5,0.0,42.0
62518,52.05,6.25,42.0
62519,49.29,1.82,42.0
62520,50.18,17.53,42.0
62521,50.43,7.14,42.0
62522,45.87,11.11,42.0
62523,51.85,4.12,42.0
62524,51.73,8.19,42.0
62525,49.52,7.58,42.0
62526,44.44,0.0,42.0
62527,53.56,4.1,42.0
62528,52.21,5.97,42.0
62529,49.47,27.44,42.0
62530,48.53,5.77,42.0
62531,49.02,10.0,42.0
62532,48.6,8.85,42.0
62533,47.95,5.56,42.0
62534,50.93,8.12,42.0
62535,50.99,17.65,42.0
62536,51.84,10.72,42.0
62537,52.43,25.0,42.0
62538,49.5,4.65,42.0
62539,48.12,3.57,42.0
62540,52.71,11.64,42.0
62541,47.11,20.0,42.0
62542,47.32,5.0,42.0
62543,50.61,9.47,42.0
62544,47.8,6.67,42.0
62545,44.08,0.0,42.0
62546,51.06,11.54,42.0
62547,52.05,12.5,42.0
62548,51.53,9.5,42.0
62550,52.33,3.16,42.0
62551,52.77,4.55,42.0
62552,52.63,1.41,42.0
62553,48.02,16.13,42.0
62554,48.94,14.29,42.0
62555,53.01,3.64,42.0
62556,48.89,3.22,42.0
62557,50.36,19.15,42.0
62558,51.57,14.29,42.0
62559,51.07,12.2,42.0
62560,51.94,7.49,42.0
62561,50.87,11.11,42.0
62562,48.85,9.09,42.0
62563,51.69,2.64,42.0
62564,48.98,11.92,42.0
62565,54.55,0.0,42.0
62566,50.01,3.87,42.0
62567,50.56,12.77,42.0
62568,50.28,8.66,42.0
62569,48.35,5.17,42.0
62570,52.52,7.1,42.0
62571,51.59,8.13,42.0
62572,49.93,1.52,42.0
62573,51.24,8.21,42.0
62574,48.89,5.56,42.0
62576,50.38,0.0,42.0
62577,51.95,14.29,42.0
62578,50.96,8.33,42.0
62579,50.64,10.11,42.0
62580,49.41,8.16,42.0
62581,49.38,2.71,42.0
62582,50.83,16.19,42.0
62583,50.88,0.0,42.0
62584,47.88,9.59,42.0
62585,52.43,2.78,42.0
62586,48.38,9.33,42.0
62587,53.33,5.37,42.0
62588,54.39,9.88,42.0
62589,49.8,25.8,42.0
62590,54.1,0.0,42.0
62591,50.72,7.14,42.0
62592,47.06,3.71,42.0
62593,50.56,28.57,42.0
62594,52.16,3.85,42.0
62595,48.88,8.18,42.0
62596,49.37,9.09,42.0
62597,49.99,8.66,42.0
62598,51.83,0.0,42.0
62599,56.05,0.0,42.0
62600,50.0,23.08,42.0
62601,53.01,5.26,42.0
62602,52.0,6.67,42.0
62603,50.67,4.48,42.0
62604,52.63,18.79,42.0
62605,59.09,0.0,42.0
62606,51.14,21.19,42.0
62607,45.31,0.0,42.0
62608,47.95,0.0,42.0
62609,49.32,15.84,42.0
62610,50.93,2.99,42.0
62611,49.79,16.67,42.0
62612,48.9,12.31,42.0
62613,50.95,12.85,42.0
62614,48.7,14.98,42.0
62615,50.89,29.17,42.0
62616,53.8,7.14,42.0
62617,52.79,6.12,42.0
62618,51.78,9.24,42.0
62619,44.68,14.29,42.0
62620,52.01,6.78,42.0
62621,49.99,8.31,42.0
62622,46.85,8.0,42.0
62623,49.15,9.46,42.0
62624,52.43,6.85,42.0
62625,48.21,0.0,42.0
62626,52.6,5.77,42.0
62627,49.76,15.73,42.0
62628,52.47,4.2,42.0
62629,44.72,23.53,42.0
62630,51.43,20.69,42.0
62631,52.22,5.13,42.0
62632,51.19,6.67,42.0
62633,50.62,3.57,42.0
62634,50.93,3.42,42.0
62635,49.0,19.05,42.0
62636,53.48,12.0,42.0
62637,52.35,7.47,42.0
62638,51.77,9.26,42.0
62639,52.21,4.42,42.0
62640,48.98,5.41,42.0
62641,50.19,5.88,42.0
62642,52.07,14.08,42.0
62643,52.66,5.71,42.0
62644,51.46,6.82,42.0
62645,50.56,8.02,42.0
62646,50.74,7.54,42.0
62647,50.7,6.31,42.0
62648,51.72,8.77,42.0
62649,50.79,4.94,42.0
62650,50.07,19.35,42.0
62651,52.85,4.17,42.0
62652,52.26,8.55,42.0
62653,50.24,12.82,42.0
62654,51.2,26.03,42.0
62655,47.24,0.0,42.0
62656,51.86,6.57,42.0
62657,48.62,13.16,42.0
62658,49.57,25.0,42.0
62659,50.0,22.22,42.0
62660,47.17,11.07,42.0
62661,49.71,0.0,42.0
62662,49.64,10.02,42.0
62663,49.9,0.0,42.0
62664,48.77,0.0,42.0
62665,51.05,0.0,42.0
62666,50.65,5.92,42.0
62667,52.6,3.41,42.0
62668,49.78,20.0,42.0
62669,49.83,17.65,42.0
62670,51.07,5.4,42.0
62671,51.3,7.69,42.0
62672,53.09,7.02,42.0
62673,46.7,6.86,42.0
62674,49.79,1.62,42.0
62675,48.97,4.76,42.0
62676,49.93,6.12,42.0
62677,46.46,0.0,42.0
62678,51.25,8.47,42.0
62679,48.46,2.8,42.0
62680,50.38,18.31,42.0
62681,49.42,14.02,42.0
62682,53.03,0.0,42.0
62683,45.37,0.0,42.0
62684,49.35,6.42,42.0
62685,48.61,9.14,42.0
62686,48.98,0.0,42.0
62688,51.42,10.2,42.0
62689,47.78,13.16,42.0
62690,48.07,5.74,42.0
62691,49.89,17.72,42.0
62692,46.95,2.63,42.0
62693,49.38,21.98,42.0
62694,47.34,13.16,42.0
62695,50.55,4.35,42.0
62696,49.38,14.29,42.0
62697,48.72,15.79,42.0
62698,52.45,4.55,42.0
62699,48.12,6.9,42.0
62700,46.51,11.11,42.0
62701,49.69,9.61,42.0
62702,50.0,3.33,42.0
62703,48.32,5.18,42.0
62704,49.34,9.26,42.0
62705,50.19,7.65,42.0
62706,49.4,20.0,42.0
62708,42.86,0.0,42.0
62709,46.48,11.13,42.0
62710,43.96,0.0,42.0
62711,51.05,6.27,42.0
62712,51.08,25.49,42.0
62713,49.42,7.8,42.0
62714,50.67,23.68,42.0
62715,53.24,13.79,42.0
62716,49.82,5.45,42.0
62717,50.14,12.5,42.0
62718,48.11,13.13,42.0
62719,48.42,8.96,42.0
62720,47.17,0.0,42.0
62721,49.59,7.22,42.0
62722,52.81,16.67,42.0
62723,50.98,6.25,42.0
62724,52.47,5.9,42.0
62725,47.11,10.0,42.0
62726,46.36,0.0,42.0
62727,51.7,10.73,42.0
62728,48.5,12.39,42.0
62729,50.21,0.0,42.0
62730,50.43,12.08,42.0
62731,49.47,2.83,42.0
62732,51.14,3.12,42.0
62733,51.22,4.17,42.0
62734,50.9,8.95,42.0
62735,51.91,5.53,42.0
62736,51.39,20.39,42.0
62737,52.16,8.91,42.0
62738,48.03,0.0,42.0
62739,50.54,13.89,42.0
62740,51.91,8.0,42.0
62741,47.2,0.0,42.0
62742,55.11,16.0,42.0
62744,51.95,26.82,42.0
62745,49.12,7.14,42.0
62746,52.12,7.02,42.0
62747,49.77,8.0,42.0
62748,48.01,11.32,42.0
62749,48.99,9.68,42.0
62750,53.78,12.12,42.0
62751,52.87,11.54,42.0
62752,50.43,23.08,42.0
62753,54.05,8.55,42.0
62754,49.81,17.72,42.0
62755,53.35,10.92,42.0
62756,48.45,6.12,42.0
62757,53.86,9.76,42.0
62758,53.31,12.4,42.0
62759,53.83,10.0,42.0
62760,50.45,12.5,42.0
62761,47.2,5.26,42.0
62762,50.0,0.0,42.0
62763,53.45,10.45,42.0
62764,53.19,11.14,42.0
62765,50.79,10.29,42.0
62766,50.55,7.7,42.0
62767,52.34,7.79,42.0
62768,47.62,0.0,42.0
62769,48.39,15.38,42.0
62770,53.53,8.3,42.0
62771,52.17,4.24,42.0
62772,48.26,17.24,42.0
62773,50.78,4.92,42.0
62774,52.02,12.05,42.0
62775,45.91,5.26,42.0
62776,51.28,5.26,42.0
62777,46.88,0.0,42.0
62778,50.0,0.0,42.0
62779,48.59,0.0,42.0
62780,53.16,2.78,42.0
62781,52.04,0.0,42.0
62782,49.62,10.87,42.0
62783,51.05,3.44,42.0
62784,50.38,6.27,42.0
62785,50.98,19.79,42.0
62786,50.0,3.57,42.0
62787,48.91,0.0,42.0
62788,49.0,10.0,42.0
62789,48.63,4.17,42.0
62790,49.69,6.25,42.0
62791,49.02,40.0,42.0
62792,48.68,13.16,42.0
62793,50.5,7.89,42.0
62794,49.54,4.07,42.0
62795,50.0,25.0,42.0
62796,49.57,17.55,42.0
62797,50.14,0.0,42.0
62798,48.06,10.0,42.0
62799,52.19,6.67,42.0
62800,46.42,8.57,42.0
62801,51.39,15.97,42.0
62802,48.65,9.52,42.0
62803,48.11,4.23,42.0
62804,49.86,9.1,42.0
62805,50.76,13.64,42.0
62806,46.0,22.22,42.0
62808,48.47,0.0,42.0
62809,45.6,0.0,42.0
62810,51.04,15.52,42.0
62811,51.4,8.41,42.0
62812,48.38,2.74,42.0
62813,50.43,7.69,42.0
62814,51.49,25.0,42.0
62815,50.94,0.0,42.0
62816,50.7,5.56,42.0
62817,50.96,18.24,42.0
62818,49.35,20.0,42.0
62819,51.28,10.61,42.0
62820,47.26,12.9,42.0
62821,51.54,14.81,42.0
62822,52.0,0.0,42.0
62823,52.02,14.29,42.0
62824,51.72,0.0,42.0
62825,48.38,13.44,42.0
62826,56.23,19.73,42.0
62827,50.32,5.93,42.0
62828,49.09,0.0,42.0
62829,48.64,11.36,42.0
62830,48.53,4.76,42.0
62831,49.65,0.0,42.0
62832,51.32,10.6,42.0
62833,46.88,11.11,42.0
62834,55.5,0.0,42.0
62835,46.33,7.76,42.0
62836,51.64,26.74,42.0
62837,48.66,5.15,42.0
62838,48.89,0.0,42.0
62839,50.82,6.82,42.0
62840,53.49,0.0,42.0
62841,50.28,7.21,42.0
62842,51.05,5.79,42.0
62843,52.79,11.76,42.0
62844,50.85,3.92,42.0
62845,50.4,9.9,42.0
62846,50.5,6.25,42.0
62847,47.42,16.29,42.0
62848,51.23,10.04,42.0
62849,52.53,8.84,42.0
62850,46.34,0.0,42.0
62851,47.07,16.46,42.0
62852,48.33,7.87,42.0
62853,48.68,2.47,42.0
62854,51.72,12.73,42.0
62855,47.97,4.55,42.0
62856,48.79,2.86,42.0
62857,48.41,10.0,42.0
62858,47.47,0.0,42.0
62859,56.77,12.5,42.0
62860,50.0,7.14,42.0
62861,53.52,13.23,42.0
62862,46.85,0.0,42.0
62863,51.43,11.23,42.0
62864,48.92,11.19,42.0
62865,51.96,10.77,42.0
62866,49.72,0.0,42.0
62867,49.38,29.41,42.0
62868,49.83,6.48,42.0
62869,50.75,15.45,42.0
62870,49.43,5.61,42.0
62871,47.18,4.35,42.0
62872,46.89,0.0,42.0
62873,48.55,18.75,42.0
62874,48.0,16.9,42.0
62875,51.42,7.44,42.0
62876,53.79,5.0,42.0
62877,48.4,6.67,42.0
62878,52.5,30.3,42.0
62879,49.79,8.14,42.0
62880,47.06,14.29,42.0
62881,46.81,0.0,42.0
62882,52.52,8.09,42.0
62883,55.1,5.88,42.0
62885,48.39,4.35,42.0
62886,48.68,5.26,42.0
62887,47.33,13.51,42.0
62888,48.25,11.11,42.0
62889,48.78,10.53,42.0
62890,51.1,0.0,42.0
62891,49.64,14.29,42.0
62892,49.77,12.7,42.0
62893,53.1,21.03,42.0
62894,51.63,12.6,42.0
62895,51.05,4.54,42.0
62896,47.47,5.18,42.0
62897,48.15,10.42,42.0
62898,49.08,24.96,42.0
62899,51.45,12.37,42.0
62900,50.6,3.56,42.0
62901,47.78,3.23,42.0
62902,51.99,9.25,42.0
62903,49.32,3.77,42.0
62904,49.34,5.36,42.0
62905,48.57,20.79,42.0
62906,48.36,9.2,42.0
62907,52.22,7.55,42.0
62908,50.99,23.85,42.0
62909,49.45,15.91,42.0
63001,52.35,7.59,42.0
63002,49.49,12.5,42.0
63003,52.38,8.98,42.0
63004,50.78,3.19,42.0
63005,51.0,12.2,42.0
63006,46.24,0.0,42.0
63007,49.7,11.11,42.0
63008,50.31,3.47,42.0
63009,50.65,10.0,42.0
63010,53.03,6.32,42.0
63011,48.86,4.55,42.0
63012,47.96,8.33,42.0
63013,48.82,9.41,42.0
63014,50.77,22.81,42.0
63015,48.35,15.0,42.0
63016,53.47,3.66,42.0
63017,51.79,8.33,42.0
63019,52.22,4.18,42.0
63020,49.39,12.5,42.0
63021,51.13,7.58,42.0
63022,51.23,1.64,42.0
63023,49.76,11.11,42.0
63024,47.8,5.0,42.0
63025,46.04,11.11,42.0
63026,49.66,19.42,42.0
63027,51.35,0.0,42.0
63028,48.91,7.69,42.0
63029,48.86,8.33,42.0
63030,47.69,6.45,42.0
63031,48.82,10.87,42.0
63032,54.74,24.16,42.0
63033,49.61,14.71,42.0
63034,51.39,17.87,42.0
63035,51.33,11.34,42.0
63036,49.86,9.09,42.0
63037,49.2,8.33,42.0
63038,51.7,9.21,42.0
63039,50.32,3.85,42.0
63040,53.32,11.88,42.0
63041,40.65,3.92,42.0
63042,52.29,15.26,42.0
63043,45.8,4.17,42.0
63044,47.97,8.7,42.0
63045,49.61,13.8,42.0
63046,48.85,14.81,42.0
63047,53.14,8.3,42.0
63048,50.86,4.05,42.0
63049,50.47,12.16,42.0
63050,53.64,3.87,42.0
63051,47.85,13.79,42.0
63052,51.77,9.42,42.0
63053,49.06,7.41,42.0
63054,50.0,10.34,42.0
63055,48.78,6.12,42.0
63056,45.11,3.23,42.0
63057,50.37,5.51,42.0
63058,50.41,15.09,42.0
63059,47.06,17.39,42.0
63060,48.6,16.67,42.0
63061,50.99,8.33,42.0
63062,44.99,4.76,42.0
63063,52.6,16.32,42.0
63064,44.87,0.0,42.0
63065,50.0,0.0,42.0
63066,49.17,3.5,42.0
63067,53.85,0.0,42.0
63069,52.17,16.08,42.0
63070,52.02,29.34,42.0
63071,48.21,16.0,42.0
63072,53.1,7.19,42.0
63073,52.35,20.12,42.0
63074,50.27,6.25,42.0
63075,56.1,30.94,42.0
63076,51.75,0.0,42.0
63077,48.89,4.88,42.0
63079,45.64,0.0,42.0
63080,52.78,9.74,42.0
63081,49.12,0.0,42.0
63082,48.83,18.0,42.0
63083,52.11,14.9,42.0
63084,49.27,18.93,42.0
63085,48.41,10.0,42.0
63086,46.53,0.0,42.0
63087,48.53,0.0,42.0
63088,45.88,0.0,42.0
63089,50.11,14.22,42.0
63090,49.09,6.38,42.0
63091,50.88,10.34,42.0
63092,49.41,13.03,42.0
63093,50.13,10.53,42.0
63094,49.9,11.1,42.0
63095,47.57,3.57,42.0
63096,48.37,12.12,42.0
63097,50.63,0.0,42.0
63098,43.52,0.0,42.0
63099,50.34,11.07,42.0
63100,45.17,3.45,42.0
63101,52.94,12.5,42.0
63102,48.81,7.46,42.0
63103,52.52,20.15,42.0
63104,51.24,0.0,42.0
63105,50.68,0.0,42.0
63106,50.34,10.33,42.0
63107,49.15,14.29,42.0
63108,52.1,9.84,42.0
63109,50.94,3.79,42.0
63110,48.33,4.65,42.0
63111,54.92,12.5,42.0
63112,49.29,4.84,42.0
63113,52.35,20.16,42.0
63114,45.51,0.0,42.0
63115,48.36,9.52,42.0
63116,52.15,10.0,42.0
63117,48.8,12.5,42.0
63118,51.31,2.63,42.0
63119,47.83,9.09,42.0
63120,47.83,20.93,42.0
63121,50.45,11.76,42.0
63122,46.03,0.0,42.0
63123,36.83,21.05,42.0
63124,53.34,14.82,42.0
63125,52.32,10.48,42.0
63126,50.08,20.66,42.0
63128,51.6,9.41,42.0
63129,50.3,4.81,42.0
63130,52.51,7.69,42.0
63131,52.03,15.77,42.0
63132,49.51,8.35,42.0
63134,42.65,14.29,42.0
63135,50.61,16.39,42.0
63136,50.82,12.93,42.0
63137,48.0,0.0,42.0
63138,50.08,7.27,42.0
63139,48.78,4.88,42.0
63140,51.35,28.57,42.0
63141,54.81,29.19,42.0
63142,50.93,5.26,42.0
63143,52.6,4.76,42.0
63144,49.7,0.0,42.0
63145,51.63,0.0,42.0
63146,49.22,20.23,42.0
63147,47.25,12.5,42.0
63148,51.27,13.36,42.0
63149,50.68,18.18,42.0
63150,49.65,18.05,42.0
63151,48.48,7.09,42.0
63152,50.54,8.7,42.0
63153,52.05,0.0,42.0
63154,50.72,15.38,42.0
63155,48.46,15.75,42.0
63156,42.11,0.0,42.0
63157,49.96,9.09,42.0
63158,55.66,0.0,42.0
63159,50.37,0.0,42.0
63160,49.25,12.9,42.0
63161,51.9,0.0,42.0
63162,50.2,8.47,42.0
63163,49.5,11.33,42.0
63164,51.88,10.0,42.0
63165,52.49,5.13,42.0
63166,45.81,0.0,42.0
63167,51.91,8.11,42.0
63168,50.82,11.54,42.0
63169,50.0,0.0,42.0
63170,49.65,3.43,42.0
63171,51.6,13.79,42.0
63172,49.06,33.33,42.0
63173,47.5,0.0,42.0
63174,44.17,11.11,42.0
63175,53.65,4.76,42.0
63176,46.02,8.33,42.0
63177,46.92,4.76,42.0
63178,52.81,8.77,42.0
63179,49.39,3.22,42.0
63180,51.54,12.5,42.0
63181,50.07,9.68,42.0
63182,48.78,9.08,42.0
63183,53.85,20.0,42.0
63184,46.6,4.33,42.0
63185,50.62,1.43,42.0
63186,48.42,12.5,42.0
63187,50.25,4.26,42.0
63188,50.52,17.35,42.0
63189,47.86,6.06,42.0
63190,50.04,18.21,42.0
63191,49.02,0.0,42.0
63192,52.19,11.86,42.0
63193,53.29,9.83,42.0
63194,50.79,8.14,42.0
63195,53.66,12.03,42.0
63196,48.76,7.25,42.0
63197,47.22,0.0,42.0
63198,49.91,17.36,42.0
63199,48.89,7.5,42.0
63200,49.13,11.76,42.0
63201,49.58,12.73,42.0
63202,45.59,0.0,42.0
63203,49.99,18.02,42.0
63204,49.4,10.58,42.0
63205,49.15,9.09,42.0
63206,50.34,12.4,42.0
63207,48.07,9.23,42.0
63208,47.66,13.79,42.0
63209,50.72,12.5,42.0
63210,50.71,6.47,42.0
63211,49.25,4.9,42.0
63212,50.8,34.4,42.0
63213,49.97,13.87,42.0
63214,51.45,12.94,42.0
63215,52.95,11.49,42.0
63216,50.0,33.33,42.0
63218,51.78,12.5,42.0
63219,48.81,3.9,42.0
63220,52.08,0.0,42.0
63221,49.56,0.0,42.0
63222,48.48,11.12,42.0
63223,49.76,6.82,42.0
63224,50.52,8.23,42.0
63225,49.4,1.3,42.0
63226,50.39,17.93,42.0
63227,49.48,18.28,42.0
63228,47.19,14.81,42.0
63229,48.93,10.53,42.0
63230,49.16,4.76,42.0
63231,52.94,6.39,42.0
63232,51.58,11.18,42.0
63233,49.23,2.7,42.0
63234,50.38,6.82,42.0
63235,49.36,26.27,42.0
63236,54.04,3.36,42.0
63237,51.34,0.0,42.0
63238,44.43,5.56,42.0
63239,47.72,6.67,42.0
63240,49.89,12.5,42.0
63241,47.19,16.67,42.0
63242,50.65,0.0,42.0
63243,45.95,6.45,42.0
63244,50.89,12.12,42.0
63245,52.62,20.19,42.0
63246,47.59,8.07,42.0
63247,50.15,3.64,42.0
63248,48.01,7.68,42.0
63249,48.87,8.51,42.0
63250,50.27,9.2,42.0
63251,47.3,7.69,42.0
63252,47.82,14.29,42.0
63253,51.49,2.94,42.0
63254,50.91,22.48,42.0
63255,47.97,8.7,42.0
63256,48.41,0.0,42.0
63257,50.9,12.82,42.0
63258,50.82,3.7,42.0
63259,49.85,6.67,42.0
63260,55.21,8.33,42.0
63261,49.15,14.29,42.0
63262,50.86,26.53,42.0
63263,50.82,21.45,42.0
63264,43.78,4.76,42.0
63265,50.41,13.71,42.0
63267,50.14,8.83,42.0
63268,53.69,10.34,42.0
63269,50.21,6.74,42.0
63270,53.13,14.29,42.0
63271,49.02,6.38,42.0
63272,51.81,28.43,42.0
63273,50.34,11.85,42.0
63274,49.47,2.75,42.0
63275,51.96,7.43,42.0
63276,52.24,14.3,42.0
63277,50.0,0.0,42.0
63278,50.27,3.17,42.0
63279,48.76,0.0,42.0
63280,50.68,7.69,42.0
63281,52.45,12.57,42.0
63282,48.04,20.47,42.0
63283,52.92,5.88,42.0
63284,52.37,14.32,42.0
63285,53.57,4.05,42.0
63286,46.07,0.0,42.0
63287,50.95,9.34,42.0
63288,47.7,11.42,42.0
63289,48.72,3.7,42.0
63290,44.89,0.0,42.0
63291,52.57,8.05,42.0
63292,51.03,0.0,42.0
63293,46.83,6.67,42.0
63294,49.27,6.88,42.0
63295,53.14,5.97,42.0
63296,48.63,11.94,42.0
63297,50.61,4.76,42.0
63298,45.52,8.33,42.0
63299,47.57,8.33,42.0
63300,52.63,17.37,42.0
63301,51.68,9.84,42.0
63302,50.69,23.8,42.0
63303,42.86,0.0,42.0
63304,48.18,0.0,42.0
63305,50.36,12.3,42.0
63306,46.96,20.43,42.0
63307,52.9,22.26,42.0
63308,52.47,25.16,42.0
63309,47.39,8.07,42.0
63310,47.37,17.39,42.0
63311,50.8,3.33,42.0
63312,45.39,0.0,42.0
63313,42.34,0.0,42.0
63314,50.75,8.16,42.0
63315,51.35,18.18,42.0
63317,50.02,9.8,42.0
63318,49.16,11.46,42.0
63319,52.15,8.2,42.0
63320,51.51,6.79,42.0
63321,48.83,10.33,42.0
63322,51.92,15.17,42.0
63323,44.09,0.0,42.0
63324,48.05,0.0,42.0
63325,49.03,18.0,42.0
63326,47.82,9.67,42.0
63327,49.81,17.73,42.0
63328,52.63,0.0,42.0
63329,46.46,0.0,42.0
63331,44.1,0.0,42.0
63332,48.16,3.7,42.0
63333,49.8,5.0,42.0
63334,50.92,5.91,42.0
63335,50.74,9.3,42.0
63336,44.95,0.0,42.0
63337,50.0,20.0,42.0
63338,52.67,5.63,42.0
63339,43.85,7.14,42.0
63340,49.05,6.06,42.0
63341,50.65,6.72,42.0
63342,47.56,3.57,42.0
63343,48.55,12.5,42.0
63344,44.97,12.5,42.0
63345,50.42,24.51,42.0
63346,47.3,18.75,42.0
63347,49.63,14.53,42.0
63348,45.99,0.0,42.0
63349,48.86,4.9,42.0
63350,47.91,15.79,42.0
63351,39.39,0.0,42.0
63352,52.98,6.21,42.0
63353,52.05,3.33,42.0
63354,51.1,5.22,42.0
63355,51.21,9.09,42.0
63356,46.02,15.63,42.0
63357,40.54,16.67,42.0
63358,50.54,3.12,42.0
63359,49.38,8.33,42.0
63360,52.0,8.33,42.0
63362,49.98,7.2,42.0
63363,49.54,18.18,42.0
63364,53.01,9.09,42.0
63365,52.08,23.33,42.0
63366,44.75,3.57,42.0
63367,44.72,0.0,42.0
63368,50.75,9.52,42.0
63369,49.17,6.67,42.0
63370,50.61,0.0,42.0
63371,48.68,0.0,42.0
63372,50.67,21.69,42.0
63373,47.53,6.25,42.0
63374,47.76,6.45,42.0
63375,53.93,15.38,42.0
63376,43.92,15.52,42.0
63377,51.46,0.0,42.0
63378,49.87,13.96,42.0
63379,50.85,7.81,42.0
63380,51.24,1.33,42.0
63381,50.84,12.93,42.0
63382,48.13,5.56,42.0
63383,50.97,7.41,42.0
63384,47.01,0.0,42.0
63385,49.57,8.9,42.0
63386,53.93,7.55,42.0
63387,51.86,9.64,42.0
63388,51.1,1.85,42.0
63389,50.91,12.5,42.0
63390,47.63,13.51,42.0
63391,48.5,13.04,42.0
63392,49.2,1.64,42.0
63393,52.74,7.16,42.0
63394,53.4,18.75,42.0
63395,49.8,13.64,42.0
63396,49.49,21.3,42.0
63397,48.74,9.24,42.0
63398,50.59,0.0,42.0
63399,48.24,0.0,42.0
63400,48.09,4.54,42.0
63401,50.83,0.0,42.0
63402,46.21,3.57,42.0
63403,50.13,21.95,42.0
63404,49.55,13.56,42.0
63405,48.11,20.01,42.0
63406,50.75,9.68,42.0
63407,49.65,13.79,42.0
63408,43.71,6.25,42.0
63409,51.61,0.0,42.0
63410,44.76,6.25,42.0
63411,50.54,12.24,42.0
63412,49.65,4.08,42.0
63413,50.0,9.87,42.0
63414,50.09,11.76,42.0
63415,50.81,16.17,42.0
63416,44.09,14.29,42.0
63417,51.1,12.19,42.0
63418,50.7,7.27,42.0
63419,47.96,6.38,42.0
63420,48.03,6.17,42.0
63421,47.5,0.0,42.0
63422,47.7,8.07,42.0
63423,48.6,10.71,42.0
63424,49.43,15.49,42.0
63425,49.94,18.79,42.0
63426,50.07,4.94,42.0
63427,51.01,30.91,42.0
63428,43.69,3.45,42.0
63429,50.85,20.0,42.0
63430,50.24,6.58,42.0
63431,46.67,11.11,42.0
63432,49.95,14.53,42.0
63433,48.75,20.0,42.0
63434,49.26,4.76,42.0
63435,48.5,19.23,42.0
63436,45.0,0.0,42.0
63437,45.71,20.0,42.0
63438,50.2,12.24,42.0
63439,49.38,10.71,42.0
63440,44.83,0.0,42.0
63441,45.41,16.67,42.0
63442,54.72,25.0,42.0
63443,50.27,25.74,42.0
63444,47.4,3.45,42.0
63445,46.44,17.24,42.0
63446,48.61,10.42,42.0
63447,46.97,0.0,42.0
63448,49.62,5.17,42.0
63449,49.24,12.9,42.0
63450,47.58,4.17,42.0
63451,50.83,8.15,42.0
63452,45.83,0.0,42.0
63453,50.09,10.65,42.0
63454,49.53,4.55,42.0
63455,51.66,23.38,42.0
63456,51.95,11.76,42.0
63457,51.64,14.87,42.0
63458,47.26,5.56,42.0
63459,51.49,5.77,42.0
63460,46.29,6.45,42.0
63461,50.23,9.42,42.0
63462,42.87,7.14,42.0
63463,48.89,11.54,42.0
63464,50.89,8.33,42.0
63465,51.69,8.82,42.0
63466,46.94,11.11,42.0
63467,45.61,0.0,42.0
63468,47.76,0.0,42.0
63469,50.59,10.0,42.0
63470,50.02,14.07,42.0
63471,49.85,6.41,42.0
63472,51.79,13.7,42.0
63473,48.61,10.53,42.0
64001,48.56,17.39,42.0
64002,52.2,6.25,42.0
64003,49.78,4.55,42.0
64004,49.21,0.0,42.0
64005,48.66,7.14,42.0
64006,52.3,7.5,42.0
64007,51.58,7.96,42.0
64008,50.31,3.87,42.0
64009,50.32,9.17,42.0
64010,50.36,12.5,42.0
64011,52.17,12.5,42.0
64012,50.0,0.0,42.0
64013,52.91,15.38,42.0
64014,49.56,9.4,42.0
64015,50.72,13.33,42.0
64016,45.88,0.0,42.0
64017,51.64,3.57,42.0
64018,48.65,19.44,42.0
64019,50.7,0.0,42.0
64021,48.17,3.47,42.0
64022,46.38,17.65,42.0
64023,51.3,17.65,42.0
64024,53.96,16.44,42.0
64025,43.16,12.5,42.0
64026,52.96,2.94,42.0
64027,52.3,22.73,42.0
64028,52.74,5.56,42.0
64029,52.14,3.49,42.0
64031,49.43,0.0,42.0
64032,51.85,0.0,42.0
64033,50.75,6.25,42.0
64034,47.25,39.79,42.0
64035,50.2,12.5,42.0
64036,49.14,11.11,42.0
64037,49.09,13.82,42.0
64038,50.39,22.35,42.0
64039,51.22,7.41,42.0
64040,49.51,2.94,42.0
64041,49.03,24.54,42.0
64042,49.07,8.47,42.0
64043,51.69,14.81,42.0
64044,50.0,0.0,42.0
64045,40.3,0.0,42.0
64046,49.26,9.76,42.0
64047,49.58,0.0,42.0
64048,47.29,0.0,42.0
64049,48.18,10.0,42.0
64050,46.32,0.0,42.0
64051,47.72,8.46,42.0
64052,52.38,11.11,42.0
64053,46.88,5.56,42.0
64054,52.33,15.07,42.0
64056,50.0,12.5,42.0
64057,50.12,6.89,42.0
64058,50.68,8.51,42.0
64059,49.14,19.6,42.0
64060,51.63,21.23,42.0
64061,51.39,7.31,42.0
64062,50.9,7.43,42.0
64063,52.43,8.81,42.0
64064,50.6,2.5,42.0
64065,51.3,12.18,42.0
64066,50.87,0.0,42.0
64067,51.64,16.76,42.0
64068,48.9,10.64,42.0
64069,51.9,6.9,42.0
64070,50.0,5.88,42.0
64071,48.82,4.35,42.0
64072,49.92,17.18,42.0
64073,51.57,7.41,42.0
64074,36.96,0.0,42.0
64075,50.57,0.0,42.0
64077,48.55,8.33,42.0
64078,48.4,14.29,42.0
64079,45.54,0.0,42.0
64080,48.74,13.93,42.0
64081,49.79,20.0,42.0
64082,46.15,0.0,42.0
64083,49.32,13.33,42.0
64084,46.92,10.0,42.0
64085,49.06,0.0,42.0
64086,47.71,10.46,42.0
64087,48.34,2.64,42.0
64088,49.18,10.34,42.0
64089,49.62,14.29,42.0
64090,47.5,14.29,42.0
64091,50.91,12.47,42.0
64092,46.1,2.7,42.0
64093,49.49,8.96,42.0
64094,50.71,7.36,42.0
64095,46.73,3.51,42.0
64096,48.66,5.26,42.0
64097,51.23,11.22,42.0
64098,44.44,0.0,42.0
64099,50.0,0.0,42.0
64100,51.86,22.39,42.0
64101,49.35,12.07,42.0
64102,53.31,13.43,42.0
64103,49.28,16.26,42.0
64104,51.39,11.11,42.0
64105,50.3,4.17,42.0
64106,48.51,2.78,42.0
64107,48.44,10.0,42.0
64108,49.4,9.95,42.0
64109,51.43,9.42,42.0
64110,49.32,5.26,42.0
64111,50.0,0.0,42.0
64112,50.7,3.12,42.0
64113,52.59,0.0,42.0
64114,47.19,13.21,42.0
64115,56.32,8.33,42.0
64116,50.33,16.44,42.0
64117,56.85,11.11,42.0
64118,42.0,0.0,42.0
64119,51.41,12.7,42.0
64120,49.29,7.26,42.0
64121,47.72,35.29,42.0
64122,55.58,21.03,42.0
64123,49.32,11.29,42.0
64124,49.42,10.67,42.0
64125,51.22,15.19,42.0
64126,53.92,12.9,42.0
64127,50.96,4.15,42.0
64128,46.54,15.0,42.0
64129,54.25,12.61,42.0
64130,51.55,8.11,42.0
64131,50.87,7.55,42.0
64132,53.0,24.82,42.0
64133,50.83,12.31,42.0
64134,50.0,4.35,42.0
64135,49.61,18.06,42.0
64136,48.25,0.0,42.0
64137,52.4,13.17,42.0
64138,50.94,13.65,42.0
64139,51.67,21.71,42.0
64140,51.52,9.47,42.0
64141,50.19,12.06,42.0
64142,51.34,8.43,42.0
64143,48.41,11.76,42.0
64144,50.99,12.5,42.0
64145,50.0,14.89,42.0
64146,52.95,10.67,42.0
64147,50.01,10.92,42.0
64148,51.04,4.42,42.0
64149,52.76,4.55,42.0
64150,47.37,14.29,42.0
64151,54.55,0.0,42.0
64152,51.26,30.98,42.0
64153,51.85,0.0,42.0
64154,48.82,0.0,42.0
64155,47.0,33.33,42.0
64156,50.71,12.82,42.0
64157,50.54,3.73,42.0
64158,46.2,17.65,42.0
64159,50.53,0.0,42.0
64160,54.38,9.78,42.0
64161,50.79,3.23,42.0
64162,44.86,0.0,42.0
64165,46.26,9.68,42.0
64166,45.45,17.65,42.0
64167,49.77,8.33,42.0
64168,50.19,4.92,42.0
64170,47.5,15.79,42.0
64171,45.98,21.74,42.0
64172,49.44,10.34,42.0
64173,51.88,5.56,42.0
64174,47.07,0.0,42.0
64175,51.47,6.25,42.0
64176,47.17,22.22,42.0
64177,50.37,7.14,42.0
64178,49.95,2.77,42.0
64179,48.59,18.18,42.0
64180,47.85,5.0,42.0
64181,50.3,16.67,42.0
64182,47.83,12.5,42.0
64183,49.79,11.95,42.0
64184,49.31,15.24,42.0
64185,40.98,14.29,42.0
64186,48.17,0.0,42.0
64187,55.22,9.09,42.0
64188,50.67,2.97,42.0
64189,53.13,8.8,42.0
64190,47.08,4.76,42.0
64191,51.13,11.3,42.0
64192,54.95,0.0,42.0
64193,42.86,0.0,42.0
64194,47.21,2.94,42.0
64195,52.63,0.0,42.0
64196,56.3,10.0,42.0
64197,51.85,13.64,42.0
64198,51.06,10.14,42.0
64199,56.35,0.0,42.0
64200,51.34,0.0,42.0
64201,53.31,5.32,42.0
64202,53.23,5.14,42.0
64203,48.57,6.45,42.0
64204,47.06,0.0,42.0
64205,54.85,5.88,42.0
64206,52.99,0.0,42.0
64207,48.82,4.27,42.0
64208,49.13,0.0,42.0
64209,47.89,13.73,42.0
64210,48.95,14.29,42.0
64211,48.95,11.11,42.0
64212,53.94,18.75,42.0
64213,51.36,6.45,42.0
64214,51.68,2.27,42.0
64215,42.12,8.43,42.0
64216,50.24,10.08,42.0
64217,49.61,6.84,42.0
64218,46.76,2.72,42.0
64219,49.68,12.06,42.0
64220,50.72,14.29,42.0
64221,44.11,0.0,42.0
64222,53.33,0.0,42.0
64223,49.41,0.0,42.0
64224,51.62,8.03,42.0
64225,51.05,15.23,42.0
64226,44.83,21.43,42.0
64227,51.12,16.13,42.0
64228,46.27,0.0,42.0
64229,49.6,7.69,42.0
64230,51.74,14.75,42.0
64231,50.98,2.27,42.0
64232,49.09,11.11,42.0
64233,51.94,6.82,42.0
64234,46.16,3.85,42.0
64235,50.16,11.76,42.0
64236,47.46,0.0,42.0
64237,52.16,18.13,42.0
64238,49.53,14.79,42.0
64239,47.52,0.0,42.0
64240,53.39,20.0,42.0
64241,50.78,0.0,42.0
64242,53.42,0.0,42.0
64243,44.18,0.0,42.0
64244,50.8,9.09,42.0
64245,52.43,10.51,42.0
64246,51.85,13.79,42.0
64247,50.84,6.53,42.0
64249,52.34,11.21,42.0
64250,49.67,11.0,42.0
64251,50.22,6.67,42.0
64252,53.41,9.57,42.0
64253,51.21,3.57,42.0
64254,47.57,4.35,42.0
64255,54.11,6.25,42.0
64256,50.52,8.3,42.0
64257,50.15,8.57,42.0
64258,51.16,0.0,42.0
64259,46.24,6.63,42.0
64260,52.31,12.5,42.0
64261,46.53,8.57,42.0
64262,51.12,0.0,42.0
64263,49.22,26.32,42.0
64264,52.46,0.0,42.0
64265,55.0,22.22,42.0
64266,50.65,11.11,42.0
64267,45.21,0.0,42.0
64268,49.17,0.0,42.0
64269,52.54,34.28,42.0
64270,51.34,8.66,42.0
64271,52.96,0.0,42.0
64272,47.59,9.09,42.0
64273,47.56,5.95,42.0
64274,51.08,10.34,42.0
64275,51.8,14.29,42.0
64276,49.8,0.0,42.0
64277,50.94,10.3,42.0
64279,50.67,13.58,42.0
64280,53.21,0.0,42.0
64281,53.79,7.69,42.0
64282,49.68,13.85,42.0
64283,47.69,11.11,42.0
64284,52.9,13.68,42.0
64285,51.5,0.0,42.0
64286,48.14,12.2,42.0
64287,51.08,10.0,42.0
64288,48.31,11.41,42.0
64289,51.47,17.98,42.0
64290,50.25,18.52,42.0
64291,50.45,11.11,42.0
64292,47.31,18.52,42.0
64293,47.06,23.53,42.0
64294,54.17,0.0,42.0
64295,43.24,16.67,42.0
64296,51.03,12.5,42.0
64297,49.7,17.65,42.0
64298,43.11,0.0,42.0
64299,49.73,16.0,42.0
64300,50.01,11.34,42.0
64301,51.54,14.9,42.0
64302,49.11,8.33,42.0
64303,45.16,6.67,42.0
64304,50.63,14.27,42.0
64305,51.13,6.38,42.0
64306,51.48,11.71,42.0
64307,52.15,0.0,42.0
64308,49.13,21.43,42.0
64309,47.47,15.79,42.0
64310,49.12,4.17,42.0
64311,45.14,12.5,42.0
64312,52.4,17.39,42.0
64313,46.84,4.35,42.0
64314,47.73,3.12,42.0
64315,52.37,13.21,42.0
64316,46.55,10.52,42.0
64317,49.18,10.05,42.0
64318,51.04,4.55,42.0
64319,50.27,4.76,42.0
64320,50.73,5.61,42.0
64321,51.21,9.52,42.0
64322,48.12,7.41,42.0
64323,49.54,0.0,42.0
64324,48.82,10.13,42.0
64325,50.0,19.05,42.0
64326,55.38,16.67,42.0
64327,46.86,15.38,42.0
64328,50.1,8.43,42.0
64329,50.04,36.07,42.0
64330,46.5,7.16,42.0
64331,51.47,6.06,42.0
64332,48.8,0.0,42.0
64334,50.48,0.0,42.0
64335,50.93,20.53,42.0
64336,44.03,7.14,42.0
64337,48.0,0.0,42.0
64338,51.45,17.65,42.0
64339,50.7,11.59,42.0
64340,48.84,0.0,42.0
64341,47.51,9.09,42.0
64342,51.01,5.56,42.0
64343,50.05,7.99,42.0
64344,52.16,12.07,42.0
64345,47.42,0.0,42.0
64346,47.57,8.0,42.0
64347,46.89,14.29,42.0
64348,52.79,17.8,42.0
64349,46.7,6.58,42.0
64350,48.83,2.3,42.0
64351,46.9,15.38,42.0
64352,51.12,16.24,42.0
64353,49.58,15.0,42.0
64354,45.11,13.33,42.0
64355,42.45,8.33,42.0
64356,48.08,0.0,42.0
64357,53.97,0.0,42.0
64358,51.26,0.0,42.0
64359,47.41,9.52,42.0
64360,48.06,0.0,42.0
64361,51.65,0.0,42.0
64362,45.87,14.24,42.0
64363,45.13,9.38,42.0
64364,51.23,4.84,42.0
64365,51.13,13.89,42.0
64366,55.36,8.33,42.0
64367,51.83,9.76,42.0
64368,48.4,11.76,42.0
64369,47.84,9.52,42.0
64370,49.31,19.61,42.0
64371,53.58,11.98,42.0
64372,51.06,14.29,42.0
64373,53.33,20.53,42.0
64374,50.93,4.63,42.0
64375,48.22,4.55,42.0
64376,47.63,16.32,42.0
64377,48.95,8.0,42.0
64378,48.09,5.0,42.0
64379,52.49,7.69,42.0
64380,46.36,11.76,42.0
64381,50.72,4.09,42.0
64382,48.59,9.42,42.0
64383,54.74,0.0,42.0
64385,49.82,17.39,42.0
64386,51.11,13.46,42.0
64387,49.09,6.15,42.0
64388,54.31,15.38,42.0
64389,48.27,5.56,42.0
64390,52.83,0.0,42.0
64391,49.83,4.17,42.0
64392,47.92,7.14,42.0
64393,51.05,15.03,42.0
64394,48.72,0.0,42.0
64395,55.97,0.0,42.0
64396,49.27,1.64,42.0
64397,48.74,16.67,42.0
64398,48.27,7.69,42.0
64399,50.02,21.28,42.0
64400,49.24,14.43,42.0
64401,43.21,11.11,42.0
64403,47.96,6.67,42.0
64404,48.75,3.57,42.0
64405,52.14,16.42,42.0
64406,51.6,9.84,42.0
64407,50.69,14.18,42.0
64408,45.0,0.0,42.0
64409,52.38,6.41,42.0
64410,52.89,3.74,42.0
64411,49.86,4.76,42.0
64412,50.0,36.36,42.0
64413,49.06,10.67,42.0
64414,47.54,0.0,42.0
64415,50.9,9.09,42.0
64416,52.82,9.61,42.0
64417,54.98,17.15,42.0
64418,47.86,27.27,42.0
64419,51.65,21.87,42.0
64420,45.25,4.55,42.0
64421,50.73,6.52,42.0
64422,54.48,8.41,42.0
64423,51.65,0.0,42.0
64424,45.92,0.0,42.0
64425,49.52,0.0,42.0
64426,48.9,3.57,42.0
64427,48.67,0.0,42.0
64428,54.55,27.27,42.0
64429,47.57,16.67,42.0
64430,53.16,11.25,42.0
64431,49.62,6.2,42.0
64432,47.25,22.22,42.0
64433,48.1,5.52,42.0
64434,51.02,14.29,42.0
64435,50.69,10.0,42.0
64436,50.68,11.9,42.0
64437,50.0,0.0,42.0
64438,46.49,21.83,42.0
64439,50.08,19.59,42.0
64440,48.27,12.9,42.0
64441,47.25,0.0,42.0
64442,47.04,6.06,42.0
64443,50.7,6.84,42.0
64444,51.0,22.5,42.0
64445,53.36,18.99,42.0
64446,53.96,0.0,42.0
64447,48.57,0.0,42.0
64448,50.9,15.23,42.0
64449,49.08,0.0,42.0
64450,47.5,12.5,42.0
64451,53.61,11.11,42.0
64452,47.68,21.88,42.0
64453,53.09,9.06,42.0
64454,46.47,6.67,42.0
64455,51.25,0.0,42.0
64456,55.1,0.0,42.0
64457,53.51,22.22,42.0
64458,49.64,7.14,42.0
64459,46.89,8.33,42.0
64460,51.01,18.91,42.0
64461,51.61,8.33,42.0
64462,48.89,15.98,42.0
64463,52.08,21.67,42.0
64464,53.01,66.67,42.0
64465,47.48,15.79,42.0
64466,49.47,9.52,42.0
64467,52.09,24.68,42.0
64468,48.76,0.0,42.0
64469,47.26,13.51,42.0
64470,47.88,13.79,42.0
64471,51.58,15.63,42.0
64472,49.56,20.27,42.0
64473,50.62,4.88,42.0
64474,53.75,7.14,42.0
64475,50.58,5.0,42.0
64476,50.11,18.92,42.0
64477,49.74,4.62,42.0
64478,51.31,28.21,42.0
64479,49.46,0.0,42.0
64480,52.02,10.53,42.0
64481,50.68,20.0,42.0
64482,49.13,13.79,42.0
64483,55.62,12.95,42.0
64484,52.73,3.23,42.0
64485,53.62,10.77,42.0
64486,46.84,0.0,42.0
64487,47.09,4.55,42.0
64488,49.32,14.89,42.0
64489,51.95,0.0,42.0
64490,48.38,6.78,42.0
64491,49.01,0.0,42.0
64492,48.4,11.11,42.0
64493,52.99,10.0,42.0
64494,50.63,24.0,42.0
64495,50.62,6.64,42.0
64496,53.81,10.13,42.0
64498,53.19,10.53,42.0
64499,52.51,10.51,42.0
64500,51.29,0.0,42.0
64501,47.87,17.31,42.0
64502,49.22,6.25,42.0
64503,49.47,14.29,42.0
64504,50.05,4.82,42.0
64505,47.13,3.45,42.0
64506,47.1,0.0,42.0
64507,48.08,5.56,42.0
64508,46.97,33.33,42.0
64509,44.0,0.0,42.0
64510,52.16,7.57,42.0
64511,49.84,17.64,42.0
64512,50.19,0.0,42.0
64513,55.13,7.36,42.0
64514,50.0,25.0,42.0
64515,49.58,3.23,42.0
64516,49.03,11.73,42.0
64517,50.63,0.0,42.0
64518,50.11,23.6,42.0
64519,51.93,17.99,42.0
64520,50.09,30.43,42.0
64521,51.04,16.82,42.0
64522,47.99,5.45,42.0
64523,48.91,5.63,42.0
64524,51.87,2.94,42.0
64525,48.57,8.11,42.0
64526,51.35,12.1,42.0
64527,50.26,8.82,42.0
64528,45.18,12.5,42.0
64529,52.24,20.45,42.0
64530,53.07,7.41,42.0
64531,42.55,50.0,42.0
64532,52.11,0.0,42.0
64533,55.26,2.7,42.0
64534,49.12,0.0,42.0
64535,51.27,1.75,42.0
64536,51.59,15.73,42.0
64537,50.68,0.0,42.0
64538,51.53,9.45,42.0
64539,49.31,4.76,42.0
64540,50.3,11.36,42.0
64542,46.27,0.0,42.0
64543,49.98,11.11,42.0
64544,50.0,12.5,42.0
64545,52.04,9.01,42.0
64546,50.45,6.8,42.0
64547,52.03,9.77,42.0
64548,50.61,10.0,42.0
64549,44.85,7.14,42.0
64550,52.0,29.51,42.0
64551,52.96,12.88,42.0
64552,50.68,5.88,42.0
64554,49.79,9.09,42.0
64555,50.89,9.09,42.0
64556,49.84,0.0,42.0
64557,50.64,6.0,42.0
64558,51.36,10.21,42.0
64559,51.23,5.26,42.0
64560,50.56,23.81,42.0
65001,51.99,14.29,42.0
65002,50.83,5.38,42.0
65003,50.74,14.29,42.0
65004,49.64,11.9,42.0
65005,50.28,18.91,42.0
65006,49.67,6.06,42.0
65007,50.72,7.75,42.0
65009,56.02,0.0,42.0
65010,55.62,20.0,42.0
65011,48.87,8.33,42.0
65012,54.64,28.57,42.0
65013,48.28,0.0,42.0
65014,42.5,0.0,42.0
65015,41.49,0.0,42.0
65016,50.79,12.5,42.0
65017,47.6,6.25,42.0
65018,47.62,0.0,42.0
65019,49.49,12.84,42.0
65020,52.45,0.0,42.0
65021,48.98,5.71,42.0
65022,44.74,7.14,42.0
65023,50.0,0.0,42.0
65024,48.08,10.0,42.0
65025,55.99,7.63,42.0
65026,53.85,0.0,42.0
65028,46.7,0.0,42.0
65029,49.56,20.63,42.0
65031,53.28,3.9,42.0
65032,49.84,10.5,42.0
65033,47.83,0.0,42.0
65034,52.17,0.0,42.0
65035,51.28,12.24,42.0
65036,45.52,18.18,42.0
65037,53.41,0.0,42.0
65038,42.86,33.33,42.0
65039,50.0,0.0,42.0
65040,50.69,10.53,42.0
65041,46.83,0.0,42.0
65042,50.36,12.2,42.0
65043,46.04,12.48,42.0
65044,48.74,19.05,42.0
65045,50.57,10.53,42.0
65046,51.02,0.0,42.0
65047,53.54,10.89,42.0
65048,52.21,6.06,42.0
65049,52.74,11.83,42.0
65050,43.9,0.0,42.0
65051,48.95,6.25,42.0
65052,52.33,14.29,42.0
65053,52.38,0.0,42.0
65054,48.63,7.69,42.0
65055,50.28,10.34,42.0
65056,52.86,8.89,42.0
65057,49.9,13.83,42.0
65058,50.33,0.0,42.0
65059,54.4,10.72,42.0
65060,46.03,0.0,42.0
65061,42.86,16.67,42.0
65062,52.63,16.49,42.0
65063,51.37,22.22,42.0
65064,56.41,0.0,42.0
65065,49.43,7.69,42.0
65066,40.0,0.0,42.0
65067,49.23,7.14,42.0
65068,47.83,0.0,42.0
65069,52.15,8.65,42.0
65070,48.32,18.03,42.0
65071,52.08,16.67,42.0
65072,53.05,7.69,42.0
65073,52.01,8.4,42.0
65074,44.44,10.0,42.0
65075,52.08,7.14,42.0
65076,46.15,0.0,42.0
65077,50.68,0.0,42.0
65078,46.99,2.56,42.0
65079,50.79,9.09,42.0
65080,47.55,10.0,42.0
65081,48.15,22.88,42.0
65082,50.0,0.0,42.0
65083,47.52,17.73,42.0
65084,49.15,12.0,42.0
65085,50.51,0.0,42.0
65086,54.36,0.0,42.0
65087,49.68,10.0,42.0
65088,43.59,0.0,42.0
65089,53.75,25.0,42.0
65090,48.65,28.57,42.0
65091,44.07,0.0,42.0
65092,50.72,4.75,42.0
65093,46.21,0.0,42.0
65094,51.56,25.0,42.0
65095,47.51,13.63,42.0
65096,51.56,0.0,42.0
65097,48.69,0.0,42.0
65098,48.48,3.45,42.0
65099,49.07,14.29,42.0
65100,51.63,9.63,42.0
65101,48.85,9.1,42.0
65102,56.52,0.0,42.0
65103,51.38,20.0,42.0
65104,49.84,15.68,42.0
65105,52.04,5.88,42.0
65106,49.47,0.0,42.0
65107,49.11,11.11,42.0
65108,51.01,12.39,42.0
65109,54.84,0.0,42.0
65110,43.75,28.57,42.0
65111,47.46,14.29,42.0
65112,51.28,0.0,42.0
65113,46.39,0.0,42.0
65114,56.79,18.18,42.0
65115,50.66,11.11,42.0
65116,50.55,3.13,42.0
65117,50.0,0.0,42.0
65118,46.67,50.0,42.0
65119,50.76,2.56,42.0
65120,51.65,13.33,42.0
65121,51.24,13.82,42.0
65123,50.1,4.96,42.0
65124,56.86,12.5,42.0
65125,50.74,8.81,42.0
65126,47.65,15.38,42.0
65127,50.98,9.82,42.0
65128,54.69,0.0,42.0
65129,56.36,5.45,42.0
65130,49.69,3.92,42.0
65131,47.27,11.11,42.0
65132,51.11,0.0,42.0
65133,51.36,9.52,42.0
65135,49.32,25.0,42.0
65136,47.06,0.0,42.0
65137,52.53,0.0,42.0
65138,52.08,5.19,42.0
65139,55.22,0.0,42.0
65140,41.94,0.0,42.0
65141,55.0,0.0,42.0
65142,51.56,7.41,42.0
65143,56.36,0.0,42.0
65144,44.83,0.0,42.0
65145,50.0,0.0,42.0
65146,50.6,9.68,42.0
65147,50.54,1.89,42.0
65148,51.88,0.0,42.0
65149,50.92,0.0,42.0
65150,51.06,11.76,42.0
65151,50.0,15.38,42.0
65153,45.19,16.67,42.0
65154,50.0,0.0,42.0
65155,42.0,0.0,42.0
65156,50.0,4.17,42.0
65157,50.0,50.0,42.0
65158,50.0,0.0,42.0
65159,51.45,6.78,42.0
65160,49.17,8.33,42.0
65161,50.35,13.79,42.0
65162,62.16,25.0,42.0
65163,51.28,66.67,42.0
65164,51.06,0.0,42.0
65165,45.78,6.25,42.0
65166,47.62,33.33,42.0
65167,52.0,0.0,42.0
65168,54.99,17.25,42.0
65169,49.47,11.11,42.0
65170,43.84,0.0,42.0
65171,43.33,0.0,42.0
65172,54.17,0.0,42.0
65173,50.0,13.33,42.0
65174,48.57,14.29,42.0
65175,46.15,20.0,42.0
65176,48.0,14.29,42.0
65177,51.79,12.5,42.0
65178,48.84,0.0,42.0
65179,58.54,0.0,42.0
65180,64.29,0.0,42.0
65181,50.0,6.67,42.0
65182,47.15,10.0,42.0
65183,52.82,13.16,42.0
65184,48.39,11.76,42.0
65185,49.32,7.5,42.0
65186,44.44,0.0,42.0
65187,52.0,7.14,42.0
65189,51.31,3.45,42.0
65190,50.7,0.0,42.0
65191,46.21,0.0,42.0
65192,47.65,13.33,42.0
65193,51.09,0.0,42.0
65194,49.47,14.29,42.0
65195,44.88,5.88,42.0
65196,47.62,0.0,42.0
65197,49.38,5.0,42.0
65198,51.09,6.82,42.0
65199,51.52,0.0,42.0
65200,49.06,8.33,42.0
65201,44.26,0.0,42.0
65202,52.37,12.32,42.0
65203,40.91,0.0,42.0
65204,44.44,0.0,42.0
65205,50.91,16.67,42.0
65206,50.43,19.23,42.0
65207,51.72,0.0,42.0
65209,44.5,100.0,42.0
65210,52.63,0.0,42.0
65211,50.0,0.0,42.0
65212,53.12,6.67,42.0
65213,50.47,16.67,42.0
65214,50.0,0.0,42.0
65215,59.08,0.0,42.0
65216,54.46,0.0,42.0
65217,51.67,20.0,42.0
65218,51.1,9.52,42.0
65219,53.47,0.0,42.0
65220,47.21,14.29,42.0
65221,52.59,13.64,42.0
65222,54.01,13.33,42.0
65223,50.38,21.2,42.0
65224,49.83,7.69,42.0
65225,50.48,18.18,42.0
65226,52.79,15.67,42.0
65228,45.45,14.29,42.0
65229,50.0,0.0,42.0
65230,53.7,0.0,42.0
65231,53.77,20.0,42.0
65232,44.62,0.0,42.0
65233,47.29,6.67,42.0
65234,54.81,14.29,42.0
65235,52.36,12.61,42.0
65236,50.63,6.25,42.0
65237,52.75,7.14,42.0
65238,47.38,3.7,42.0
65239,47.26,14.29,42.0
65240,49.0,6.25,42.0
65241,48.84,0.0,42.0
65242,47.9,0.0,42.0
65243,47.24,9.8,42.0
65244,52.08,2.27,42.0
65245,49.8,15.0,42.0
65247,51.92,0.0,42.0
65248,52.12,20.0,42.0
65249,49.49,10.0,42.0
65250,50.42,0.0,42.0
65251,50.8,12.02,42.0
65252,50.72,12.0,42.0
65253,44.44,0.0,42.0
65254,51.85,0.0,42.0
65255,43.33,0.0,42.0
65256,54.86,15.38,42.0
65257,48.34,11.15,42.0
65258,51.22,4.97,42.0
65259,49.72,6.67,42.0
65260,55.43,18.18,42.0
65261,50.0,0.0,42.0
65262,50.83,9.38,42.0
65263,44.76,10.0,42.0
65264,47.06,4.17,42.0
65265,49.91,11.54,42.0
65266,57.58,0.0,42.0
65267,52.02,10.26,42.0
65268,52.89,17.65,42.0
65269,49.4,7.69,42.0
65270,51.9,9.52,42.0
65271,51.64,6.44,42.0
65272,53.95,0.0,42.0
65273,53.27,15.79,42.0
65274,50.77,0.0,42.0
65275,41.1,0.0,42.0
65276,53.21,16.67,42.0
65277,58.7,0.0,42.0
65278,46.15,0.0,42.0
65279,49.05,0.0,42.0
65280,49.54,12.94,42.0
65281,49.87,14.29,42.0
65282,53.72,2.7,42.0
65283,50.0,0.0,42.0
65284,49.48,20.0,42.0
65285,50.0,0.0,42.0
65286,55.01,5.74,42.0
65287,54.25,14.58,42.0
65288,40.98,0.0,42.0
65289,45.71,15.38,42.0
65290,47.54,5.0,42.0
65291,49.69,10.0,42.0
65292,48.97,7.32,42.0
65293,48.45,0.0,42.0
65294,52.66,4.17,42.0
65295,52.24,10.64,42.0
65296,46.12,2.83,42.0
65297,46.15,0.0,42.0
65298,48.24,25.0,42.0
65299,49.79,0.0,42.0
65300,43.08,0.0,42.0
65301,49.07,6.67,42.0
65303,49.87,9.76,42.0
65304,53.96,9.41,42.0
65305,48.54,0.0,42.0
65306,45.06,6.25,42.0
65307,50.88,0.0,42.0
65308,48.67,0.0,42.0
65310,47.87,3.84,42.0
65311,49.49,0.0,42.0
65313,50.42,15.51,42.0
65314,48.77,4.35,42.0
65315,49.54,7.66,42.0
65316,52.29,10.0,42.0
65317,39.47,0.0,42.0
65318,47.9,0.0,42.0
65319,53.12,0.0,42.0
65320,50.92,14.06,42.0
65321,52.21,0.0,42.0
65322,50.4,0.0,42.0
65323,47.76,14.29,42.0
65324,50.97,10.0,42.0
65326,40.96,0.0,42.0
65327,51.23,17.65,42.0
65328,49.46,18.18,42.0
65329,48.12,6.67,42.0
65330,47.81,11.11,42.0
65331,52.25,19.44,42.0
65332,47.09,12.5,42.0
65333,45.61,18.18,42.0
65334,55.4,4.76,42.0
65335,55.67,2.53,42.0
65336,53.12,0.0,42.0
65337,50.94,0.0,42.0
65338,46.16,10.71,42.0
65339,50.14,6.45,42.0
65340,50.99,8.05,42.0
65341,50.94,0.0,42.0
65342,50.55,14.29,42.0
65343,54.51,3.7,42.0
65344,51.76,10.01,42.0
65345,55.36,0.0,42.0
65346,50.0,0.0,42.0
65347,47.93,14.29,42.0
65348,50.0,0.0,42.0
65350,50.37,11.54,42.0
65351,42.86,0.0,42.0
65352,50.75,15.38,42.0
65353,52.09,7.13,42.0
65354,44.58,0.0,42.0
65355,45.07,0.0,42.0
65356,54.24,28.57,42.0
65357,44.25,13.33,42.0
65358,55.07,0.0,42.0
65359,38.1,0.0,42.0
65360,49.98,3.33,42.0
65361,44.9,0.0,42.0
65362,50.96,3.67,42.0
65363,50.66,3.12,42.0
65364,40.91,0.0,42.0
65366,50.84,11.11,42.0
65367,52.03,7.14,42.0
65368,53.66,0.0,42.0
65369,48.39,6.45,42.0
65370,51.38,13.82,42.0
65371,49.18,10.0,42.0
65372,51.33,8.18,42.0
65373,52.12,18.75,42.0
65374,52.71,4.42,42.0
65375,52.4,7.14,42.0
65376,53.69,5.26,42.0
65377,49.03,0.0,42.0
65378,43.28,50.0,42.0
65379,53.85,33.33,42.0
65380,47.65,7.69,42.0
65381,54.55,0.0,42.0
65382,57.5,16.67,42.0
65383,50.26,5.88,42.0
65384,49.12,9.09,42.0
65385,52.08,16.67,42.0
65386,49.48,0.0,42.0
65387,41.8,9.37,42.0
65388,49.28,7.94,42.0
65389,52.66,17.05,42.0
65390,50.23,15.79,42.0
65391,57.62,20.0,42.0
65392,50.3,17.95,42.0
65393,49.3,0.0,42.0
65394,47.52,3.85,42.0
65395,52.06,6.6,42.0
65396,52.23,9.02,42.0
65397,45.34,0.0,42.0
65398,51.9,4.76,42.0
65399,58.43,0.0,42.0
65400,48.42,13.64,42.0
65401,49.82,18.36,42.0
65402,53.57,50.0,42.0
65403,47.92,14.29,42.0
65404,47.53,20.0,42.0
65405,47.44,16.67,42.0
65406,47.54,18.52,42.0
65407,48.6,0.0,42.0
65408,52.64,3.67,42.0
65409,51.28,0.0,42.0
65410,50.46,17.02,42.0
65411,47.69,12.5,42.0
65412,49.69,6.25,42.0
65413,50.6,7.69,42.0
65414,43.04,11.36,42.0
65415,52.13,8.7,42.0
65416,45.35,0.0,42.0
65417,53.5,10.79,42.0
65418,48.53,3.57,42.0
65419,54.32,16.67,42.0
65420,43.02,0.0,42.0
65421,54.05,0.0,42.0
65422,47.29,9.09,42.0
65423,46.54,7.14,42.0
65424,51.92,27.27,42.0
65425,50.35,13.64,42.0
65426,52.05,10.0,42.0
65427,47.87,0.0,42.0
65428,45.76,42.86,42.0
65429,47.94,5.56,42.0
65430,49.02,0.0,42.0
65431,47.36,0.0,42.0
65432,49.72,23.08,42.0
65433,53.1,9.54,42.0
65435,51.53,0.0,42.0
65436,51.33,21.88,42.0
65437,44.12,0.0,42.0
65438,48.68,12.5,42.0
65439,47.66,11.14,42.0
65440,52.17,11.93,42.0
65441,51.55,25.0,42.0
65442,50.83,14.29,42.0
65443,43.75,100.0,42.0
65444,51.82,4.55,42.0
65445,51.15,20.0,42.0
65446,48.99,4.17,42.0
65447,52.31,8.11,42.0
65448,44.87,0.0,42.0
65449,57.78,0.0,42.0
65450,48.0,0.0,42.0
65451,50.03,4.76,42.0
65452,53.22,10.07,42.0
65453,50.67,0.0,42.0
65454,42.31,12.5,42.0
65455,53.72,15.26,42.0
65456,48.91,5.56,42.0
65457,47.19,12.5,42.0
65458,47.37,66.67,42.0
65459,52.88,0.0,42.0
65460,53.57,8.15,42.0
65461,41.98,0.0,42.0
65462,48.7,13.33,42.0
65463,47.62,9.09,42.0
65464,49.18,8.0,42.0
65465,54.76,5.22,42.0
65466,53.66,11.11,42.0
65467,51.02,14.29,42.0
65468,46.94,100.0,42.0
65469,52.38,0.0,42.0
65470,48.63,18.75,42.0
65471,47.01,16.0,42.0
65472,50.0,0.0,42.0
65473,52.97,14.29,42.0
65474,44.04,0.0,42.0
65475,50.67,0.0,42.0
65476,52.78,50.0,42.0
65477,46.85,0.0,42.0
65478,50.0,0.0,42.0
65479,50.4,11.52,42.0
65481,49.58,5.9,42.0
65482,55.76,6.1,42.0
66001,53.33,48.94,42.0
66002,53.83,8.31,42.0
66003,52.21,5.29,42.0
66004,43.97,7.69,42.0
66005,50.74,7.33,42.0
66006,55.36,9.09,42.0
66007,49.61,10.0,42.0
66008,53.88,8.71,42.0
66009,52.52,7.21,42.0
66010,46.94,0.0,42.0
66011,52.76,10.54,42.0
66012,52.17,10.4,42.0
66013,55.56,20.0,42.0
66014,51.62,9.47,42.0
66015,51.29,8.26,42.0
66016,53.4,11.79,42.0
66017,52.3,8.67,42.0
66018,46.94,25.0,42.0
66019,47.13,0.0,42.0
66020,50.46,17.43,42.0
66021,52.52,11.11,42.0
66022,37.5,0.0,42.0
66023,50.46,10.0,42.0
66024,52.97,8.5,42.0
66025,51.55,3.54,42.0
66026,51.26,11.69,42.0
66027,50.73,10.21,42.0
66028,53.35,12.12,42.0
66029,50.0,16.67,42.0
66030,46.43,22.73,42.0
66032,51.67,37.5,42.0
66033,51.64,13.94,42.0
66034,45.97,0.0,42.0
66035,34.15,66.67,42.0
66036,47.17,0.0,42.0
66037,53.8,13.05,42.0
66038,52.39,13.37,42.0
66039,55.73,0.0,42.0
66040,45.45,0.0,42.0
66041,49.09,8.28,42.0
66042,48.97,0.0,42.0
66043,49.42,0.0,42.0
66044,49.06,19.12,42.0
66045,53.18,12.0,42.0
66046,49.91,2.44,42.0
66047,50.0,100.0,42.0
66048,49.46,5.88,42.0
66049,54.23,11.12,42.0
66050,52.04,8.94,42.0
66051,47.85,12.5,42.0
66052,53.3,4.29,42.0
66053,54.24,14.62,42.0
66054,46.15,0.0,42.0
66055,52.1,6.76,42.0
66056,51.95,7.22,42.0
66057,49.43,5.4,42.0
66058,53.04,11.7,42.0
66059,52.26,7.66,42.0
66060,48.18,10.53,42.0
66061,55.1,20.0,42.0
66062,53.3,6.67,42.0
66063,50.19,6.25,42.0
66064,47.27,12.32,42.0
66065,51.95,6.51,42.0
66066,51.47,8.3,42.0
66067,52.66,10.53,42.0
66068,46.46,0.0,42.0
66069,52.07,6.63,42.0
66070,51.82,6.67,42.0
66071,52.87,1.73,42.0
66072,52.0,15.15,42.0
66073,51.53,0.0,42.0
66074,53.56,16.38,42.0
66075,50.35,0.0,42.0
66076,47.62,10.0,42.0
66077,44.0,0.0,42.0
66078,50.96,0.0,42.0
66079,49.07,18.75,42.0
66080,52.14,0.0,42.0
66081,44.44,0.0,42.0
66082,47.45,3.16,42.0
66083,49.12,0.0,42.0
66084,49.47,5.4,42.0
66085,52.12,11.11,42.0
66086,56.25,0.0,42.0
66088,52.75,7.72,42.0
66089,52.63,15.38,42.0
66090,43.18,0.0,42.0
66091,50.88,50.0,42.0
66092,49.45,0.0,42.0
66093,52.38,10.45,42.0
66094,52.43,13.44,42.0
66095,52.12,8.57,42.0
66096,51.69,6.59,42.0
66097,48.92,10.0,42.0
66098,47.66,21.35,42.0
66099,48.01,19.05,42.0
66100,49.36,11.76,42.0
66101,49.9,6.49,42.0
66102,45.71,0.0,42.0
66103,53.85,7.36,42.0
66104,47.53,7.61,42.0
66105,42.65,10.0,42.0
66106,50.51,8.0,42.0
66107,53.46,10.17,42.0
66108,52.7,7.56,42.0
66109,50.03,4.0,42.0
66111,50.0,0.0,42.0
66112,48.61,4.0,42.0
66113,47.43,0.0,42.0
66114,52.58,12.06,42.0
66115,51.2,10.42,42.0
66116,45.37,0.0,42.0
66117,44.43,12.49,42.0
66118,50.37,0.0,42.0
66119,47.08,22.7,42.0
66120,50.0,11.11,42.0
66121,49.31,7.14,42.0
66122,36.07,14.29,42.0
66123,49.59,14.29,42.0
66124,45.95,10.61,42.0
66125,44.65,3.22,42.0
66126,49.5,23.08,42.0
66127,50.39,5.27,42.0
66128,42.86,0.0,42.0
66129,51.53,10.14,42.0
66130,48.37,5.71,42.0
66132,54.51,13.93,42.0
66133,50.82,8.09,42.0
66134,50.75,6.9,42.0
66136,52.82,12.11,42.0
66137,51.34,4.31,42.0
66138,53.07,2.11,42.0
66139,50.0,50.0,42.0
66140,52.26,8.27,42.0
66141,52.04,8.62,42.0
66142,46.55,0.0,42.0
66143,50.51,10.0,42.0
66144,52.27,11.85,42.0
66145,50.86,7.64,42.0
66146,40.48,0.0,42.0
66147,50.0,9.09,42.0
66148,53.73,4.89,42.0
66149,53.84,9.68,42.0
66150,51.53,19.32,42.0
66151,48.72,0.0,42.0
66152,43.9,0.0,42.0
66153,48.84,0.0,42.0
66154,42.86,0.0,42.0
66155,48.75,0.0,42.0
66156,38.55,12.5,42.0
66158,50.6,0.0,42.0
66159,49.38,20.0,42.0
66160,52.01,20.14,42.0
66161,50.45,3.09,42.0
66162,49.37,10.17,42.0
66164,52.47,9.15,42.0
66165,49.98,10.71,42.0
66166,52.9,9.52,42.0
66167,51.28,7.67,42.0
66168,53.36,8.2,42.0
66169,47.47,28.57,42.0
66170,47.15,13.33,42.0
66171,54.16,11.21,42.0
66172,54.74,10.92,42.0
66173,51.4,11.21,42.0
66174,51.0,8.53,42.0
66175,53.1,7.41,42.0
66176,52.3,8.54,42.0
66177,51.37,10.34,42.0
66178,51.35,7.69,42.0
66179,51.12,6.83,42.0
66180,52.5,6.7,42.0
66181,43.08,21.03,42.0
66182,52.5,9.13,42.0
66183,49.29,0.0,42.0
66184,46.94,0.0,42.0
66185,50.22,12.5,42.0
66186,51.94,12.26,42.0
66187,52.35,6.47,42.0
66188,46.92,3.85,42.0
66189,53.27,12.31,42.0
66190,51.62,6.21,42.0
66191,41.94,0.0,42.0
66192,47.06,20.0,42.0
66193,52.37,0.0,42.0
66194,47.74,5.26,42.0
66195,53.5,9.67,42.0
66196,51.66,12.73,42.0
66197,51.72,0.0,42.0
66198,52.92,2.94,42.0
66199,46.23,18.18,42.0
66201,45.24,0.0,42.0
66202,44.1,23.53,42.0
66203,39.66,0.0,42.0
66204,51.83,3.12,42.0
66205,50.26,7.94,42.0
66206,43.62,0.0,42.0
66207,51.58,10.8,42.0
66208,51.85,10.06,42.0
66209,50.0,0.0,42.0
66210,52.15,8.7,42.0
66211,48.93,38.89,42.0
66212,52.14,10.88,42.0
66213,53.34,10.58,42.0
66214,49.41,9.66,42.0
66215,48.26,12.5,42.0
66216,49.35,12.5,42.0
66217,50.75,5.88,42.0
66218,53.68,10.34,42.0
66219,46.81,0.0,42.0
66220,44.44,0.0,42.0
66221,47.06,0.0,42.0
66222,54.03,7.32,42.0
66223,50.27,16.13,42.0
66224,51.85,9.28,42.0
66225,51.26,14.36,42.0
66226,49.81,7.76,42.0
66227,53.08,18.01,42.0
66228,52.06,10.0,42.0
66230,53.3,6.18,42.0
66231,48.1,3.67,42.0
66233,51.52,11.76,42.0
66234,43.48,66.67,42.0
67001,50.93,25.84,42.0
67002,48.94,10.33,42.0
67003,48.62,10.87,42.0
67004,49.41,7.1,42.0
67005,48.39,23.53,42.0
67006,49.34,0.0,42.0
67008,51.0,22.96,42.0
67009,48.39,14.29,42.0
67010,51.75,10.25,42.0
67011,51.25,10.7,42.0
67012,49.85,5.88,42.0
67013,46.96,3.85,42.0
67016,50.88,10.44,42.0
67017,44.2,3.33,42.0
67018,49.21,18.63,42.0
67019,50.1,13.28,42.0
67020,49.58,5.52,42.0
67021,52.26,14.92,42.0
67022,51.23,7.69,42.0
67023,50.9,8.47,42.0
67025,47.85,11.27,42.0
67026,47.06,50.0,42.0
67027,52.05,6.67,42.0
67028,50.84,11.91,42.0
67029,49.38,7.2,42.0
67030,47.98,10.67,42.0
67031,50.37,16.35,42.0
67032,55.23,5.26,42.0
67033,46.44,26.78,42.0
67034,50.65,21.13,42.0
67035,48.73,11.11,42.0
67036,48.44,6.25,42.0
67037,52.97,14.29,42.0
67038,50.13,9.14,42.0
67039,49.26,17.73,42.0
67040,49.36,10.2,42.0
67043,52.57,12.26,42.0
67044,51.71,3.03,42.0
67045,51.91,16.71,42.0
67046,52.46,5.33,42.0
67047,51.63,5.56,42.0
67048,51.88,5.56,42.0
67049,51.62,15.83,42.0
67050,62.5,0.0,42.0
67051,49.92,8.04,42.0
67052,51.41,23.35,42.0
67053,51.59,0.0,42.0
67054,49.09,10.03,42.0
67055,51.64,11.11,42.0
67056,50.0,6.47,42.0
67057,47.03,14.29,42.0
67058,48.89,4.12,42.0
67059,50.32,6.66,42.0
67060,46.94,12.68,42.0
67061,51.15,7.83,42.0
67062,50.92,13.55,42.0
67063,51.08,3.9,42.0
67065,51.69,18.95,42.0
67066,50.13,4.18,42.0
67067,52.06,15.13,42.0
67068,52.89,6.25,42.0
67069,49.5,7.13,42.0
67070,48.98,6.06,42.0
67071,50.41,2.38,42.0
67072,47.08,10.81,42.0
67073,50.81,14.8,42.0
67074,50.57,5.89,42.0
67075,50.84,4.65,42.0
67076,45.95,6.67,42.0
67077,47.28,14.75,42.0
67078,51.48,6.67,42.0
67079,47.51,0.0,42.0
67080,51.85,14.95,42.0
67081,47.32,23.6,42.0
67082,49.19,5.93,42.0
67083,48.01,5.22,42.0
67084,50.09,16.67,42.0
67085,49.37,10.0,42.0
67086,49.44,22.86,42.0
67087,53.62,11.02,42.0
67088,49.61,5.0,42.0
67089,50.14,12.69,42.0
67090,49.22,2.81,42.0
67091,51.53,13.79,42.0
67092,51.96,19.46,42.0
67093,49.01,9.68,42.0
67094,49.78,18.52,42.0
67095,51.52,4.7,42.0
67096,49.67,17.63,42.0
67097,50.86,34.45,42.0
67098,49.54,12.0,42.0
67099,52.17,2.86,42.0
67100,51.13,0.0,42.0
67101,52.44,13.44,42.0
67102,50.93,23.33,42.0
67103,49.31,16.33,42.0
67104,50.53,2.13,42.0
67105,51.86,6.67,42.0
67106,51.27,9.79,42.0
67107,49.24,19.18,42.0
67108,49.55,11.04,42.0
67109,50.0,23.33,42.0
67110,50.23,9.26,42.0
67111,47.91,2.72,42.0
67112,51.2,13.68,42.0
67113,48.04,12.77,42.0
67115,49.63,9.48,42.0
67116,49.91,14.0,42.0
67117,48.93,12.5,42.0
67118,51.35,16.45,42.0
67119,50.21,17.01,42.0
67120,48.29,9.8,42.0
67121,48.79,6.74,42.0
67122,48.92,6.72,42.0
67123,47.45,8.62,42.0
67124,50.14,12.36,42.0
67125,50.67,8.48,42.0
67126,47.9,18.18,42.0
67127,51.29,13.82,42.0
67128,49.89,19.01,42.0
67129,51.31,9.12,42.0
67130,50.87,12.12,42.0
67131,51.43,23.27,42.0
67132,49.5,8.24,42.0
67133,46.93,4.76,42.0
67134,47.13,4.17,42.0
67135,49.64,10.59,42.0
67136,47.65,0.0,42.0
67137,51.27,22.06,42.0
67138,50.61,11.51,42.0
67139,50.22,13.63,42.0
67140,49.31,8.84,42.0
67141,50.5,4.62,42.0
67142,47.24,9.38,42.0
67143,48.21,8.72,42.0
67144,48.99,6.06,42.0
67145,51.01,3.45,42.0
67146,46.51,8.69,42.0
67147,52.8,3.98,42.0
67148,50.31,21.43,42.0
67149,52.61,21.74,42.0
67150,52.43,16.06,42.0
67151,51.14,11.9,42.0
67152,51.56,21.03,42.0
67153,46.26,11.63,42.0
67154,51.56,14.24,42.0
67155,49.49,10.71,42.0
67156,50.64,13.28,42.0
67159,48.48,8.33,42.0
67160,51.1,6.94,42.0
67161,48.78,11.11,42.0
67162,48.33,8.33,42.0
67163,51.42,9.57,42.0
67164,50.26,8.75,42.0
67165,45.98,5.13,42.0
67166,47.67,10.0,42.0
67167,51.22,5.44,42.0
67168,49.59,12.48,42.0
67169,50.08,12.47,42.0
67172,50.06,19.66,42.0
67173,51.26,31.56,42.0
67174,49.59,5.22,42.0
67176,49.73,5.03,42.0
67177,50.28,8.96,42.0
67178,51.65,16.13,42.0
67179,48.93,12.78,42.0
67180,50.86,11.84,42.0
67181,53.99,22.83,42.0
67182,51.43,19.97,42.0
67183,49.44,9.59,42.0
67184,49.85,5.8,42.0
67185,51.36,4.69,42.0
67186,51.29,4.68,42.0
67187,49.82,2.19,42.0
67188,49.05,14.75,42.0
67189,49.73,23.23,42.0
67190,48.73,4.35,42.0
67191,50.9,7.14,42.0
67192,50.16,10.64,42.0
67194,51.39,15.06,42.0
67195,47.07,7.08,42.0
67196,50.71,13.88,42.0
67197,49.95,16.97,42.0
67198,48.41,0.0,42.0
67199,50.0,0.0,42.0
67200,51.26,23.03,42.0
67201,52.42,9.98,42.0
67202,52.02,14.67,42.0
67203,51.54,5.13,42.0
67204,52.52,12.91,42.0
67205,51.52,15.11,42.0
67206,51.03,6.74,42.0
67208,50.57,13.79,42.0
67209,48.37,6.9,42.0
67210,49.36,24.99,42.0
67212,51.43,17.74,42.0
67213,48.98,13.11,42.0
67214,49.94,24.53,42.0
67215,49.74,11.01,42.0
67216,51.83,14.59,42.0
67217,48.14,8.57,42.0
67218,51.51,20.43,42.0
67220,50.13,18.52,42.0
67221,43.74,6.22,42.0
67222,51.89,8.49,42.0
67223,49.35,13.49,42.0
67225,49.06,27.27,42.0
67226,51.05,23.47,42.0
67227,47.71,11.11,42.0
67228,50.77,27.14,42.0
67229,54.34,15.79,42.0
67230,50.09,11.57,42.0
67231,50.0,17.24,42.0
67232,50.98,16.0,42.0
67233,49.84,9.32,42.0
67234,49.59,5.14,42.0
67235,46.29,10.0,42.0
67236,50.43,24.53,42.0
67237,50.19,19.29,42.0
67238,50.31,4.76,42.0
67239,49.97,19.35,42.0
67240,50.22,15.28,42.0
67241,50.85,0.0,42.0
67242,51.1,20.0,42.0
67244,45.45,14.29,42.0
67245,54.77,4.17,42.0
67246,49.1,9.22,42.0
67247,50.67,19.49,42.0
67248,50.47,15.04,42.0
67249,53.25,8.33,42.0
67250,49.87,15.96,42.0
67252,49.36,12.24,42.0
67253,51.08,17.28,42.0
67254,49.87,9.57,42.0
67255,48.47,14.58,42.0
67256,52.23,25.48,42.0
67257,50.63,9.88,42.0
67258,46.63,8.0,42.0
67259,50.57,5.38,42.0
67260,52.33,24.24,42.0
67261,49.81,9.44,42.0
67263,50.67,5.77,42.0
67264,50.33,5.68,42.0
67265,48.09,5.33,42.0
67266,48.46,10.45,42.0
67267,51.54,16.34,42.0
67268,51.4,24.54,42.0
67269,48.79,18.52,42.0
67270,49.86,16.67,42.0
67271,48.48,4.48,42.0
67272,51.11,10.99,42.0
67273,53.03,6.38,42.0
67274,50.43,4.17,42.0
67275,51.72,14.35,42.0
67276,52.21,10.31,42.0
67277,50.17,8.78,42.0
67278,49.76,7.11,42.0
67279,50.43,17.39,42.0
67280,47.5,4.88,42.0
67281,50.52,5.38,42.0
67282,51.85,17.78,42.0
67283,51.52,10.57,42.0
67285,50.07,11.92,42.0
67286,50.4,17.11,42.0
67287,49.37,11.48,42.0
67288,47.46,10.53,42.0
67289,47.68,9.84,42.0
67290,47.65,7.59,42.0
67291,50.08,8.64,42.0
67292,51.48,8.33,42.0
67293,48.11,10.0,42.0
67295,46.53,19.12,42.0
67296,50.91,31.43,42.0
67298,52.03,15.5,42.0
67299,50.3,14.07,42.0
67300,51.78,16.22,42.0
67301,50.5,12.55,42.0
67302,52.04,11.35,42.0
67303,51.99,15.64,42.0
67304,50.16,14.29,42.0
67305,48.95,7.31,42.0
67306,50.17,10.61,42.0
67307,48.68,7.44,42.0
67308,48.91,12.0,42.0
67309,51.45,23.56,42.0
67310,50.44,11.19,42.0
67311,50.44,12.58,42.0
67312,51.56,16.67,42.0
67313,49.65,7.13,42.0
67314,51.9,11.11,42.0
67315,47.17,11.11,42.0
67317,52.69,21.43,42.0
67319,49.83,0.0,42.0
67320,49.83,6.56,42.0
67321,48.97,12.5,42.0
67322,49.59,15.64,42.0
67324,51.38,12.41,42.0
67325,50.43,21.59,42.0
67326,51.08,30.06,42.0
67327,48.82,7.92,42.0
67328,51.41,13.44,42.0
67329,50.76,16.8,42.0
67330,50.11,5.08,42.0
67331,49.06,10.22,42.0
67333,52.15,3.33,42.0
67334,55.65,0.0,42.0
67335,49.42,14.61,42.0
67336,51.05,15.67,42.0
67337,51.81,13.04,42.0
67338,50.14,13.48,42.0
67339,50.81,8.87,42.0
67340,53.11,10.79,42.0
67341,49.25,12.02,42.0
67342,50.66,10.53,42.0
67343,53.5,20.4,42.0
67344,50.11,15.15,42.0
67345,51.82,11.26,42.0
67346,50.19,10.71,42.0
67347,48.95,11.45,42.0
67348,53.23,16.15,42.0
67349,47.35,0.0,42.0
67350,51.88,30.43,42.0
67351,49.32,8.33,42.0
67352,46.33,15.56,42.0
67353,52.99,4.35,42.0
67354,50.02,14.92,42.0
67355,39.93,11.22,42.0
67356,49.09,14.79,42.0
67358,50.23,12.8,42.0
67359,48.83,14.29,42.0
67360,49.56,6.67,42.0
67361,50.08,23.08,42.0
67362,51.83,13.11,42.0
67363,51.57,17.81,42.0
67364,49.67,9.09,42.0
67365,52.6,16.7,42.0
67366,49.84,15.27,42.0
67367,49.77,15.6,42.0
67368,51.9,20.67,42.0
67369,46.53,4.17,42.0
67370,48.94,1.69,42.0
67371,52.72,8.33,42.0
67372,50.52,7.89,42.0
67373,51.21,0.0,42.0
67375,49.69,31.3,42.0
67377,48.29,5.05,42.0
67378,51.06,14.78,42.0
67379,49.94,4.37,42.0
67380,51.89,8.7,42.0
67381,47.55,11.43,42.0
67382,52.22,15.49,42.0
67383,51.37,0.0,42.0
67384,47.78,8.0,42.0
67385,48.67,14.74,42.0
67386,50.89,8.0,42.0
67387,47.51,21.43,42.0
67388,51.38,6.29,42.0
67389,52.61,18.75,42.0
67391,51.7,13.95,42.0
67392,49.18,4.9,42.0
67394,49.69,5.98,42.0
67395,51.83,14.8,42.0
67396,51.74,16.67,42.0
67397,50.41,9.96,42.0
67398,48.86,2.51,42.0
67400,50.76,7.86,42.0
67401,48.3,6.45,42.0
67403,48.57,12.5,42.0
67404,47.72,10.33,42.0
67405,49.86,12.5,42.0
67406,48.57,2.86,42.0
67407,50.28,7.83,42.0
67408,51.75,13.45,42.0
67409,50.11,8.11,42.0
67410,48.98,11.13,42.0
67411,51.41,17.21,42.0
67412,49.91,8.16,42.0
67413,50.32,9.76,42.0
67414,52.44,4.73,42.0
67415,46.51,4.39,42.0
67416,50.39,15.53,42.0
67417,45.59,14.63,42.0
67418,49.5,11.02,42.0
67420,50.81,6.45,42.0
67421,52.91,0.0,42.0
67422,50.1,8.93,42.0
67423,50.18,7.46,42.0
67424,50.37,5.0,42.0
67425,50.39,15.99,42.0
67426,48.08,9.09,42.0
67427,48.97,12.12,42.0
67428,52.84,21.74,42.0
67429,52.18,10.86,42.0
67430,47.21,9.72,42.0
67432,47.54,8.33,42.0
67433,50.21,11.43,42.0
67434,51.6,11.3,42.0
67435,51.03,2.72,42.0
67436,49.98,5.41,42.0
67437,51.59,18.02,42.0
67438,49.19,21.79,42.0
67440,50.27,13.04,42.0
67441,50.28,8.82,42.0
67442,52.16,20.47,42.0
67443,48.69,11.49,42.0
67444,50.0,7.69,42.0
67445,49.38,16.18,42.0
67446,48.89,7.5,42.0
67447,51.61,15.73,42.0
67448,53.2,6.1,42.0
67449,50.35,8.33,42.0
67450,51.17,11.39,42.0
67451,48.38,7.48,42.0
67452,49.72,19.23,42.0
67453,50.42,5.0,42.0
67454,49.31,12.56,42.0
67455,49.7,3.39,42.0
67456,48.79,9.76,42.0
67458,51.38,12.14,42.0
67459,49.56,6.64,42.0
67460,51.54,16.86,42.0
67461,47.58,7.41,42.0
67462,51.91,12.26,42.0
67463,49.66,8.29,42.0
67464,49.21,12.35,42.0
67465,49.16,11.45,42.0
67466,50.17,6.18,42.0
67467,48.83,10.87,42.0
67468,48.45,12.73,42.0
67470,51.35,10.0,42.0
67471,52.33,19.79,42.0
67472,49.78,8.72,42.0
67473,50.45,11.32,42.0
67474,50.72,7.62,42.0
67475,49.59,6.67,42.0
67476,50.68,10.35,42.0
67477,49.6,8.47,42.0
67478,50.64,8.81,42.0
67479,47.06,12.9,42.0
67480,51.18,11.87,42.0
67481,51.98,12.73,42.0
67482,52.56,24.66,42.0
67483,51.9,14.29,42.0
67484,49.75,6.67,42.0
67485,52.06,32.21,42.0
67486,49.5,6.7,42.0
67487,48.66,11.23,42.0
67488,44.62,0.0,42.0
67489,55.33,12.32,42.0
67490,50.89,20.41,42.0
67491,49.82,9.09,42.0
67492,50.77,8.25,42.0
67493,49.21,10.41,42.0
67494,48.29,3.25,42.0
67495,52.35,24.95,42.0
67497,48.69,13.92,42.0
67498,50.21,4.23,42.0
67499,50.23,22.53,42.0
67500,51.04,14.71,42.0
67501,47.82,9.68,42.0
67502,47.37,15.79,42.0
67503,51.97,15.38,42.0
67504,50.22,10.57,42.0
67505,49.91,34.94,42.0
67506,51.65,20.17,42.0
67507,51.72,15.88,42.0
67508,48.06,4.88,42.0
67509,51.15,5.41,42.0
67510,47.78,17.07,42.0
67511,47.73,19.15,42.0
67513,47.5,6.67,42.0
67514,49.28,7.81,42.0
67515,49.28,6.0,42.0
67516,51.31,25.76,42.0
67517,52.96,8.46,42.0
67519,51.47,25.48,42.0
67520,52.3,10.39,42.0
67521,49.22,15.51,42.0
67522,47.97,5.3,42.0
67523,49.7,10.47,42.0
67524,49.22,8.84,42.0
67525,49.74,15.03,42.0
67526,50.16,15.55,42.0
67527,49.59,19.23,42.0
67528,51.07,3.03,42.0
67529,51.06,12.29,42.0
67530,50.25,14.29,42.0
67531,48.9,13.04,42.0
67532,52.11,14.29,42.0
67534,48.7,7.42,42.0
67535,50.61,11.3,42.0
67536,46.24,6.25,42.0
67537,52.48,13.69,42.0
67538,51.06,8.67,42.0
67539,50.32,18.01,42.0
67540,49.37,13.51,42.0
67541,48.4,7.82,42.0
67542,50.39,22.75,42.0
67543,50.7,5.71,42.0
67544,50.93,13.18,42.0
67545,52.14,3.54,42.0
67546,50.71,7.46,42.0
67547,49.95,7.37,42.0
67548,50.88,21.87,42.0
67550,51.16,9.64,42.0
67551,52.56,23.85,42.0
67552,48.54,2.94,42.0
67553,51.74,14.29,42.0
67554,48.61,17.78,42.0
67555,47.37,16.13,42.0
67556,50.85,8.7,42.0
67557,49.01,13.92,42.0
67558,50.43,8.55,42.0
67559,50.13,17.24,42.0
68001,50.14,8.53,42.0
68002,48.85,5.41,42.0
68004,53.02,15.7,42.0
68005,51.44,20.0,42.0
68006,50.6,19.22,42.0
68007,49.65,17.24,42.0
68008,50.6,15.0,42.0
68009,49.47,11.63,42.0
68010,50.57,7.08,42.0
68011,51.53,21.29,42.0
68012,48.86,16.84,42.0
68013,49.7,16.67,42.0
68014,46.62,0.0,42.0
68015,50.25,12.74,42.0
68016,49.68,14.41,42.0
68017,49.8,6.94,42.0
68018,51.85,15.66,42.0
68019,50.51,10.63,42.0
68020,52.13,10.64,42.0
68021,50.25,15.15,42.0
68022,49.87,16.23,42.0
68023,52.66,8.6,42.0
68024,64.84,18.19,42.0
68025,48.31,13.33,42.0
68026,50.64,15.27,42.0
68027,47.94,6.25,42.0
68028,51.96,9.07,42.0
68029,50.08,7.84,42.0
68030,47.69,21.28,42.0
68032,50.12,8.8,42.0
68033,49.57,3.64,42.0
68034,51.35,18.92,42.0
68035,52.28,25.0,42.0
68036,51.17,10.83,42.0
68037,48.95,13.54,42.0
68038,50.57,13.92,42.0
68039,51.98,3.77,42.0
68040,51.81,6.27,42.0
68041,50.48,9.0,42.0
68042,51.76,18.17,42.0
68043,50.65,10.22,42.0
68044,48.87,7.04,42.0
68045,50.9,13.13,42.0
68046,51.09,22.73,42.0
68049,52.41,9.86,42.0
68050,51.48,23.08,42.0
68051,50.93,7.31,42.0
68052,51.08,12.5,42.0
68054,52.01,33.33,42.0
68055,50.43,27.42,42.0
68056,51.61,25.46,42.0
68057,52.05,15.38,42.0
68058,51.06,10.09,42.0
68059,49.99,13.63,42.0
68060,50.12,13.38,42.0
68061,49.31,16.84,42.0
68062,50.84,15.28,42.0
68063,50.36,10.81,42.0
68064,51.81,9.47,42.0
68065,48.85,12.86,42.0
68066,52.31,14.68,42.0
68067,50.1,13.36,42.0
68068,52.83,8.62,42.0
68069,49.55,11.81,42.0
68071,52.09,5.56,42.0
68072,49.3,30.25,42.0
68073,50.25,9.26,42.0
68074,50.3,7.14,42.0
68075,51.55,2.41,42.0
68076,50.09,7.51,42.0
68077,50.34,23.53,42.0
68078,52.38,17.45,42.0
68079,46.53,4.0,42.0
68080,48.37,46.68,42.0
68081,51.93,18.18,42.0
68082,49.93,11.13,42.0
68083,47.75,2.86,42.0
68084,49.04,24.49,42.0
68085,49.87,5.13,42.0
68086,46.92,23.53,42.0
68087,50.53,4.19,42.0
68088,50.3,7.41,42.0
68089,49.65,7.13,42.0
68090,47.37,14.61,42.0
68091,47.84,6.89,42.0
68092,49.13,2.18,42.0
68093,51.02,28.24,42.0
68094,50.22,13.27,42.0
68095,49.18,18.9,42.0
68096,49.29,20.0,42.0
68097,50.12,7.07,42.0
68098,47.97,14.81,42.0
68099,50.9,20.25,42.0
68100,45.91,11.83,42.0
68101,47.89,15.85,42.0
68102,51.28,12.53,42.0
68103,50.0,17.39,42.0
68104,48.23,12.5,42.0
68105,48.27,13.23,42.0
68106,45.38,6.2,42.0
68107,48.9,6.25,42.0
68109,49.82,18.18,42.0
68110,46.96,19.23,42.0
68111,52.86,20.25,42.0
68112,52.71,10.35,42.0
68113,49.92,9.09,42.0
68114,50.86,5.26,42.0
68115,48.93,10.61,42.0
68116,49.77,20.18,42.0
68117,50.88,9.57,42.0
68118,52.75,11.77,42.0
68119,50.69,8.22,42.0
68120,48.97,13.85,42.0
68121,51.41,10.91,42.0
68122,50.99,14.08,42.0
68123,51.34,18.67,42.0
68124,48.62,11.94,42.0
68125,49.77,18.31,42.0
68126,50.32,22.97,42.0
68127,50.77,26.32,42.0
68128,51.77,12.9,42.0
68129,49.71,19.12,42.0
68130,49.04,2.78,42.0
68131,51.26,7.69,42.0
68132,48.94,23.8,42.0
68134,50.94,13.57,42.0
68135,50.28,17.8,42.0
68136,48.1,7.5,42.0
68137,49.1,5.08,42.0
68138,51.69,8.95,42.0
68139,49.79,6.29,42.0
68140,50.38,11.11,42.0
68141,51.63,21.84,42.0
68142,46.61,2.63,42.0
68143,49.28,12.52,42.0
68144,48.97,12.37,42.0
68145,52.04,12.19,42.0
68146,49.21,14.74,42.0
68147,49.0,7.46,42.0
68148,45.94,14.29,42.0
68149,50.55,14.65,42.0
68150,49.9,20.75,42.0
68151,50.47,6.9,42.0
68152,51.48,14.96,42.0
68153,48.82,8.82,42.0
68154,50.7,6.73,42.0
68155,52.05,9.43,42.0
68156,52.04,13.64,42.0
68157,50.72,11.25,42.0
68158,50.38,23.26,42.0
68159,49.83,14.51,42.0
68160,47.92,18.61,42.0
68161,49.91,20.75,42.0
68162,51.4,14.39,42.0
68163,51.91,13.2,42.0
68165,51.42,19.35,42.0
68166,52.07,9.47,42.0
68167,48.88,8.11,42.0
68168,50.11,17.58,42.0
68169,48.5,3.92,42.0
68170,47.63,7.25,42.0
68171,49.48,1.2,42.0
68172,50.99,7.51,42.0
68173,49.32,18.35,42.0
68174,50.79,13.17,42.0
68175,49.57,9.73,42.0
68176,53.15,12.12,42.0
68177,48.94,9.15,42.0
68178,50.95,11.37,42.0
68179,47.97,16.87,42.0
68180,50.49,20.46,42.0
68181,49.33,4.35,42.0
68182,50.87,21.95,42.0
68183,48.74,17.39,42.0
68184,51.2,2.56,42.0
68185,52.03,6.96,42.0
68186,49.21,3.23,42.0
68187,51.17,2.94,42.0
68188,47.79,16.67,42.0
68189,46.93,20.19,42.0
68190,53.57,0.0,42.0
68191,50.8,9.52,42.0
68192,49.83,10.32,42.0
68193,50.96,10.53,42.0
68194,50.88,17.22,42.0
68195,48.32,10.81,42.0
68196,46.85,9.68,42.0
68197,50.58,6.82,42.0
68198,51.43,6.67,42.0
68199,48.75,2.13,42.0
68200,47.36,4.59,42.0
68201,52.99,8.82,42.0
68202,50.0,0.0,42.0
68203,50.07,12.0,42.0
68204,49.59,5.83,42.0
68205,28.01,6.94,42.0
68207,49.22,22.78,42.0
68208,50.19,23.08,42.0
68209,48.86,10.42,42.0
68210,49.41,3.12,42.0
68211,48.11,2.78,42.0
68212,48.27,5.56,42.0
68213,48.17,6.9,42.0
68214,50.54,15.15,42.0
68215,51.74,16.82,42.0
68216,47.63,8.33,42.0
68217,51.93,7.45,42.0
68218,50.82,17.4,42.0
68219,49.23,12.07,42.0
68221,48.5,16.87,42.0
68222,49.15,9.09,42.0
68223,47.49,7.04,42.0
68224,50.9,11.14,42.0
68225,50.66,9.62,42.0
68226,54.03,10.96,42.0
68227,49.34,6.87,42.0
68228,50.49,11.38,42.0
68229,47.27,38.46,42.0
68230,50.83,5.66,42.0
68231,51.98,5.58,42.0
68232,51.32,3.97,42.0
68234,50.45,14.29,42.0
68235,49.49,13.4,42.0
68237,47.97,21.82,42.0
68238,48.95,19.78,42.0
68239,48.72,16.17,42.0
68240,49.54,7.69,42.0
68241,47.43,4.69,42.0
68242,50.41,9.2,42.0
68243,50.0,0.0,42.0
68244,48.98,17.86,42.0
68245,46.7,11.11,42.0
68246,50.82,9.71,42.0
68247,51.04,6.45,42.0
68248,49.5,8.22,42.0
68249,49.58,7.12,42.0
68250,51.05,13.39,42.0
68251,49.48,8.86,42.0
68252,48.89,12.22,42.0
68253,47.25,8.9,42.0
68254,50.87,13.33,42.0
68255,49.51,12.57,42.0
68256,51.99,11.01,42.0
68257,52.6,3.37,42.0
68258,50.32,9.86,42.0
68259,49.06,9.8,42.0
68260,50.69,15.05,42.0
68261,50.95,4.76,42.0
68262,49.74,4.06,42.0
68263,50.73,11.73,42.0
68264,50.48,11.29,42.0
68265,49.69,13.98,42.0
68266,50.36,11.5,42.0
68267,51.34,16.67,42.0
68268,48.88,10.61,42.0
68269,54.12,10.05,42.0
68270,52.37,12.12,42.0
68271,52.64,21.97,42.0
68273,47.1,8.47,42.0
68274,49.76,0.0,42.0
68275,50.01,6.69,42.0
68276,50.53,11.11,42.0
68277,48.8,11.11,42.0
68278,52.09,13.77,42.0
68279,50.24,22.67,42.0
68280,49.95,0.0,42.0
68281,48.88,13.73,42.0
68282,45.81,15.38,42.0
68283,48.79,6.41,42.0
68284,51.43,4.0,42.0
68285,49.64,13.51,42.0
68286,50.15,15.29,42.0
68287,51.2,14.02,42.0
68288,49.92,8.89,42.0
68289,49.3,10.87,42.0
68290,49.21,7.3,42.0
68291,49.04,10.11,42.0
68292,51.05,6.22,42.0
68293,48.19,0.0,42.0
68294,50.46,10.43,42.0
68295,50.07,11.77,42.0
68296,49.46,8.72,42.0
68297,49.87,13.8,42.0
68298,50.23,7.58,42.0
68299,50.91,13.33,42.0
68300,51.61,12.85,42.0
68301,49.74,19.51,42.0
68302,49.19,9.44,42.0
68303,50.66,10.8,42.0
68304,50.72,10.92,42.0
68305,51.47,5.6,42.0
68306,50.48,3.45,42.0
68307,49.24,3.78,42.0
68308,48.04,18.52,42.0
68309,51.49,19.16,42.0
68311,47.28,12.31,42.0
68312,50.62,10.51,42.0
68313,50.18,7.0,42.0
68315,51.22,12.09,42.0
68316,50.88,14.06,42.0
68317,49.72,8.8,42.0
68318,51.23,15.59,42.0
68320,49.86,16.78,42.0
68321,50.39,7.95,42.0
68322,50.18,14.95,42.0
68323,48.94,17.72,42.0
68324,51.19,22.54,42.0
68325,49.06,6.41,42.0
68326,48.99,7.69,42.0
68327,49.7,15.15,42.0
68328,51.34,8.33,42.0
68329,49.05,9.6,42.0
68330,48.6,2.63,42.0
68331,50.45,18.48,42.0
68332,49.42,15.98,42.0
68333,51.07,6.25,42.0
68334,52.17,14.71,42.0
68335,49.37,25.71,42.0
68336,49.45,6.52,42.0
68337,49.03,3.57,42.0
68338,53.24,16.99,42.0
68340,49.21,8.33,42.0
68341,49.53,25.32,42.0
68342,52.45,19.53,42.0
68343,50.8,9.38,42.0
68344,50.28,2.75,42.0
68345,48.95,9.76,42.0
68347,49.77,14.71,42.0
68348,49.69,7.58,42.0
68349,50.76,20.57,42.0
68350,53.01,22.45,42.0
68351,49.25,16.39,42.0
68352,49.85,6.88,42.0
68353,49.1,20.37,42.0
68354,49.11,13.83,42.0
68355,51.6,8.33,42.0
68356,49.66,8.6,42.0
68357,48.63,10.91,42.0
68358,48.7,10.26,42.0
68359,49.4,18.38,42.0
68360,46.2,11.27,42.0
68361,50.16,12.0,42.0
68362,51.16,13.89,42.0
68363,49.71,7.89,42.0
68364,49.9,11.7,42.0
68365,50.69,19.1,42.0
68366,50.78,16.9,42.0
68367,49.92,8.89,42.0
68368,49.74,14.88,42.0
68370,50.31,7.14,42.0
68371,51.58,6.9,42.0
68372,49.39,6.78,42.0
68373,49.15,10.94,42.0
68374,52.22,12.99,42.0
68375,50.77,8.91,42.0
68376,51.77,6.63,42.0
68377,50.66,17.11,42.0
68378,49.72,8.33,42.0
68379,52.15,10.31,42.0
68380,51.33,6.82,42.0
68381,50.85,9.38,42.0
68382,49.9,15.38,42.0
68383,53.1,18.8,42.0
68384,50.73,18.64,42.0
68385,50.43,22.09,42.0
68386,51.57,24.6,42.0
69001,50.05,15.56,42.0
69002,48.38,4.17,42.0
69003,51.93,22.9,42.0
69004,52.1,24.24,42.0
69005,48.45,10.0,42.0
69006,53.25,8.17,42.0
69007,51.83,11.96,42.0
69008,49.23,15.0,42.0
69009,51.81,16.24,42.0
69010,51.28,17.08,42.0
69012,48.53,5.08,42.0
69013,51.29,17.4,42.0
69014,46.93,8.08,42.0
69016,51.64,0.0,42.0
69017,48.25,16.39,42.0
69018,52.54,8.02,42.0
69019,51.51,8.92,42.0
69020,50.91,17.39,42.0
69021,50.69,17.21,42.0
69022,49.29,11.48,42.0
69023,51.01,14.01,42.0
69024,51.45,21.99,42.0
69026,46.21,18.18,42.0
69027,51.7,22.1,42.0
69028,50.82,22.45,42.0
69029,52.11,18.85,42.0
69030,48.84,13.41,42.0
69031,48.88,5.92,42.0
69032,50.42,17.42,42.0
69033,51.24,31.39,42.0
69034,53.24,27.75,42.0
69035,47.72,22.14,42.0
69036,50.51,7.9,42.0
69037,47.11,7.12,42.0
69038,49.18,13.48,42.0
69039,51.2,8.24,42.0
69040,52.59,23.94,42.0
69042,47.77,7.94,42.0
69043,51.43,29.52,42.0
69044,52.28,41.09,42.0
69045,51.34,11.02,42.0
69046,51.01,35.51,42.0
69047,49.96,29.9,42.0
69049,52.98,31.91,42.0
69050,50.62,27.36,42.0
69051,49.42,9.49,42.0
69052,51.47,26.6,42.0
69053,49.98,13.33,42.0
69054,48.79,9.84,42.0
69055,48.0,18.92,42.0
69056,49.47,18.01,42.0
69057,51.03,35.68,42.0
69058,49.67,8.33,42.0
69059,49.26,17.83,42.0
69060,48.58,3.03,42.0
69061,49.21,22.49,42.0
69062,48.09,7.43,42.0
69063,50.26,33.59,42.0
69064,52.71,15.7,42.0
69065,49.82,13.04,42.0
69066,50.83,6.02,42.0
69067,47.51,17.14,42.0
69068,50.1,28.54,42.0
69069,52.73,23.5,42.0
69070,49.15,4.39,42.0
69071,50.18,30.37,42.0
69072,50.23,36.78,42.0
69074,51.16,13.43,42.0
69075,46.73,5.56,42.0
69076,49.13,31.93,42.0
69077,48.39,10.0,42.0
69078,46.91,2.53,42.0
69080,49.38,15.09,42.0
69081,51.7,31.28,42.0
69082,49.23,3.57,42.0
69083,49.19,29.0,42.0
69084,51.41,5.47,42.0
69085,50.12,21.68,42.0
69086,51.23,25.42,42.0
69087,51.11,33.07,42.0
69088,54.46,22.62,42.0
69089,52.47,27.0,42.0
69090,51.05,20.0,42.0
69091,50.73,6.88,42.0
69092,52.09,16.4,42.0
69093,52.68,12.63,42.0
69094,51.38,22.61,42.0
69095,48.78,2.25,42.0
69096,51.32,9.66,42.0
69097,48.4,18.67,42.0
69098,47.61,13.46,42.0
69099,50.25,7.04,42.0
69100,52.39,15.59,42.0
69102,49.43,7.67,42.0
69103,49.6,10.34,42.0
69104,46.57,4.65,42.0
69105,50.59,11.5,42.0
69106,48.97,26.48,42.0
69107,48.25,7.07,42.0
69108,51.23,14.14,42.0
69109,48.39,3.38,42.0
69110,47.8,7.34,42.0
69111,51.38,21.26,42.0
69112,51.42,26.4,42.0
69113,47.96,12.22,42.0
69114,50.92,20.35,42.0
69115,52.39,16.75,42.0
69116,50.83,30.56,42.0
69117,50.92,32.0,42.0
69118,50.62,6.59,42.0
69119,48.51,8.89,42.0
69120,48.11,4.92,42.0
69121,51.04,16.96,42.0
69122,51.23,20.39,42.0
69123,52.93,31.92,42.0
69124,46.66,8.51,42.0
69125,50.59,18.39,42.0
69126,50.85,30.16,42.0
69127,52.16,26.87,42.0
69130,50.44,9.09,42.0
69131,50.43,17.75,42.0
69132,50.26,8.46,42.0
69133,51.78,27.98,42.0
69134,46.26,0.0,42.0
69135,48.05,9.88,42.0
69136,51.79,18.82,42.0
69137,56.16,22.5,42.0
69138,51.23,8.7,42.0
69139,50.25,13.85,42.0
69140,52.05,27.62,42.0
69141,52.18,21.39,42.0
69142,51.89,16.76,42.0
69143,54.4,15.28,42.0
69145,51.01,4.35,42.0
69148,48.81,29.11,42.0
69149,53.05,15.49,42.0
69151,50.68,16.56,42.0
69153,42.59,36.04,42.0
69154,51.77,22.57,42.0
69155,50.31,12.5,42.0
69156,51.24,32.52,42.0
69157,50.67,12.88,42.0
69160,49.49,6.6,42.0
69161,46.1,7.27,42.0
69162,49.69,10.26,42.0
69163,49.73,19.59,42.0
69164,47.32,6.25,42.0
69165,50.3,8.77,42.0
69166,49.58,12.5,42.0
69167,51.02,14.29,42.0
69168,50.01,28.41,42.0
69169,47.28,16.39,42.0
69170,48.38,13.49,42.0
69171,50.43,16.25,42.0
69172,50.33,12.35,42.0
69173,49.41,8.2,42.0
69174,48.81,3.32,42.0
69175,49.71,14.66,42.0
69176,50.31,20.22,42.0
69177,50.52,25.76,42.0
69178,49.54,11.54,42.0
69179,50.25,19.26,42.0
69180,50.76,12.9,42.0
69181,48.72,16.0,42.0
69182,47.31,0.0,42.0
69183,46.01,3.7,42.0
69184,47.34,18.07,42.0
69186,49.75,0.0,42.0
69187,47.33,3.85,42.0
69188,51.03,9.61,42.0
69189,56.51,22.28,42.0
69190,50.57,32.35,42.0
69191,51.56,41.39,42.0
69192,46.41,14.29,42.0
69193,49.92,31.33,42.0
69194,51.32,40.34,42.0
69196,47.28,1.46,42.0
69197,50.48,11.57,42.0
69198,49.48,13.14,42.0
69199,51.68,4.39,42.0
69200,49.87,3.27,42.0
69201,53.25,2.69,42.0
69202,54.37,28.9,42.0
69203,46.09,8.33,42.0
69204,51.88,23.4,42.0
69205,51.62,30.92,42.0
69206,50.64,13.2,42.0
69207,50.2,21.32,42.0
69208,51.05,23.66,42.0
69209,49.78,13.64,42.0
69212,51.67,31.09,42.0
69214,48.31,0.9,42.0
69215,49.12,16.46,42.0
69216,48.82,13.21,42.0
69217,47.58,11.67,42.0
69218,48.9,12.28,42.0
69219,49.49,25.35,42.0
69220,52.34,8.83,42.0
69225,49.39,15.38,42.0
69227,49.81,12.15,42.0
69228,50.56,13.56,42.0
69229,47.68,12.12,42.0
69230,49.39,5.88,42.0
69231,50.43,19.04,42.0
69233,50.95,29.76,42.0
69234,50.56,12.12,42.0
69235,52.23,15.38,42.0
69236,47.49,8.43,42.0
69238,51.96,10.92,42.0
69239,51.53,14.5,42.0
69240,51.37,14.29,42.0
69241,50.95,24.8,42.0
69242,52.28,3.95,42.0
69243,52.18,7.94,42.0
69244,52.39,29.02,42.0
69245,50.26,7.05,42.0
69246,51.92,29.27,42.0
69248,49.86,4.62,42.0
69249,49.89,16.25,42.0
69250,51.58,37.09,42.0
69252,47.88,12.0,42.0
69253,49.24,24.62,42.0
69254,50.26,9.57,42.0
69255,51.72,24.18,42.0
69256,51.31,7.03,42.0
69257,48.57,7.94,42.0
69258,46.98,12.5,42.0
69259,51.38,6.67,42.0
69260,51.39,24.27,42.0
69261,36.14,0.0,42.0
69263,50.31,6.98,42.0
69264,51.76,11.54,42.0
69265,49.45,18.75,42.0
69266,51.2,22.57,42.0
69267,51.22,12.11,42.0
69268,51.98,34.04,42.0
69269,47.1,9.9,42.0
69270,50.59,22.89,42.0
69271,50.76,24.88,42.0
69272,51.43,24.3,42.0
69273,48.35,15.38,42.0
69275,51.53,11.62,42.0
69276,52.61,8.36,42.0
69277,52.13,27.77,42.0
69278,51.4,17.4,42.0
69279,50.26,16.48,42.0
69280,50.46,9.72,42.0
69281,49.72,23.49,42.0
69282,51.14,17.61,42.0
69283,51.76,16.02,42.0
69284,51.96,38.47,42.0
69285,50.33,11.79,42.0
69286,52.67,13.75,42.0
69287,52.12,23.27,42.0
69288,50.52,16.68,42.0
69289,50.18,16.04,42.0
69290,51.26,12.3,42.0
69291,51.69,18.96,42.0
69292,51.29,14.9,42.0
69293,50.78,34.81,42.0
69294,50.98,24.91,42.0
69295,50.54,15.71,42.0
69296,50.05,21.58,42.0
69297,51.1,21.85,42.0
69298,50.5,26.78,42.0
69299,48.9,12.64,42.0
69381,51.38,38.55,42.0
69382,52.6,36.52,42.0
69383,52.78,35.2,42.0
69384,54.27,34.77,42.0
69385,54.07,28.3,42.0
69386,53.77,44.71,42.0
69387,52.03,31.04,42.0
69388,53.36,21.6,42.0
69389,52.35,22.93,42.0
70001,50.3,12.5,42.0
70002,51.85,0.0,42.0
70003,49.28,0.0,42.0
70004,51.31,7.11,42.0
70005,51.49,20.29,42.0
70006,49.63,7.32,42.0
70007,46.21,6.9,42.0
70008,50.68,0.0,42.0
70009,51.52,0.0,42.0
70010,53.85,7.69,42.0
70011,48.52,3.03,42.0
70012,50.3,5.17,42.0
70013,48.84,0.0,42.0
70014,48.31,15.62,42.0
70015,49.06,6.9,42.0
70016,47.06,16.67,42.0
70017,44.2,0.0,42.0
70018,48.57,7.32,42.0
70019,47.06,20.0,42.0
70020,49.54,15.0,42.0
70021,48.04,12.0,42.0
70022,48.98,11.76,42.0
70023,51.32,0.0,42.0
70024,48.76,0.0,42.0
70025,49.11,10.0,42.0
70026,52.86,11.56,42.0
70027,46.48,0.0,42.0
70028,54.86,16.67,42.0
70029,46.12,4.76,42.0
70030,45.24,0.0,42.0
70031,50.56,10.98,42.0
70032,44.44,0.0,42.0
70035,46.78,0.0,42.0
70036,49.03,6.25,42.0
70037,51.59,5.55,42.0
70038,49.68,3.45,42.0
70039,49.75,2.86,42.0
70040,51.87,8.7,42.0
70041,47.99,15.39,42.0
70042,51.09,0.0,42.0
70043,47.41,0.0,42.0
70044,51.91,7.73,42.0
70045,49.89,11.43,42.0
70046,50.0,0.0,42.0
70047,47.71,0.0,42.0
70048,48.53,0.0,42.0
70049,39.71,0.0,42.0
70050,45.92,27.27,42.0
70051,44.9,0.0,42.0
70052,47.62,8.33,42.0
70053,48.68,0.0,42.0
70054,47.72,0.0,42.0
70055,50.17,2.02,42.0
70056,49.52,0.0,42.0
70057,50.0,0.0,42.0
70058,50.17,7.53,42.0
70059,49.29,12.5,42.0
70060,47.29,15.63,42.0
70061,43.01,0.0,42.0
70062,47.86,0.0,42.0
70063,50.47,12.5,42.0
70064,44.44,18.18,42.0
70065,50.67,12.5,42.0
70066,45.86,0.0,42.0
70067,56.14,20.0,42.0
70069,50.0,0.0,42.0
70071,45.9,0.0,42.0
70072,49.43,0.0,42.0
70074,52.82,0.0,42.0
70075,53.03,5.88,42.0
70076,49.21,17.5,42.0
70077,46.62,20.0,42.0
70078,49.07,0.0,42.0
70079,52.72,9.23,42.0
70080,52.7,9.09,42.0
70081,52.38,6.45,42.0
70082,50.81,11.11,42.0
70083,49.75,6.67,42.0
70084,48.94,7.84,42.0
70085,51.32,9.47,42.0
70086,50.0,12.5,42.0
70087,52.71,6.25,42.0
70088,43.43,0.0,42.0
70089,47.83,0.0,42.0
70090,51.61,0.0,42.0
70091,53.19,0.0,42.0
70092,49.72,6.67,42.0
70093,50.65,4.94,42.0
70094,48.24,9.38,42.0
70095,50.25,5.8,42.0
70096,50.65,8.51,42.0
70097,50.78,13.64,42.0
70098,44.95,15.0,42.0
70099,44.26,0.0,42.0
70100,47.83,0.0,42.0
70101,50.59,11.9,42.0
70102,54.5,14.29,42.0
70103,52.07,13.64,42.0
70104,52.79,3.92,42.0
70105,47.45,0.0,42.0
70106,47.43,7.69,42.0
70107,50.67,17.07,42.0
70109,51.16,28.57,42.0
70111,52.1,3.85,42.0
70112,43.45,0.0,42.0
70113,44.7,18.18,42.0
70114,43.9,4.55,42.0
70115,51.68,0.0,42.0
70116,48.74,8.47,42.0
70117,50.7,27.12,42.0
70118,51.11,0.0,42.0
70119,48.3,11.43,42.0
70120,50.03,13.04,42.0
70121,49.87,7.5,42.0
70122,51.8,5.84,42.0
70124,45.98,12.5,42.0
70125,49.43,0.0,42.0
70126,50.25,11.76,42.0
70127,51.89,8.33,42.0
70128,50.66,0.0,42.0
70129,45.89,0.0,42.0
70130,48.15,13.87,42.0
70132,50.17,8.52,42.0
70133,48.53,0.0,42.0
70134,45.81,4.55,42.0
70135,40.62,0.0,42.0
70136,52.62,13.33,42.0
70137,49.13,4.76,42.0
70138,54.03,9.09,42.0
70140,43.33,0.0,42.0
70141,48.72,14.29,42.0
70142,49.74,6.67,42.0
70143,51.38,0.0,42.0
70144,50.0,0.0,42.0
70145,50.02,6.98,42.0
70146,46.2,0.0,42.0
70147,50.45,3.7,42.0
70148,48.65,0.0,42.0
70149,50.36,15.79,42.0
70150,51.79,16.67,42.0
70151,42.11,0.0,42.0
70152,48.67,5.45,42.0
70153,49.48,0.0,42.0
70154,51.15,5.88,42.0
70155,50.05,5.7,42.0
70156,47.87,0.0,42.0
70157,50.53,11.46,42.0
70158,49.55,10.0,42.0
70159,49.53,0.0,42.0
70160,49.96,14.29,42.0
70162,48.39,9.43,42.0
70163,50.93,5.39,42.0
70164,47.76,0.0,42.0
70165,49.62,2.07,42.0
70166,49.65,25.0,42.0
70167,50.25,7.89,42.0
70168,52.02,9.84,42.0
70169,49.74,0.0,42.0
70170,52.21,0.0,42.0
70171,50.65,4.76,42.0
70172,52.73,9.09,42.0
70174,52.29,6.67,42.0
70175,45.59,6.67,42.0
70176,45.12,0.0,42.0
70177,50.58,7.14,42.0
70178,46.58,0.0,42.0
70179,57.39,6.67,42.0
70180,49.16,11.13,42.0
70181,50.0,9.09,42.0
70182,50.83,30.77,42.0
70183,51.72,0.0,42.0
70184,51.54,7.45,42.0
70185,53.55,9.52,42.0
70186,44.59,0.0,42.0
70187,50.4,13.04,42.0
70188,48.2,0.0,42.0
70189,49.45,4.0,42.0
70190,51.38,0.0,42.0
70192,54.85,0.0,42.0
70193,51.08,7.14,42.0
70194,50.39,0.0,42.0
70195,53.21,6.26,42.0
70196,46.19,0.0,42.0
70197,49.21,12.33,42.0
70198,53.63,8.2,42.0
70199,52.99,14.29,42.0
70200,52.38,0.0,42.0
70201,47.37,8.7,42.0
70202,50.02,4.35,42.0
70203,45.1,0.0,42.0
70204,47.59,14.29,42.0
70205,52.26,13.04,42.0
70206,50.92,29.12,42.0
70207,50.04,13.56,42.0
70208,50.78,18.99,42.0
70210,52.35,17.65,42.0
70211,51.95,20.0,42.0
70213,46.57,11.54,42.0
70214,45.83,0.0,42.0
70215,50.27,31.82,42.0
70216,48.36,10.21,42.0
70217,50.0,25.0,42.0
70218,48.44,8.33,42.0
70219,50.42,4.11,42.0
70220,48.0,0.0,42.0
70221,48.97,10.28,42.0
70222,47.0,0.0,42.0
70224,51.38,10.14,42.0
70225,51.0,0.0,42.0
70226,49.7,13.79,42.0
70227,51.94,4.43,42.0
70228,51.02,11.9,42.0
70229,48.64,21.05,42.0
70230,51.02,0.0,42.0
70231,38.89,0.0,42.0
70232,48.48,0.0,42.0
70233,51.59,0.0,42.0
70234,46.4,18.18,42.0
70235,51.8,13.33,42.0
70236,51.54,0.0,42.0
70237,52.78,0.0,42.0
70238,52.34,7.69,42.0
70239,48.76,28.41,42.0
70240,50.26,7.26,42.0
70242,52.03,0.0,42.0
70243,50.13,6.25,42.0
70244,50.0,0.0,42.0
70245,49.48,5.86,42.0
70247,48.23,0.0,42.0
70248,49.03,20.42,42.0
70249,46.22,12.5,42.0
70250,48.77,5.95,42.0
70251,46.53,0.0,42.0
70252,51.69,5.32,42.0
70253,42.6,22.75,42.0
70254,47.25,13.04,42.0
70255,47.25,6.38,42.0
70256,48.2,4.76,42.0
70257,50.89,11.74,42.0
70258,52.55,7.56,42.0
70259,46.56,3.33,42.0
70260,49.92,4.84,42.0
70261,50.91,14.55,42.0
70262,47.3,0.0,42.0
70263,50.12,18.18,42.0
70265,50.99,7.14,42.0
70267,49.37,0.0,42.0
70268,47.66,20.0,42.0
70269,44.12,0.0,42.0
70271,50.39,8.88,42.0
70272,44.41,5.44,42.0
70273,46.27,0.0,42.0
70274,48.94,0.0,42.0
70275,49.34,13.51,42.0
70276,53.26,0.0,42.0
70277,50.66,15.79,42.0
70278,48.86,8.0,42.0
70279,53.37,7.34,42.0
70280,53.19,12.66,42.0
70282,50.06,6.17,42.0
70283,48.45,5.98,42.0
70284,51.78,4.17,42.0
70285,52.89,8.55,42.0
70286,50.85,55.56,42.0
70287,52.17,0.0,42.0
70288,50.85,10.0,42.0
70289,45.18,11.11,42.0
70290,46.31,4.35,42.0
70291,50.5,0.0,42.0
70292,53.76,5.5,42.0
70293,54.55,0.0,42.0
70294,49.12,10.0,42.0
70295,43.78,10.53,42.0
70296,50.22,6.67,42.0
70297,48.33,0.0,42.0
70298,50.43,0.0,42.0
70299,50.0,0.0,42.0
70301,50.94,12.5,42.0
70302,47.89,0.0,42.0
70303,53.33,10.53,42.0
70304,46.96,0.0,42.0
70305,51.61,0.0,42.0
70306,47.88,15.88,42.0
70307,50.88,0.0,42.0
70308,53.57,0.0,42.0
70309,48.8,6.85,42.0
70310,53.23,13.69,42.0
70311,53.12,9.62,42.0
70312,51.18,14.02,42.0
70313,48.08,9.3,42.0
70314,47.62,5.56,42.0
70315,53.14,9.3,42.0
70316,45.98,33.33,42.0
70317,51.77,8.33,42.0
70318,53.52,9.3,42.0
70319,52.67,20.0,42.0
70320,46.88,0.0,42.0
70321,52.31,10.92,42.0
70322,48.9,7.14,42.0
70323,52.15,0.0,42.0
70324,51.22,11.29,42.0
70325,52.16,7.89,42.0
70326,51.22,6.9,42.0
70327,46.27,12.5,42.0
70328,52.52,6.67,42.0
70329,41.79,0.0,42.0
70330,48.86,29.17,42.0
70331,48.9,5.41,42.0
70332,50.0,28.57,42.0
70334,51.12,7.39,42.0
70335,52.54,0.0,42.0
70336,50.36,0.0,42.0
70337,46.94,0.0,42.0
70338,48.39,6.67,42.0
70339,50.43,9.66,42.0
70340,52.34,0.0,42.0
70341,49.03,0.0,42.0
70342,51.54,16.67,42.0
70343,49.05,10.34,42.0
70344,50.71,5.71,42.0
70347,45.67,0.0,42.0
70348,53.68,6.85,42.0
70349,44.73,9.52,42.0
70350,47.69,0.0,42.0
70351,48.19,0.0,42.0
70352,36.11,0.0,42.0
70353,54.35,21.86,42.0
70355,49.72,0.0,42.0
70356,45.96,10.34,42.0
70357,52.29,8.73,42.0
70358,45.99,3.85,42.0
70359,50.0,0.0,42.0
70360,50.0,0.0,42.0
70361,48.31,18.18,42.0
70362,39.84,11.11,42.0
70363,50.47,11.23,42.0
70364,52.03,0.0,42.0
70366,48.39,8.33,42.0
70367,46.2,7.14,42.0
70368,49.64,0.0,42.0
70369,43.75,0.0,42.0
70371,43.5,4.76,42.0
70372,53.66,0.0,42.0
70373,50.45,20.59,42.0
70374,54.08,0.0,42.0
70376,51.45,3.66,42.0
70378,52.01,11.65,42.0
70380,48.2,7.14,42.0
70381,56.52,5.86,42.0
70383,51.7,11.11,42.0
70384,46.41,21.74,42.0
70385,49.01,15.15,42.0
70386,51.16,0.0,42.0
70387,52.24,0.0,42.0
70388,51.64,9.5,42.0
70389,60.34,0.0,42.0
70390,48.6,7.69,42.0
70392,49.09,0.0,42.0
70393,48.5,13.04,42.0
70394,45.16,0.0,42.0
70395,50.77,0.0,42.0
70396,41.94,0.0,42.0
70397,46.99,0.0,42.0
70398,46.27,0.0,42.0
70399,47.59,0.0,42.0
70400,51.35,0.0,42.0
70401,46.41,9.09,42.0
70402,50.43,5.64,42.0
70403,48.97,15.38,42.0
70404,50.31,8.37,42.0
70405,52.08,9.09,42.0
70406,50.55,20.0,42.0
70407,52.81,13.79,42.0
70408,54.71,15.79,42.0
70409,48.54,0.0,42.0
70410,52.12,16.44,42.0
70411,42.11,0.0,42.0
70412,50.83,11.11,42.0
70413,48.1,15.5,42.0
70414,48.04,9.76,42.0
70415,46.15,9.47,42.0
70416,48.99,4.76,42.0
70417,50.69,12.77,42.0
70418,49.23,0.0,42.0
70419,46.09,0.0,42.0
70420,50.79,16.67,42.0
70421,50.48,5.34,42.0
70422,48.25,13.33,42.0
70423,43.1,11.11,42.0
70425,41.22,7.69,42.0
70426,49.23,17.39,42.0
70427,50.06,9.81,42.0
70428,49.18,13.98,42.0
70429,53.92,12.79,42.0
70430,41.27,0.0,42.0
70431,46.61,4.17,42.0
70432,46.58,10.71,42.0
70433,53.66,10.69,42.0
70435,51.41,8.97,42.0
70436,50.0,0.0,42.0
70437,50.0,0.0,42.0
70438,50.24,5.88,42.0
70439,49.6,11.11,42.0
70440,44.44,0.0,42.0
70441,51.01,3.7,42.0
70442,52.59,0.0,42.0
70443,48.24,0.0,42.0
70444,52.76,18.75,42.0
70445,47.86,14.29,42.0
70446,51.06,6.57,42.0
70447,52.31,11.25,42.0
70448,48.68,0.0,42.0
70449,43.66,14.29,42.0
70450,52.5,0.0,42.0
70451,50.97,4.29,42.0
70452,49.64,12.1,42.0
70453,53.16,0.0,42.0
70454,44.44,0.0,42.0
70455,50.83,6.73,42.0
70456,49.32,6.67,42.0
70457,47.66,10.0,42.0
70459,49.59,4.81,42.0
70460,47.62,0.0,42.0
70461,49.02,0.0,42.0
70462,47.5,0.0,42.0
70463,49.28,14.29,42.0
70464,50.5,14.05,42.0
70466,47.06,0.0,42.0
70467,51.34,3.38,42.0
70468,42.86,0.0,42.0
70469,44.5,5.26,42.0
70470,48.15,16.67,42.0
70471,40.0,0.0,42.0
70472,51.16,13.72,42.0
70473,46.35,7.41,42.0
70474,48.82,8.33,42.0
70476,48.68,0.0,42.0
70477,48.08,8.71,42.0
70478,55.21,8.98,42.0
70479,48.54,10.0,42.0
70480,48.73,7.69,42.0
70481,47.52,4.17,42.0
70482,52.17,5.88,42.0
70483,48.44,0.0,42.0
70484,53.93,8.33,42.0
70485,49.11,0.0,42.0
70486,49.52,10.0,42.0
70487,46.76,16.23,42.0
70488,51.38,5.88,42.0
70489,48.29,5.29,42.0
70490,48.78,0.0,42.0
70491,49.2,4.33,42.0
70492,49.77,4.55,42.0
70493,48.27,15.38,42.0
70494,50.28,10.0,42.0
70496,45.16,0.0,42.0
70498,49.83,17.78,42.0
70499,49.51,0.0,42.0
70500,46.71,9.52,42.0
70501,50.44,0.0,42.0
70502,46.43,14.29,42.0
70503,47.83,5.56,42.0
70504,46.31,8.33,42.0
70505,51.23,10.53,42.0
70506,51.95,13.51,42.0
70507,49.0,14.81,42.0
70509,46.9,10.0,42.0
70510,50.0,0.0,42.0
70511,50.61,4.55,42.0
70512,48.37,0.0,42.0
70513,53.0,10.66,42.0
70514,49.95,8.05,42.0
70515,44.76,0.0,42.0
70516,49.19,5.57,42.0
70517,47.17,13.16,42.0
70518,51.07,0.0,42.0
70519,56.41,7.69,42.0
70520,52.17,0.0,42.0
70521,52.27,33.33,42.0
70522,43.79,7.69,42.0
70523,50.57,5.26,42.0
70524,55.12,14.29,42.0
70525,49.77,0.0,42.0
70526,50.09,12.08,42.0
70527,45.45,0.0,42.0
70528,53.23,9.72,42.0
70529,48.46,3.23,42.0
70531,49.02,0.0,42.0
70532,50.44,16.33,42.0
70533,50.0,14.29,42.0
70534,45.9,0.0,42.0
70535,47.59,9.09,42.0
70536,46.4,7.69,42.0
70537,52.38,0.0,42.0
70538,44.83,11.11,42.0
70539,51.79,2.38,42.0
70540,52.5,0.0,42.0
70541,51.94,4.17,42.0
70542,53.11,5.56,42.0
70544,51.82,16.67,42.0
70545,40.3,8.33,42.0
70546,51.42,4.0,42.0
70547,51.2,33.33,42.0
70548,48.23,0.0,42.0
70549,53.85,12.5,42.0
70550,52.63,10.2,42.0
70552,48.48,6.67,42.0
70553,54.24,7.69,42.0
70554,50.29,0.0,42.0
70555,48.21,5.56,42.0
70558,52.5,15.38,42.0
70559,48.72,12.5,42.0
70560,51.4,0.0,42.0
70561,53.17,7.32,42.0
70562,44.16,0.0,42.0
70563,49.11,6.52,42.0
70564,50.78,17.27,42.0
70565,55.81,0.0,42.0
70566,51.94,0.0,42.0
70567,53.03,6.67,42.0
70568,50.0,0.0,42.0
70569,50.0,0.0,42.0
70571,33.33,0.0,42.0
70572,54.46,5.88,42.0
70573,54.78,10.0,42.0
70574,55.74,0.0,42.0
70575,50.2,13.2,42.0
70576,47.02,0.0,42.0
70577,51.33,8.33,42.0
70578,53.93,18.18,42.0
70579,52.54,23.94,42.0
70580,44.64,0.0,42.0
70581,50.02,15.32,42.0
70582,59.55,0.0,42.0
70583,47.55,14.29,42.0
71001,48.0,12.68,42.0
71002,47.57,5.04,42.0
71003,48.7,8.33,42.0
71004,49.14,12.78,42.0
71005,50.25,8.7,42.0
71006,46.32,0.0,42.0
71007,57.28,0.0,42.0
71008,47.26,0.0,42.0
71009,49.82,7.44,42.0
71010,50.95,2.56,42.0
71011,49.58,14.99,42.0
71012,52.14,10.34,42.0
71013,49.66,0.0,42.0
71014,54.46,11.45,42.0
71015,49.64,10.11,42.0
71016,49.95,8.85,42.0
71017,50.57,0.0,42.0
71018,47.67,6.25,42.0
71019,46.04,13.33,42.0
71020,49.49,11.11,42.0
71021,45.87,15.62,42.0
71022,47.79,9.0,42.0
71023,48.38,5.26,42.0
71024,49.29,6.82,42.0
71025,51.37,6.34,42.0
71026,48.88,14.86,42.0
71027,49.76,2.78,42.0
71028,46.73,0.0,42.0
71029,52.89,5.56,42.0
71030,47.81,15.38,42.0
71031,52.54,0.0,42.0
71032,50.23,1.52,42.0
71033,49.3,6.63,42.0
71034,49.25,5.26,42.0
71035,49.02,7.14,42.0
71036,44.29,25.0,42.0
71037,57.14,12.5,42.0
71038,46.14,9.4,42.0
71039,47.8,10.0,42.0
71040,51.89,9.34,42.0
71041,54.95,20.0,42.0
71042,53.39,12.42,42.0
71043,46.51,0.0,42.0
71044,46.13,4.35,42.0
71045,49.43,6.67,42.0
71046,49.25,0.0,42.0
71047,54.55,4.11,42.0
71048,49.14,12.5,42.0
71050,55.26,14.08,42.0
71051,46.71,7.69,42.0
71052,52.9,11.48,42.0
71054,48.53,12.31,42.0
71056,50.46,2.79,42.0
71057,54.4,9.09,42.0
71058,51.91,0.0,42.0
71059,50.33,10.85,42.0
71060,51.32,13.33,42.0
71061,49.06,0.0,42.0
71062,47.08,14.29,42.0
71063,47.88,7.69,42.0
71064,51.49,6.56,42.0
71065,50.9,14.81,42.0
71066,52.14,0.0,42.0
71067,53.28,0.0,42.0
71068,52.54,20.0,42.0
71069,48.18,25.77,42.0
71070,52.25,16.76,42.0
71071,49.63,0.0,42.0
71072,49.29,20.0,42.0
71073,52.18,5.14,42.0
71074,50.97,18.46,42.0
71075,49.37,4.26,42.0
71076,53.17,11.47,42.0
71077,48.62,6.06,42.0
71078,55.1,0.0,42.0
71079,51.5,4.55,42.0
71080,47.62,22.22,42.0
71081,50.39,10.5,42.0
71082,47.5,0.0,42.0
71084,50.66,8.89,42.0
71085,46.22,0.0,42.0
71086,50.64,12.5,42.0
71087,45.45,33.33,42.0
71088,48.6,8.33,42.0
71089,51.87,9.09,42.0
71090,49.63,9.98,42.0
71091,48.15,5.88,42.0
71092,49.99,0.0,42.0
71093,51.73,15.25,42.0
71094,52.38,12.5,42.0
71095,48.61,13.53,42.0
71096,50.86,0.0,42.0
71097,48.91,6.24,42.0
71098,46.78,15.38,42.0
71099,51.04,20.0,42.0
71100,50.24,27.78,42.0
71101,51.61,6.25,42.0
71102,47.27,19.0,42.0
71103,47.81,7.54,42.0
71104,49.46,5.88,42.0
71105,53.79,15.85,42.0
71106,54.25,9.71,42.0
71107,48.8,9.68,42.0
71108,45.71,10.0,42.0
71109,47.67,8.11,42.0
71110,45.87,7.41,42.0
71111,46.67,6.06,42.0
71112,46.82,34.78,42.0
71113,47.31,16.67,42.0
71115,45.98,0.0,42.0
71116,44.58,0.0,42.0
71117,50.59,8.26,42.0
71118,52.43,13.93,42.0
71119,48.65,5.98,42.0
71120,52.19,3.89,42.0
71121,50.18,6.62,42.0
71122,50.7,8.93,42.0
71123,48.54,5.41,42.0
71124,51.18,3.85,42.0
71125,45.0,0.0,42.0
71126,49.34,28.07,42.0
71127,54.72,14.29,42.0
71128,45.45,0.0,42.0
71129,49.95,0.0,42.0
71130,47.77,13.04,42.0
71132,49.31,7.07,42.0
71133,55.35,8.73,42.0
71134,47.26,8.12,42.0
71135,50.12,18.99,42.0
71136,49.67,9.58,42.0
71137,51.8,15.09,42.0
71139,48.0,0.0,42.0
71140,35.9,0.0,42.0
71141,48.05,10.0,42.0
71142,48.99,11.11,42.0
71143,47.94,2.9,42.0
71144,47.18,0.0,42.0
71145,48.68,5.59,42.0
71146,46.13,24.0,42.0
71147,50.05,10.71,42.0
71148,50.16,2.58,42.0
71149,51.94,8.77,42.0
71150,51.53,9.68,42.0
71151,43.75,11.11,42.0
71152,42.05,5.0,42.0
71153,52.08,11.2,42.0
71154,50.84,13.56,42.0
71155,48.87,6.98,42.0
71156,47.29,21.74,42.0
71157,49.75,4.73,42.0
71158,53.46,13.47,42.0
71159,51.5,21.05,42.0
71160,47.5,12.63,42.0
71161,46.98,3.23,42.0
71162,50.55,10.89,42.0
71163,49.47,18.18,42.0
71164,48.2,15.38,42.0
71165,46.85,3.33,42.0
71166,51.38,0.0,42.0
71167,49.99,8.57,42.0
71168,52.33,23.08,42.0
71169,46.8,16.13,42.0
71170,50.88,9.36,42.0
71171,51.2,0.0,42.0
71172,47.73,0.0,42.0
71173,48.48,3.7,42.0
71174,47.56,7.69,42.0
71175,49.87,10.71,42.0
71176,52.71,4.65,42.0
71177,49.77,4.38,42.0
71178,50.1,2.65,42.0
71179,44.0,0.0,42.0
71181,50.34,10.0,42.0
71182,52.6,27.07,42.0
71183,46.71,10.0,42.0
71184,49.65,5.8,42.0
71185,48.24,2.78,42.0
71186,46.37,8.33,42.0
71187,49.75,12.58,42.0
71188,43.94,20.0,42.0
71189,50.14,12.27,42.0
71190,52.95,6.27,42.0
71191,51.87,8.7,42.0
71192,53.23,3.77,42.0
71193,50.94,0.0,42.0
71194,50.31,4.55,42.0
71195,49.08,5.56,42.0
71196,47.66,8.62,42.0
71198,45.63,2.38,42.0
71199,46.55,14.29,42.0
71200,51.32,15.87,42.0
71201,45.81,10.79,42.0
71202,50.68,11.44,42.0
71203,48.08,33.33,42.0
71204,50.6,10.49,42.0
71205,47.29,3.64,42.0
71206,47.59,8.7,42.0
71207,50.7,0.0,42.0
71208,50.94,0.0,42.0
71209,52.34,3.48,42.0
71210,46.69,14.29,42.0
71212,51.27,5.92,42.0
71213,49.55,8.33,42.0
71214,50.77,5.13,42.0
71215,49.65,4.64,42.0
71216,45.64,0.0,42.0
71217,48.57,0.0,42.0
71218,50.02,8.17,42.0
71219,50.98,16.07,42.0
71220,50.76,8.11,42.0
71221,50.38,24.65,42.0
71222,50.74,16.67,42.0
71223,48.16,4.88,42.0
71224,45.88,20.0,42.0
71225,49.87,16.98,42.0
71226,53.33,0.0,42.0
71227,46.73,4.19,42.0
71228,51.77,11.11,42.0
71229,47.83,4.17,42.0
71230,52.02,5.24,42.0
71231,50.67,6.25,42.0
71232,47.5,0.0,42.0
71233,48.83,0.0,42.0
71234,49.5,15.38,42.0
71235,51.61,15.91,42.0
71236,47.83,6.67,42.0
71237,48.42,7.14,42.0
71238,49.45,10.75,42.0
71239,53.78,2.33,42.0
71240,50.79,15.61,42.0
71241,52.96,18.61,42.0
71242,51.47,6.81,42.0
71243,49.65,0.0,42.0
71244,50.54,0.0,42.0
71245,50.39,18.75,42.0
71246,50.24,8.7,42.0
71247,52.03,5.4,42.0
71248,49.75,10.58,42.0
71249,49.12,12.66,42.0
71250,50.52,12.28,42.0
71251,49.84,10.6,42.0
71252,49.25,8.62,42.0
71253,49.76,9.76,42.0
71254,42.95,7.14,42.0
71255,50.84,13.04,42.0
71256,47.86,1.92,42.0
71257,49.69,7.76,42.0
71258,48.55,18.87,42.0
71259,49.1,5.29,42.0
71261,49.92,4.29,42.0
71262,52.8,0.0,42.0
71263,54.02,7.18,42.0
71264,48.59,17.65,42.0
71266,51.95,26.09,42.0
71267,51.37,4.6,42.0
71268,46.51,18.42,42.0
71269,51.21,9.76,42.0
71270,52.33,11.65,42.0
71271,47.26,23.08,42.0
71272,50.65,7.14,42.0
71273,49.65,0.0,42.0
71274,50.25,17.95,42.0
71275,55.1,5.66,42.0
71276,50.0,11.11,42.0
71277,49.94,14.08,42.0
71278,45.24,21.43,42.0
71279,50.78,8.33,42.0
71280,53.85,0.0,42.0
71281,48.47,6.69,42.0
71282,50.16,7.5,42.0
71283,51.84,1.65,42.0
71284,50.0,9.09,42.0
71285,46.57,16.13,42.0
71286,49.85,15.79,42.0
71287,47.4,15.02,42.0
71289,52.64,9.52,42.0
71290,55.61,4.17,42.0
71291,49.69,8.23,42.0
71292,51.21,16.02,42.0
71293,50.24,10.34,42.0
71294,51.27,10.71,42.0
71295,51.02,9.8,42.0
71296,48.97,20.29,42.0
71297,51.06,7.46,42.0
71299,46.73,20.0,42.0
71300,49.63,8.93,42.0
71301,50.56,6.25,42.0
71302,48.08,22.73,42.0
71303,49.06,4.02,42.0
71305,50.76,3.85,42.0
71306,53.21,6.69,42.0
71307,48.51,0.0,42.0
71308,51.61,0.0,42.0
71309,52.33,20.5,42.0
71310,52.04,7.4,42.0
71311,47.22,3.85,42.0
71312,46.37,0.0,42.0
71313,46.5,14.29,42.0
71314,46.52,0.0,42.0
71315,44.5,4.76,42.0
71316,48.79,10.71,42.0
71317,45.7,16.67,42.0
71318,50.25,6.84,42.0
71319,46.69,8.2,42.0
71320,56.54,27.26,42.0
71321,48.17,30.77,42.0
71322,55.42,0.0,42.0
71323,50.99,18.18,42.0
71324,49.49,14.3,42.0
71325,48.3,3.09,42.0
71326,50.87,11.11,42.0
71327,48.14,13.89,42.0
71328,51.64,4.84,42.0
71329,47.71,7.9,42.0
71330,49.47,8.52,42.0
71331,52.48,14.29,42.0
71332,50.45,10.81,42.0
71333,50.26,7.35,42.0
71334,46.52,2.78,42.0
71335,40.85,0.0,42.0
71336,50.79,10.9,42.0
71337,48.52,4.0,42.0
71338,51.9,16.67,42.0
71339,47.86,8.49,42.0
71340,50.18,4.65,42.0
71341,46.74,8.7,42.0
71342,55.39,10.73,42.0
71343,49.83,5.0,42.0
71344,52.86,0.0,42.0
71345,48.2,13.79,42.0
71346,50.94,9.42,42.0
71347,48.0,6.58,42.0
71348,47.14,0.0,42.0
71349,40.0,0.0,42.0
71350,48.04,9.24,42.0
71351,53.54,1.91,42.0
71352,49.46,0.0,42.0
71353,53.61,5.77,42.0
71354,50.71,6.01,42.0
71355,40.72,3.85,42.0
71356,49.44,6.58,42.0
71357,52.29,4.76,42.0
71358,51.0,33.33,42.0
71359,52.17,7.97,42.0
71360,50.13,12.56,42.0
71361,44.64,12.5,42.0
71362,47.4,9.38,42.0
71363,43.37,8.33,42.0
71364,47.16,14.29,42.0
71365,51.6,0.0,42.0
71366,50.5,11.1,42.0
71367,50.95,5.91,42.0
71368,51.29,11.53,42.0
71369,48.18,4.65,42.0
71370,48.05,5.36,42.0
71371,50.87,19.86,42.0
71372,50.75,8.16,42.0
71373,51.34,2.72,42.0
71374,51.25,40.0,42.0
71376,47.01,9.09,42.0
71377,50.0,14.29,42.0
71378,49.49,17.01,42.0
71379,48.4,4.72,42.0
71380,50.12,15.79,42.0
71381,48.65,20.0,42.0
71382,51.94,4.65,42.0
71383,49.31,3.68,42.0
71384,54.48,9.09,42.0
71385,50.03,5.0,42.0
71386,54.26,0.0,42.0
71387,48.0,20.24,42.0
71388,48.51,18.18,42.0
71389,50.5,0.0,42.0
71390,48.62,4.75,42.0
71391,50.64,11.15,42.0
71392,47.13,7.84,42.0
71393,49.95,14.31,42.0
71394,50.35,10.0,42.0
71395,50.24,18.35,42.0
71396,49.6,8.33,42.0
71397,47.71,9.28,42.0
71398,49.73,5.36,42.0
71399,52.15,13.95,42.0
71400,51.08,30.77,42.0
71401,48.1,3.85,42.0
71402,52.76,8.75,42.0
71403,54.18,17.24,42.0
71404,51.12,12.7,42.0
71405,47.54,5.56,42.0
71406,43.8,33.33,42.0
71407,47.27,0.0,42.0
71408,47.83,5.0,42.0
71409,48.23,5.1,42.0
71410,49.94,3.85,42.0
71411,47.65,9.52,42.0
71412,49.43,12.17,42.0
71413,49.87,10.15,42.0
71414,48.44,10.37,42.0
71415,46.15,0.0,42.0
71416,49.36,15.72,42.0
71417,52.94,7.87,42.0
71419,53.67,7.37,42.0
71420,53.11,9.09,42.0
71421,48.26,17.65,42.0
71422,47.53,13.33,42.0
71423,51.71,6.94,42.0
71424,50.52,0.0,42.0
71425,51.94,3.33,42.0
71426,55.29,11.76,42.0
71427,52.83,0.0,42.0
71428,50.72,1.43,42.0
71430,52.19,9.69,42.0
71431,50.41,12.82,42.0
71433,48.78,9.62,42.0
71434,47.48,10.71,42.0
71435,49.81,3.57,42.0
71436,49.4,10.06,42.0
71437,51.37,0.0,42.0
71438,50.55,5.73,42.0
71439,49.07,22.06,42.0
71440,51.21,19.35,42.0
71441,47.26,7.14,42.0
71442,50.81,8.72,42.0
71443,51.39,14.94,42.0
71444,48.6,6.31,42.0
71445,52.57,10.88,42.0
71446,48.15,25.0,42.0
71447,49.17,22.22,42.0
71448,50.82,9.64,42.0
71449,48.37,71.43,42.0
71450,46.0,7.69,42.0
71451,46.67,9.09,42.0
71452,46.49,0.0,42.0
71453,51.13,4.35,42.0
71454,46.11,0.0,42.0
71455,50.0,6.67,42.0
71456,50.29,3.25,42.0
71457,51.26,13.33,42.0
71458,49.3,0.0,42.0
71459,48.07,14.29,42.0
71460,50.41,11.15,42.0
71461,48.39,0.0,42.0
71462,49.54,13.64,42.0
71463,51.07,5.41,42.0
71464,50.0,0.0,42.0
71465,47.83,2.7,42.0
71466,44.0,22.22,42.0
71468,50.42,14.67,42.0
71469,46.83,5.26,42.0
71470,49.03,14.81,42.0
71471,52.0,8.33,42.0
71472,50.29,5.26,42.0
71473,47.33,0.0,42.0
71474,46.31,0.0,42.0
71475,53.58,13.97,42.0
71477,49.28,10.0,42.0
71478,47.44,0.0,42.0
71479,50.36,14.19,42.0
71480,49.17,3.71,42.0
71481,50.34,9.76,42.0
71482,48.91,3.63,42.0
71483,49.41,2.17,42.0
71484,50.02,3.56,42.0
71485,48.43,13.1,42.0
71486,51.86,8.85,42.0
71487,46.79,8.33,42.0
71488,50.98,20.0,42.0
71489,48.07,1.74,42.0
71490,49.64,8.6,42.0
71491,49.84,4.08,42.0
71493,49.27,6.61,42.0
71494,49.86,9.36,42.0
71495,51.9,6.35,42.0
71496,55.97,0.0,42.0
71497,53.05,19.31,42.0
71498,50.64,14.29,42.0
71499,51.03,9.02,42.0
71500,47.27,27.27,42.0
71501,45.07,20.55,42.0
71502,49.7,13.84,42.0
71503,48.44,8.47,42.0
71504,50.0,0.0,42.0
71505,51.95,14.29,42.0
71506,48.44,3.7,42.0
71507,51.76,7.14,42.0
71508,48.66,7.53,42.0
71509,50.11,6.67,42.0
71510,57.88,3.03,42.0
71512,52.54,8.89,42.0
71513,50.39,14.41,42.0
71514,50.44,2.86,42.0
71515,57.84,0.0,42.0
71516,51.21,3.58,42.0
71517,45.53,8.0,42.0
71518,48.04,6.45,42.0
71519,50.79,17.65,42.0
71520,48.76,5.61,42.0
71521,46.67,0.0,42.0
71522,48.94,10.23,42.0
71523,48.56,7.7,42.0
71524,50.0,18.18,42.0
71525,48.65,16.62,42.0
71526,48.89,27.27,42.0
71527,50.8,16.67,42.0
71528,50.28,6.65,42.0
71529,47.08,4.35,42.0
71530,50.51,6.52,42.0
71531,44.72,23.39,42.0
71532,27.59,0.0,42.0
71533,47.91,1.96,42.0
71534,50.45,7.57,42.0
71535,49.32,4.44,42.0
71537,51.44,0.0,42.0
71538,47.13,2.51,42.0
71539,48.1,0.0,42.0
71540,51.44,4.99,42.0
71541,45.33,4.0,42.0
71542,52.12,5.26,42.0
71543,52.72,11.04,42.0
71544,53.76,13.33,42.0
71545,52.85,12.05,42.0
71546,44.99,6.02,42.0
71547,52.0,13.04,42.0
71548,49.03,7.41,42.0
71549,46.37,23.53,42.0
71550,49.78,7.69,42.0
71551,50.0,33.33,42.0
71552,50.6,6.67,42.0
71553,49.76,20.0,42.0
71554,51.82,20.0,42.0
71555,39.62,10.79,42.0
71556,51.06,10.01,42.0
71557,50.14,6.94,42.0
71558,50.07,4.12,42.0
71559,51.15,1.86,42.0
71561,51.37,4.55,42.0
71562,47.65,11.11,42.0
71563,46.84,0.0,42.0
71564,47.86,7.94,42.0
71565,48.87,0.0,42.0
71566,52.09,5.29,42.0
71567,51.95,14.29,42.0
71568,45.28,0.0,42.0
71570,48.22,2.25,42.0
71571,48.48,4.16,42.0
71572,46.15,0.0,42.0
71573,51.04,6.25,42.0
71574,49.85,9.33,42.0
71576,52.69,14.29,42.0
71577,46.51,13.64,42.0
71578,49.37,2.72,42.0
71579,48.52,0.0,42.0
71580,48.0,6.25,42.0
71581,48.78,5.56,42.0
71582,49.77,19.37,42.0
71583,50.66,13.24,42.0
71584,50.94,12.4,42.0
71585,50.84,17.13,42.0
71586,50.13,0.0,42.0
71588,50.29,9.38,42.0
71589,51.67,0.0,42.0
71590,50.13,7.17,42.0
71591,51.92,2.44,42.0
72001,48.96,12.72,42.0
72002,49.25,0.0,42.0
72003,53.49,4.02,42.0
72004,47.63,16.33,42.0
72005,49.65,8.43,42.0
72006,50.76,10.13,42.0
72007,50.42,6.98,42.0
72008,51.54,11.46,42.0
72009,48.89,12.51,42.0
72010,47.77,4.65,42.0
72011,49.19,6.92,42.0
72012,46.48,7.88,42.0
72013,50.85,7.69,42.0
72015,49.12,8.47,42.0
72016,51.17,11.36,42.0
72017,45.26,11.11,42.0
72018,51.02,0.0,42.0
72019,50.15,7.89,42.0
72020,48.59,9.91,42.0
72021,46.42,8.95,42.0
72022,51.97,10.89,42.0
72023,51.28,5.31,42.0
72024,50.03,11.14,42.0
72025,49.73,8.68,42.0
72026,50.04,8.05,42.0
72027,45.9,25.0,42.0
72028,49.48,6.67,42.0
72029,52.15,10.53,42.0
72031,48.02,7.55,42.0
72032,48.62,2.93,42.0
72034,48.59,23.81,42.0
72035,53.03,4.84,42.0
72036,51.85,6.23,42.0
72037,54.17,10.2,42.0
72038,48.51,11.99,42.0
72039,52.52,5.74,42.0
72040,49.31,12.5,42.0
72041,49.84,18.92,42.0
72042,51.86,5.03,42.0
72043,52.79,18.44,42.0
72044,46.53,6.98,42.0
72045,49.55,9.59,42.0
72046,49.17,7.55,42.0
72047,49.49,14.13,42.0
72048,47.95,3.7,42.0
72049,51.21,4.28,42.0
72050,52.55,6.59,42.0
72051,50.42,8.04,42.0
72052,54.24,6.0,42.0
72053,50.39,3.54,42.0
72054,47.13,6.36,42.0
72056,51.26,12.61,42.0
72057,52.78,0.0,42.0
72058,51.49,16.12,42.0
72059,48.34,4.73,42.0
72060,48.23,0.0,42.0
72061,49.68,4.25,42.0
72062,47.75,8.33,42.0
72064,46.9,3.69,42.0
72065,50.84,16.49,42.0
72066,48.27,11.36,42.0
72067,50.2,4.85,42.0
72068,53.66,7.77,42.0
72070,48.4,0.0,42.0
72071,53.57,6.71,42.0
72072,45.31,4.0,42.0
72073,49.19,9.01,42.0
72074,51.17,0.0,42.0
72075,48.84,14.43,42.0
72076,49.79,10.0,42.0
72077,47.59,3.03,42.0
72078,54.73,8.33,42.0
72079,47.4,10.64,42.0
72080,49.7,13.7,42.0
72083,47.88,10.0,42.0
72084,50.16,9.01,42.0
72085,46.95,0.0,42.0
72086,50.0,0.0,42.0
72087,50.7,1.88,42.0
72088,46.91,13.88,42.0
72089,51.87,9.06,42.0
72090,53.1,7.63,42.0
72091,45.93,13.33,42.0
72093,50.56,8.57,42.0
72094,48.9,19.64,42.0
72095,50.86,9.6,42.0
72096,49.41,12.96,42.0
72098,48.83,6.9,42.0
72099,47.18,10.17,42.0
72100,48.16,12.24,42.0
72101,47.13,8.06,42.0
72102,45.78,7.14,42.0
72103,48.13,5.96,42.0
72104,49.74,1.89,42.0
72105,48.7,6.98,42.0
72106,50.25,7.21,42.0
72107,42.82,27.03,42.0
72109,48.74,5.29,42.0
72110,50.76,2.08,42.0
72111,48.78,8.77,42.0
72112,49.36,0.0,42.0
72113,49.19,9.27,42.0
72114,50.38,0.0,42.0
72115,50.29,11.83,42.0
72118,48.26,5.15,42.0
72119,49.78,8.33,42.0
72120,47.11,11.54,42.0
72121,47.83,0.0,42.0
72122,49.39,2.06,42.0
72123,50.82,0.0,42.0
72124,52.73,8.06,42.0
72125,47.04,11.38,42.0
72126,47.43,3.33,42.0
72127,50.49,9.14,42.0
72128,48.59,4.11,42.0
72129,50.61,13.79,42.0
72130,50.04,13.04,42.0
72131,48.23,8.33,42.0
72132,53.61,8.73,42.0
72133,50.23,19.71,42.0
72134,47.84,2.03,42.0
72135,49.23,4.91,42.0
72136,49.54,5.0,42.0
72137,49.99,10.19,42.0
72138,55.04,5.83,42.0
72139,50.79,17.36,42.0
72141,47.83,8.01,42.0
72142,47.95,5.88,42.0
72143,52.82,7.92,42.0
72144,48.04,4.08,42.0
72145,49.22,0.0,42.0
72146,50.84,9.89,42.0
72147,49.11,4.13,42.0
72148,41.25,0.0,42.0
72149,49.53,4.51,42.0
72150,49.1,11.81,42.0
72151,50.77,7.21,42.0
72152,51.57,7.09,42.0
72153,48.51,3.76,42.0
72154,52.08,11.0,42.0
72155,50.5,7.63,42.0
72156,49.53,4.27,42.0
72157,52.64,18.46,42.0
72158,50.13,8.21,42.0
72160,49.23,10.0,42.0
72161,51.71,5.88,42.0
72163,47.32,4.08,42.0
72164,46.03,0.0,42.0
72165,50.23,8.48,42.0
72166,47.72,18.18,42.0
72167,48.89,3.9,42.0
72168,52.17,3.75,42.0
72169,49.76,13.25,42.0
72170,50.56,13.04,42.0
72171,47.12,0.0,42.0
72172,50.11,0.71,42.0
72173,49.44,11.05,42.0
72174,40.74,0.0,42.0
72175,49.98,6.04,42.0
72176,51.56,3.43,42.0
72177,51.16,2.27,42.0
72178,47.26,5.56,42.0
72179,51.08,4.48,42.0
72180,52.31,2.92,42.0
72181,53.01,16.53,42.0
72182,52.72,4.17,42.0
72183,49.54,8.14,42.0
72184,52.02,12.2,42.0
72185,48.33,10.94,42.0
72186,49.8,4.49,42.0
72187,48.57,9.34,42.0
72188,46.36,6.67,42.0
72189,54.27,10.33,42.0
72190,48.08,6.67,42.0
72191,51.48,4.28,42.0
72192,47.62,11.11,42.0
72193,48.27,2.22,42.0
72194,48.7,7.69,42.0
72195,49.26,9.89,42.0
72196,45.63,5.92,42.0
72197,47.68,12.31,42.0
72198,49.79,12.1,42.0
72199,48.07,9.09,42.0
72200,49.67,10.63,42.0
72201,45.74,3.85,42.0
72202,48.13,0.0,42.0
72204,50.35,0.0,42.0
72205,50.31,11.8,42.0
72208,54.57,5.56,42.0
72209,44.36,0.0,42.0
72210,47.57,19.46,42.0
72211,49.92,1.79,42.0
72212,46.63,5.41,42.0
72213,52.92,8.43,42.0
72214,41.67,100.0,42.0
72215,51.63,4.85,42.0
72216,48.61,10.34,42.0
72217,50.47,15.44,42.0
72218,48.34,11.54,42.0
72219,48.83,4.3,42.0
72220,51.12,1.32,42.0
72221,47.77,0.0,42.0
72222,48.09,7.41,42.0
72223,50.81,6.11,42.0
72224,51.69,0.0,42.0
72225,49.93,7.22,42.0
72226,48.91,8.21,42.0
72227,51.52,20.0,42.0
72228,51.4,2.39,42.0
72229,48.14,5.93,42.0
72230,50.34,18.58,42.0
72231,50.98,13.12,42.0
72232,47.24,1.47,42.0
72233,52.11,0.0,42.0
72234,47.11,0.0,42.0
72235,48.44,8.18,42.0
72236,49.74,9.09,42.0
72237,47.78,8.7,42.0
72238,51.32,0.0,42.0
72239,50.74,7.25,42.0
72241,52.32,6.12,42.0
72243,50.25,5.76,42.0
72244,51.0,7.34,42.0
72245,50.48,5.71,42.0
72246,44.33,7.14,42.0
72247,49.31,21.84,42.0
72248,49.15,14.46,42.0
72249,49.36,5.06,42.0
72250,49.1,8.7,42.0
72251,47.97,12.82,42.0
72252,49.08,7.45,42.0
72253,50.05,9.68,42.0
72254,51.1,0.0,42.0
72255,49.61,7.29,42.0
72256,48.27,6.41,42.0
72257,51.11,27.4,42.0
72259,44.06,6.25,42.0
72260,50.8,13.45,42.0
72261,50.12,9.09,42.0
72262,53.17,5.39,42.0
72264,52.33,6.08,42.0
72265,50.01,4.76,42.0
72266,47.97,11.74,42.0
72267,48.69,9.37,42.0
72268,50.31,13.64,42.0
72269,51.8,4.68,42.0
72270,53.63,5.88,42.0
72271,49.15,1.19,42.0
72272,44.44,3.33,42.0
72273,48.05,0.0,42.0
72274,48.17,6.25,42.0
72275,49.51,5.71,42.0
72276,50.52,3.73,42.0
72277,51.33,0.0,42.0
72278,50.02,7.04,42.0
72279,46.96,0.0,42.0
72280,49.99,14.29,42.0
72281,48.79,2.45,42.0
72282,47.98,0.0,42.0
72283,45.85,7.61,42.0
72286,47.78,0.0,42.0
72289,52.39,8.0,42.0
72290,48.67,6.47,42.0
72291,48.59,3.37,42.0
72292,50.05,11.54,42.0
72293,51.79,4.92,42.0
72294,47.77,9.44,42.0
72295,51.66,2.27,42.0
72296,48.1,6.41,42.0
72297,50.09,0.0,42.0
72299,48.98,6.81,42.0
72300,48.71,7.57,42.0
72302,43.72,0.0,42.0
72303,46.38,5.64,42.0
72305,50.1,3.13,42.0
72306,49.85,7.91,42.0
72307,43.04,8.7,42.0
72308,51.4,10.99,42.0
72309,44.18,6.65,42.0
72310,50.03,25.0,42.0
72311,47.52,6.22,42.0
72312,52.56,4.76,42.0
72313,46.12,0.0,42.0
72314,49.74,12.82,42.0
72315,50.27,4.05,42.0
72316,48.65,8.77,42.0
72317,52.01,6.82,42.0
72319,49.64,10.24,42.0
72320,50.39,22.89,42.0
72321,49.15,10.18,42.0
72322,49.28,7.14,42.0
72323,52.05,4.26,42.0
72324,49.51,6.52,42.0
72325,49.37,10.73,42.0
72326,47.25,0.0,42.0
72327,48.13,10.71,42.0
72328,51.13,18.09,42.0
72329,50.49,14.45,42.0
72330,49.78,0.0,42.0
72331,51.27,1.59,42.0
72332,48.57,7.41,42.0
72333,45.72,2.57,42.0
72334,52.9,7.81,42.0
72335,49.79,7.77,42.0
72336,50.31,15.64,42.0
72337,49.59,3.96,42.0
72338,50.08,10.5,42.0
72339,51.15,6.96,42.0
72340,48.83,3.76,42.0
72341,47.25,6.35,42.0
72342,50.3,20.0,42.0
72343,50.5,7.81,42.0
72344,50.22,11.58,42.0
72345,48.59,7.14,42.0
72346,52.34,7.36,42.0
72347,49.7,5.88,42.0
72348,48.92,5.88,42.0
72349,47.12,0.0,42.0
72350,50.91,10.61,42.0
72351,50.26,7.06,42.0
72352,52.52,8.47,42.0
72353,45.58,0.0,42.0
72354,46.67,20.0,42.0
72355,51.89,0.0,42.0
72356,48.51,14.63,42.0
72357,46.73,6.35,42.0
72358,50.88,4.02,42.0
72359,49.49,3.62,42.0
72360,49.79,14.18,42.0
72361,48.9,4.92,42.0
72362,45.88,5.0,42.0
72363,52.18,4.89,42.0
72364,51.57,1.56,42.0
72366,47.04,6.67,42.0
72367,49.88,4.69,42.0
72368,49.13,11.54,42.0
72369,49.32,3.1,42.0
72370,49.13,11.76,42.0
72372,44.16,0.0,42.0
72373,52.54,7.58,42.0
72374,50.0,0.0,42.0
72375,48.15,7.68,42.0
72376,49.77,10.45,42.0
72377,47.83,2.11,42.0
72378,49.31,5.77,42.0
72379,46.31,5.0,42.0
72380,50.28,6.02,42.0
72381,49.14,11.43,42.0
72382,49.62,5.44,42.0
72383,43.85,6.67,42.0
72385,50.65,6.67,42.0
72386,51.44,17.65,42.0
73001,47.8,19.23,42.0
73003,51.42,5.87,42.0
73004,48.37,10.26,42.0
73005,42.66,5.0,42.0
73006,50.99,10.22,42.0
73007,36.13,11.67,42.0
73008,53.76,17.02,42.0
73010,49.55,15.81,42.0
73011,53.03,9.8,42.0
73012,51.8,8.33,42.0
73013,49.06,7.15,42.0
73014,48.14,4.76,42.0
73015,46.63,10.43,42.0
73017,50.81,18.4,42.0
73018,49.72,4.48,42.0
73019,50.73,6.8,42.0
73020,47.83,22.35,42.0
73021,49.95,9.79,42.0
73022,47.24,21.71,42.0
73023,48.68,8.86,42.0
73024,47.52,8.6,42.0
73025,49.56,15.08,42.0
73026,48.07,8.04,42.0
73027,50.27,6.06,42.0
73028,50.0,7.41,42.0
73029,53.03,21.01,42.0
73030,46.1,9.89,42.0
73031,51.34,16.37,42.0
73032,50.62,5.48,42.0
73033,49.72,6.25,42.0
73034,49.75,7.37,42.0
73036,50.52,17.65,42.0
73039,52.7,10.42,42.0
73040,48.3,11.11,42.0
73041,49.59,3.23,42.0
73042,47.76,21.43,42.0
73043,49.7,13.64,42.0
73047,50.0,3.33,42.0
73048,48.18,15.15,42.0
73049,48.65,15.62,42.0
73050,49.65,16.75,42.0
73051,48.62,23.18,42.0
73052,51.02,6.67,42.0
73053,49.03,2.9,42.0
73054,49.77,8.68,42.0
73055,51.66,9.63,42.0
73057,50.3,12.5,42.0
73058,50.66,9.09,42.0
73059,52.11,25.52,42.0
73061,51.41,5.77,42.0
73063,49.24,4.36,42.0
73064,51.48,20.45,42.0
73065,51.7,16.75,42.0
73067,55.75,13.64,42.0
73068,50.41,9.52,42.0
73069,50.84,9.68,42.0
73070,49.18,4.62,42.0
73071,49.55,4.84,42.0
73072,48.39,20.0,42.0
73073,50.27,6.94,42.0
73074,48.58,6.16,42.0
73075,49.98,9.45,42.0
73076,50.06,13.89,42.0
73077,44.77,6.56,42.0
73078,48.7,23.53,42.0
73079,48.09,8.24,42.0
73081,49.63,4.71,42.0
73082,52.28,15.07,42.0
73083,47.19,0.0,42.0
73084,49.78,19.39,42.0
73085,49.87,6.56,42.0
73086,46.01,17.78,42.0
73087,52.79,12.32,42.0
73088,51.43,5.56,42.0
73089,48.24,10.62,42.0
73090,48.48,14.29,42.0
73091,48.57,8.33,42.0
73092,47.06,36.84,42.0
73094,47.98,2.7,42.0
73095,45.27,8.57,42.0
73096,50.31,11.04,42.0
73097,48.71,23.88,42.0
73098,49.3,8.51,42.0
73099,51.44,10.0,42.0
73100,49.77,15.05,42.0
73101,48.45,0.0,42.0
73103,50.8,16.38,42.0
73104,46.57,13.64,42.0
73105,50.15,5.87,42.0
73106,46.82,9.09,42.0
73107,45.69,11.86,42.0
73109,52.7,5.48,42.0
73110,49.1,3.93,42.0
73113,49.43,4.76,42.0
73114,52.47,3.9,42.0
73116,51.61,5.98,42.0
73117,41.77,6.56,42.0
73119,48.39,0.0,42.0
73120,48.26,9.26,42.0
73121,51.2,12.15,42.0
73122,49.14,14.89,42.0
73123,45.74,0.0,42.0
73124,49.94,19.08,42.0
73128,50.39,16.38,42.0
73129,52.52,8.5,42.0
73130,50.27,7.02,42.0
73131,49.55,14.31,42.0
73132,49.88,6.68,42.0
73133,50.23,18.92,42.0
73135,50.87,17.35,42.0
73137,57.26,19.65,42.0
73138,47.79,9.43,42.0
73139,49.8,22.22,42.0
73140,45.14,26.47,42.0
73141,49.6,15.28,42.0
73142,48.58,5.32,42.0
73145,48.41,10.28,42.0
73146,52.16,15.05,42.0
73147,50.46,16.67,42.0
73149,50.98,9.09,42.0
73150,48.91,9.73,42.0
73151,50.48,21.61,42.0
73152,47.93,15.0,42.0
73153,50.11,9.79,42.0
73154,49.93,17.24,42.0
73155,50.88,19.9,42.0
73156,50.12,11.54,42.0
73157,51.65,10.41,42.0
73159,50.18,12.42,42.0
73160,49.22,33.46,42.0
73161,48.04,2.78,42.0
73162,48.62,9.43,42.0
73164,48.44,21.93,42.0
73166,46.3,12.82,42.0
73168,40.35,16.67,42.0
73170,49.74,7.8,42.0
73171,51.81,10.0,42.0
73173,48.37,11.37,42.0
73175,48.72,14.29,42.0
73176,51.78,4.97,42.0
73177,48.29,22.73,42.0
73178,48.93,9.51,42.0
73179,52.21,15.83,42.0
73180,49.38,11.63,42.0
73181,51.41,6.96,42.0
73182,49.36,17.97,42.0
73183,50.5,17.56,42.0
73184,50.67,14.02,42.0
73186,50.85,1.89,42.0
73187,48.66,5.1,42.0
73188,49.28,7.69,42.0
73189,49.02,4.0,42.0
73190,47.27,19.05,42.0
73191,51.39,17.31,42.0
73192,48.86,16.67,42.0
73193,47.62,18.18,42.0
73194,47.96,18.79,42.0
73196,48.0,15.07,42.0
73197,47.63,5.56,42.0
73200,48.55,11.26,42.0
73201,47.85,4.08,42.0
73202,42.33,6.44,42.0
73204,53.75,10.22,42.0
73205,45.11,0.0,42.0
73206,48.4,4.35,42.0
73207,48.41,15.4,42.0
73208,50.19,24.1,42.0
73210,46.84,23.68,42.0
73211,49.28,5.41,42.0
73212,50.82,8.41,42.0
73213,52.82,16.54,42.0
73214,49.5,10.34,42.0
73215,51.95,11.85,42.0
73216,50.94,9.09,42.0
73217,45.76,16.67,42.0
73218,50.4,8.7,42.0
73219,49.69,27.69,42.0
73220,50.47,16.0,42.0
73221,52.27,0.0,42.0
73222,52.94,19.45,42.0
73223,49.32,12.24,42.0
73224,48.85,2.34,42.0
73225,52.68,24.62,42.0
73226,48.59,10.15,42.0
73227,50.31,6.61,42.0
73228,51.76,11.76,42.0
73229,50.96,6.98,42.0
73230,48.25,0.0,42.0
73231,50.23,7.55,42.0
73232,47.56,6.65,42.0
73233,44.93,15.0,42.0
73234,42.44,26.32,42.0
73235,46.7,7.39,42.0
73236,51.05,10.39,42.0
73237,47.92,13.79,42.0
73240,49.58,11.39,42.0
73241,47.52,12.0,42.0
73242,41.87,8.57,42.0
73243,51.06,30.56,42.0
73245,47.65,6.74,42.0
73246,47.85,6.25,42.0
73247,50.77,14.14,42.0
73248,53.7,8.26,42.0
73249,50.02,16.39,42.0
73250,50.99,9.7,42.0
73252,50.35,0.0,42.0
73253,49.92,2.86,42.0
73254,50.36,22.22,42.0
73255,51.28,2.38,42.0
73256,47.89,0.0,42.0
73257,48.12,7.06,42.0
73258,48.18,1.68,42.0
73259,46.24,10.2,42.0
73261,50.53,9.01,42.0
73262,49.28,16.24,42.0
73263,49.27,16.1,42.0
73265,49.39,10.44,42.0
73267,48.5,28.13,42.0
73268,49.2,6.9,42.0
73269,50.69,17.18,42.0
73270,50.88,16.9,42.0
73271,48.05,26.92,42.0
73272,44.94,0.0,42.0
73273,52.59,2.88,42.0
73274,49.25,20.93,42.0
73275,47.96,5.97,42.0
73276,46.94,11.39,42.0
73277,48.84,0.0,42.0
73278,49.23,9.32,42.0
73280,47.55,7.14,42.0
73281,48.05,11.43,42.0
73282,50.23,7.69,42.0
73283,49.01,5.97,42.0
73284,51.52,7.29,42.0
73285,51.06,5.97,42.0
73286,52.53,6.34,42.0
73288,49.35,17.99,42.0
73289,48.86,8.16,42.0
73290,48.99,4.87,42.0
73292,51.26,6.06,42.0
73293,48.48,6.43,42.0
73294,49.59,28.57,42.0
73296,48.3,6.36,42.0
73297,47.48,9.37,42.0
73298,50.89,5.21,42.0
73299,47.42,9.37,42.0
73300,52.2,25.49,42.0
73301,47.54,21.98,42.0
73302,51.05,19.05,42.0
73303,50.89,6.19,42.0
73304,49.68,5.28,42.0
73306,50.63,9.01,42.0
73307,43.32,8.46,42.0
73308,49.2,7.12,42.0
73309,52.51,8.33,42.0
73310,52.65,29.55,42.0
73311,46.07,28.57,42.0
73312,49.16,11.96,42.0
73313,48.38,5.26,42.0
73314,47.11,12.5,42.0
73315,48.85,6.0,42.0
73316,48.94,3.27,42.0
73317,49.66,7.24,42.0
73318,48.16,18.09,42.0
73320,49.99,12.22,42.0
73322,48.72,4.55,42.0
73323,45.44,15.79,42.0
73324,49.48,15.79,42.0
73326,49.6,14.14,42.0
73327,47.65,3.33,42.0
73328,50.6,20.56,42.0
73329,50.45,17.07,42.0
73330,52.57,9.03,42.0
74001,49.78,8.11,42.0
74002,49.76,9.46,42.0
74003,47.8,34.48,42.0
74004,47.28,12.77,42.0
74005,50.43,16.34,42.0
74006,50.37,17.89,42.0
74007,51.05,16.79,42.0
74008,52.44,12.25,42.0
74009,50.22,23.41,42.0
74010,51.69,19.29,42.0
74012,51.0,9.05,42.0
74013,50.91,20.83,42.0
74014,48.17,7.14,42.0
74015,48.88,7.47,42.0
74016,49.82,26.21,42.0
74018,49.69,7.76,42.0
74019,50.02,21.95,42.0
74020,51.44,11.48,42.0
74021,50.67,9.01,42.0
74024,51.14,12.95,42.0
74025,52.27,14.48,42.0
74026,51.2,11.67,42.0
74027,47.58,10.43,42.0
74029,52.6,8.69,42.0
74030,47.87,10.26,42.0
74031,52.06,24.85,42.0
74032,48.96,6.47,42.0
74033,49.49,11.19,42.0
74034,47.65,5.19,42.0
74035,48.82,7.17,42.0
74036,50.3,24.55,42.0
74037,51.26,15.93,42.0
74038,47.71,11.68,42.0
74040,51.31,15.92,42.0
74041,48.02,7.69,42.0
74042,48.73,10.0,42.0
74043,51.36,13.06,42.0
74044,51.53,28.18,42.0
74045,47.72,0.0,42.0
74046,46.33,17.65,42.0
74048,49.82,10.24,42.0
74049,51.21,18.0,42.0
74050,49.29,10.84,42.0
74051,48.14,11.69,42.0
74052,50.42,27.29,42.0
74053,52.1,16.96,42.0
74054,46.67,20.27,42.0
74055,51.96,20.83,42.0
74056,51.64,11.95,42.0
74057,47.41,15.18,42.0
74058,52.0,7.62,42.0
74059,51.79,9.09,42.0
74060,44.63,5.56,42.0
74061,49.69,14.61,42.0
74062,49.36,22.34,42.0
74063,49.06,7.14,42.0
74064,48.2,22.68,42.0
74065,48.06,16.0,42.0
74066,48.33,10.0,42.0
74067,51.86,13.26,42.0
74068,49.51,5.08,42.0
74069,50.31,10.58,42.0
74070,50.94,19.07,42.0
74071,50.45,25.0,42.0
74072,53.3,6.67,42.0
74073,47.44,4.82,42.0
74074,50.82,13.56,42.0
74075,49.88,14.58,42.0
74076,49.29,16.67,42.0
74077,50.14,8.77,42.0
74078,47.68,4.44,42.0
74079,47.79,10.0,42.0
74080,48.4,13.92,42.0
74081,50.2,7.31,42.0
74082,50.87,22.29,42.0
74083,49.9,14.28,42.0
74085,50.11,6.48,42.0
74086,48.58,12.5,42.0
74087,51.81,19.16,42.0
74088,49.81,15.12,42.0
74089,48.63,10.49,42.0
74090,51.53,13.25,42.0
74091,44.91,3.07,42.0
74094,51.78,14.21,42.0
74095,52.61,16.13,42.0
74096,50.29,16.91,42.0
74097,49.76,23.12,42.0
74098,49.75,35.9,42.0
74099,50.69,1.96,42.0
74100,47.39,19.77,42.0
74101,48.3,12.5,42.0
74102,47.3,23.41,42.0
74103,48.63,13.66,42.0
74104,50.4,14.58,42.0
74105,52.55,12.92,42.0
74106,48.69,21.25,42.0
74107,46.5,5.26,42.0
74108,51.73,15.0,42.0
74109,49.33,16.53,42.0
74111,48.17,8.7,42.0
74112,51.18,19.33,42.0
74114,50.48,3.76,42.0
74116,49.56,24.15,42.0
74117,48.87,9.2,42.0
74118,49.39,13.84,42.0
74119,52.37,15.68,42.0
74121,51.81,10.71,42.0
74122,47.52,10.56,42.0
74123,51.08,7.65,42.0
74124,51.9,19.5,42.0
74126,50.03,15.89,42.0
74127,50.13,10.39,42.0
74128,49.44,15.34,42.0
74129,49.78,20.0,42.0
74130,49.16,7.87,42.0
74131,51.58,6.55,42.0
74133,48.08,15.04,42.0
74134,49.83,11.01,42.0
74135,50.62,7.27,42.0
74136,49.32,9.05,42.0
74137,51.06,19.39,42.0
74138,50.15,18.03,42.0
74139,51.38,18.0,42.0
74140,50.32,14.63,42.0
74141,49.12,12.02,42.0
74142,49.35,18.91,42.0
74143,50.67,10.19,42.0
74144,47.93,17.2,42.0
74145,51.85,18.64,42.0
74146,50.9,13.19,42.0
74147,48.36,13.48,42.0
74148,47.56,12.0,42.0
74150,51.01,14.91,42.0
74151,47.25,5.45,42.0
74152,49.58,23.82,42.0
74153,48.87,28.07,42.0
74154,50.28,11.47,42.0
74155,50.18,11.35,42.0
74156,51.92,13.7,42.0
74157,50.9,15.79,42.0
74158,49.13,11.31,42.0
74159,49.91,5.88,42.0
74160,49.4,11.11,42.0
74161,48.38,14.98,42.0
74162,49.89,21.85,42.0
74163,51.01,14.14,42.0
74164,49.58,12.33,42.0
74165,50.21,21.13,42.0
74166,49.88,10.22,42.0
74167,50.26,10.22,42.0
74168,50.86,13.76,42.0
74169,49.88,7.03,42.0
74170,49.05,9.37,42.0
74171,50.97,14.72,42.0
74172,52.48,19.21,42.0
74173,53.64,9.85,42.0
74174,47.31,20.0,42.0
74175,48.8,12.82,42.0
74176,50.74,33.73,42.0
74177,47.88,10.71,42.0
74178,47.36,13.41,42.0
74179,49.89,16.35,42.0
74180,52.09,24.24,42.0
74183,49.14,14.04,42.0
74184,51.51,13.73,42.0
74185,49.79,18.81,42.0
74186,49.29,22.67,42.0
74188,49.79,5.74,42.0
74189,45.76,17.91,42.0
74190,49.83,19.28,42.0
74191,49.94,12.38,42.0
74192,49.62,17.61,42.0
74193,48.15,8.85,42.0
74194,48.89,15.91,42.0
74195,51.19,10.64,42.0
74196,47.09,10.71,42.0
74197,51.94,14.2,42.0
74198,50.95,29.41,42.0
74199,50.0,21.88,42.0
74200,50.99,19.82,42.0
74201,50.45,22.79,42.0
74202,48.98,22.5,42.0
74203,48.0,25.0,42.0
74205,50.05,12.47,42.0
74206,50.05,7.41,42.0
74208,51.61,10.62,42.0
74209,51.3,24.09,42.0
74210,50.11,13.54,42.0
74211,50.03,13.39,42.0
74212,48.44,9.25,42.0
74213,51.36,19.84,42.0
74215,50.08,7.5,42.0
74216,50.56,23.21,42.0
74218,50.74,14.19,42.0
74219,50.73,26.27,42.0
74220,52.42,15.83,42.0
74221,49.08,8.58,42.0
74222,46.18,7.27,42.0
74223,49.8,8.33,42.0
74224,50.48,14.98,42.0
74225,50.68,9.25,42.0
74226,49.0,14.3,42.0
74228,48.91,15.0,42.0
74229,50.4,14.04,42.0
74231,49.1,13.46,42.0
74232,48.56,11.8,42.0
74233,48.65,11.63,42.0
74234,48.52,7.06,42.0
74235,50.75,19.43,42.0
74236,50.64,11.92,42.0
74237,48.91,17.75,42.0
74238,50.99,6.37,42.0
74239,48.41,7.28,42.0
74240,51.17,17.89,42.0
74241,49.85,7.96,42.0
74242,52.21,21.51,42.0
74243,51.52,17.59,42.0
74244,51.01,12.5,42.0
74249,48.27,10.3,42.0
74250,50.87,11.84,42.0
74252,49.77,17.74,42.0
74253,50.8,20.35,42.0
74254,49.74,22.06,42.0
74255,49.81,12.83,42.0
74256,52.47,12.2,42.0
74257,49.47,9.33,42.0
74258,52.67,11.62,42.0
74259,48.7,20.01,42.0
74260,51.94,18.18,42.0
74261,49.19,11.29,42.0
74262,47.12,15.88,42.0
74263,51.18,11.89,42.0
74264,49.6,4.1,42.0
74265,48.23,6.67,42.0
74266,50.41,22.32,42.0
74267,51.03,24.18,42.0
74269,50.85,10.06,42.0
74271,50.19,8.33,42.0
74272,49.89,17.67,42.0
74273,47.96,7.33,42.0
74275,50.32,23.4,42.0
74276,50.04,13.35,42.0
74278,50.27,12.67,42.0
74279,48.62,6.18,42.0
74280,51.51,10.67,42.0
74281,52.86,11.99,42.0
74282,49.4,20.18,42.0
74283,51.1,11.67,42.0
74284,52.21,7.47,42.0
74285,48.92,22.26,42.0
74286,51.91,3.61,42.0
74287,50.02,4.3,42.0
74288,50.88,15.17,42.0
74289,49.65,11.79,42.0
74290,48.96,6.38,42.0
74291,47.95,3.45,42.0
74292,50.86,6.01,42.0
74293,53.36,19.92,42.0
74294,50.13,12.79,42.0
74295,50.69,6.25,42.0
74296,50.0,16.67,42.0
74297,51.01,15.87,42.0
74298,50.9,14.12,42.0
74299,50.6,36.17,42.0
74301,50.35,8.43,42.0
74302,49.78,16.24,42.0
74303,49.82,22.24,42.0
74304,50.47,15.15,42.0
74305,51.93,15.12,42.0
74306,49.45,20.59,42.0
74307,50.65,19.04,42.0
74308,50.17,8.43,42.0
74309,51.37,19.71,42.0
74310,50.2,25.18,42.0
74311,52.23,13.54,42.0
74312,49.51,5.39,42.0
74313,49.28,12.0,42.0
74314,49.91,9.69,42.0
74315,51.05,15.84,42.0
75056,52.98,45.21,42.0
75101,49.03,49.75,42.0
75102,49.46,51.72,42.0
75103,51.34,51.4,42.0
75104,51.65,49.51,42.0
75105,54.25,55.16,42.0
75106,55.21,55.05,42.0
75107,53.84,52.92,42.0
75108,51.98,50.6,42.0
75109,52.07,53.02,42.0
75110,50.02,46.96,42.0
75111,52.38,48.0,42.0
75112,53.22,45.41,42.0
75113,53.37,40.24,42.0
75114,54.3,48.33,42.0
75115,54.63,50.39,42.0
75116,54.91,49.22,42.0
75117,53.44,48.41,42.0
75118,51.01,39.76,42.0
75119,51.8,32.86,42.0
75120,52.84,35.7,42.0
76001,49.14,5.5,42.0
76002,49.64,3.7,42.0
76004,51.64,8.51,42.0
76005,50.64,11.33,42.0
76006,50.0,0.0,42.0
76007,49.21,9.51,42.0
76008,49.84,6.62,42.0
76009,47.28,12.12,42.0
76010,49.48,4.55,42.0
76011,46.71,0.0,42.0
76012,50.81,9.09,42.0
76013,48.28,6.06,42.0
76014,49.5,12.52,42.0
76015,50.97,3.7,42.0
76016,53.72,0.0,42.0
76017,50.61,11.18,42.0
76018,51.8,2.92,42.0
76019,52.32,7.14,42.0
76020,50.38,11.11,42.0
76021,45.88,17.65,42.0
76022,45.85,7.14,42.0
76023,50.0,21.88,42.0
76024,50.96,23.08,42.0
76025,51.03,16.13,42.0
76026,52.98,6.33,42.0
76028,49.2,0.0,42.0
76029,45.73,5.26,42.0
76030,49.88,11.49,42.0
76032,46.38,27.27,42.0
76033,49.67,2.27,42.0
76034,51.26,8.14,42.0
76035,54.35,8.49,42.0
76036,51.86,9.5,42.0
76038,49.38,4.08,42.0
76039,51.13,24.62,42.0
76040,48.92,3.57,42.0
76041,51.71,10.89,42.0
76042,49.51,0.0,42.0
76043,50.5,7.01,42.0
76045,49.58,14.71,42.0
76046,48.49,8.71,42.0
76047,52.48,0.0,42.0
76048,49.27,30.0,42.0
76049,46.21,4.0,42.0
76050,49.53,9.59,42.0
76051,53.46,9.58,42.0
76052,47.98,7.58,42.0
76053,46.55,0.0,42.0
76054,50.59,6.12,42.0
76055,48.08,27.03,42.0
76056,51.83,7.94,42.0
76057,52.58,9.15,42.0
76058,49.54,4.59,42.0
76059,51.21,5.0,42.0
76060,49.13,2.22,42.0
76062,48.66,14.29,42.0
76063,49.67,9.34,42.0
76064,50.39,7.96,42.0
76065,48.98,5.56,42.0
76066,50.64,0.0,42.0
76067,48.92,11.94,42.0
76068,47.46,18.84,42.0
76069,50.42,27.62,42.0
76070,46.59,6.16,42.0
76071,49.89,4.76,42.0
76072,50.87,5.19,42.0
76074,47.17,0.0,42.0
76075,50.01,8.16,42.0
76076,48.85,12.12,42.0
76077,44.12,10.53,42.0
76079,48.21,16.67,42.0
76082,53.05,12.07,42.0
76083,46.6,0.0,42.0
76084,42.98,10.0,42.0
76085,49.41,30.0,42.0
76086,49.08,5.26,42.0
76087,48.69,9.09,42.0
76088,49.77,10.43,42.0
76090,52.02,9.09,42.0
76091,49.15,8.7,42.0
76092,49.52,11.29,42.0
76093,50.01,26.47,42.0
76094,50.57,15.15,42.0
76095,55.24,24.8,42.0
76096,47.42,1.72,42.0
76097,53.92,0.0,42.0
76099,51.17,12.31,42.0
76100,47.73,16.13,42.0
76101,53.62,4.94,42.0
76103,54.25,26.26,42.0
76104,51.88,14.81,42.0
76105,51.07,10.67,42.0
76106,49.89,33.59,42.0
76107,49.53,2.86,42.0
76108,54.61,38.05,42.0
76109,50.28,12.5,42.0
76110,43.02,5.88,42.0
76111,51.27,17.1,42.0
76112,50.91,16.67,42.0
76113,49.51,8.4,42.0
76114,51.24,4.37,42.0
76115,49.48,3.45,42.0
76116,50.78,14.67,42.0
76117,49.54,2.99,42.0
76118,51.0,5.56,42.0
76119,47.37,0.0,42.0
76120,49.01,11.36,42.0
76121,49.45,12.34,42.0
76122,50.43,4.08,42.0
76123,49.23,28.28,42.0
76124,47.86,13.73,42.0
76125,51.88,7.56,42.0
76126,48.59,5.71,42.0
76128,48.66,5.45,42.0
76129,48.18,5.26,42.0
76130,47.73,12.5,42.0
76131,52.09,15.87,42.0
76132,47.43,7.91,42.0
76133,52.77,10.53,42.0
76134,48.56,0.0,42.0
76135,52.87,11.34,42.0
76136,51.93,2.9,42.0
76138,46.55,18.18,42.0
76139,49.77,9.52,42.0
76140,46.67,12.5,42.0
76141,51.46,7.44,42.0
76142,48.02,2.13,42.0
76143,50.57,7.81,42.0
76144,44.51,6.67,42.0
76146,53.42,7.35,42.0
76147,48.62,7.06,42.0
76148,50.24,9.68,42.0
76149,48.03,3.4,42.0
76151,48.58,17.24,42.0
76152,50.61,16.04,42.0
76153,49.98,9.23,42.0
76154,47.63,0.0,42.0
76155,51.84,8.33,42.0
76156,46.04,5.41,42.0
76157,53.46,8.53,42.0
76158,50.16,8.33,42.0
76159,52.76,6.76,42.0
76160,50.23,18.6,42.0
76161,49.12,11.11,42.0
76162,49.75,23.08,42.0
76163,49.78,14.71,42.0
76164,51.88,9.78,42.0
76165,52.59,4.74,42.0
76166,48.31,2.32,42.0
76167,48.12,20.37,42.0
76168,44.62,16.67,42.0
76169,50.27,14.86,42.0
76170,50.0,23.08,42.0
76171,44.53,8.33,42.0
76172,48.77,7.14,42.0
76173,50.1,5.66,42.0
76174,48.91,2.5,42.0
76175,48.46,7.41,42.0
76176,50.23,13.79,42.0
76177,47.49,12.0,42.0
76178,52.8,6.97,42.0
76179,51.69,18.62,42.0
76180,48.17,0.0,42.0
76181,46.04,33.33,42.0
76182,49.61,25.0,42.0
76183,50.66,2.79,42.0
76184,50.0,25.0,42.0
76185,50.6,0.0,42.0
76186,49.91,3.92,42.0
76187,50.0,15.0,42.0
76188,49.37,4.36,42.0
76189,53.97,12.5,42.0
76190,50.97,0.0,42.0
76192,51.22,8.16,42.0
76193,46.07,0.0,42.0
76194,52.78,12.5,42.0
76195,46.67,5.56,42.0
76196,52.35,9.06,42.0
76197,46.79,4.76,42.0
76198,49.38,12.05,42.0
76199,50.36,7.52,42.0
76200,49.24,12.24,42.0
76201,49.86,3.17,42.0
76202,50.74,0.0,42.0
76203,50.54,8.98,42.0
76204,46.32,8.7,42.0
76205,50.22,5.26,42.0
76206,48.39,5.56,42.0
76207,56.12,6.09,42.0
76208,50.71,8.11,42.0
76209,47.33,9.8,42.0
76210,52.48,5.56,42.0
76211,46.15,0.0,42.0
76212,54.12,8.66,42.0
76213,51.33,7.69,42.0
76214,45.58,3.7,42.0
76216,52.34,11.54,42.0
76217,54.85,9.91,42.0
76218,49.04,0.0,42.0
76219,51.89,9.68,42.0
76220,49.79,2.22,42.0
76221,51.56,17.65,42.0
76222,53.05,9.31,42.0
76223,49.13,3.23,42.0
76224,48.12,13.91,42.0
76225,44.6,13.16,42.0
76226,50.0,17.65,42.0
76227,47.45,10.53,42.0
76228,49.73,5.41,42.0
76229,47.86,8.7,42.0
76230,52.18,4.0,42.0
76231,50.75,5.69,42.0
76232,51.43,6.45,42.0
76233,50.33,0.0,42.0
76234,49.02,4.73,42.0
76235,50.48,11.01,42.0
76236,52.96,10.81,42.0
76237,50.79,6.74,42.0
76238,50.71,15.95,42.0
76239,49.62,7.41,42.0
76240,49.98,10.34,42.0
76241,50.96,0.0,42.0
76242,49.02,0.0,42.0
76243,48.88,3.19,42.0
76244,47.32,7.5,42.0
76245,51.54,15.75,42.0
76247,46.63,17.31,42.0
76249,49.01,10.13,42.0
76250,48.94,8.27,42.0
76251,48.13,9.4,42.0
76252,49.3,20.0,42.0
76253,49.95,3.45,42.0
76254,54.56,10.68,42.0
76255,53.21,11.91,42.0
76257,50.29,0.0,42.0
76258,51.96,8.2,42.0
76259,53.69,7.29,42.0
76260,51.54,6.23,42.0
76261,48.55,2.17,42.0
76262,44.37,23.08,42.0
76263,52.19,18.18,42.0
76264,49.36,13.21,42.0
76265,50.0,15.0,42.0
76266,48.95,3.12,42.0
76268,52.43,9.52,42.0
76269,53.18,7.14,42.0
76270,49.9,25.22,42.0
76271,49.57,8.85,42.0
76272,53.77,4.3,42.0
76273,50.89,27.99,42.0
76274,53.57,0.0,42.0
76275,50.09,12.39,42.0
76276,54.69,7.22,42.0
76278,48.91,3.57,42.0
76279,49.03,2.78,42.0
76280,47.22,28.57,42.0
76281,50.85,8.84,42.0
76282,49.79,19.42,42.0
76283,47.2,24.0,42.0
76284,47.83,6.45,42.0
76285,51.9,12.05,42.0
76286,50.96,6.08,42.0
76287,48.01,20.43,42.0
76288,48.45,0.0,42.0
76289,49.11,8.55,42.0
76290,49.22,17.34,42.0
76291,50.58,7.75,42.0
76292,50.36,0.0,42.0
76293,47.38,13.64,42.0
76294,52.28,6.45,42.0
76295,50.22,4.95,42.0
76296,51.58,11.79,42.0
76297,52.99,17.65,42.0
76298,50.44,10.64,42.0
76299,49.76,2.74,42.0
76300,51.51,5.56,42.0
76302,52.61,7.2,42.0
76303,50.26,14.46,42.0
76304,49.5,5.26,42.0
76305,52.18,4.77,42.0
76306,49.44,11.11,42.0
76307,49.22,13.95,42.0
76308,49.42,8.88,42.0
76309,43.81,12.5,42.0
76311,50.31,8.7,42.0
76312,54.6,6.94,42.0
76313,49.52,18.0,42.0
76314,50.64,14.29,42.0
76315,55.3,6.59,42.0
76316,48.51,6.82,42.0
76317,51.04,1.83,42.0
76318,49.51,11.74,42.0
76319,51.75,8.21,42.0
76320,52.2,0.0,42.0
76321,51.99,5.63,42.0
76322,54.89,6.4,42.0
76323,44.23,11.76,42.0
76324,50.97,6.98,42.0
76325,43.5,13.14,42.0
76327,52.45,6.26,42.0
76328,49.18,7.89,42.0
76329,51.52,5.51,42.0
76330,51.14,8.22,42.0
76331,51.45,9.13,42.0
76332,50.62,6.67,42.0
76333,49.82,7.29,42.0
76334,49.63,11.11,42.0
76335,52.0,16.67,42.0
76336,48.9,6.45,42.0
76338,51.96,9.8,42.0
76339,47.89,6.25,42.0
76340,49.22,7.5,42.0
76341,52.72,4.7,42.0
76342,50.02,5.06,42.0
76343,49.48,0.0,42.0
76344,49.56,0.0,42.0
76345,47.77,18.18,42.0
76346,48.26,6.45,42.0
76347,48.3,12.5,42.0
76348,51.81,10.14,42.0
76349,52.38,13.84,42.0
76350,50.67,15.29,42.0
76351,52.97,11.85,42.0
76352,50.94,4.67,42.0
76353,49.51,7.14,42.0
76354,51.25,18.55,42.0
76355,49.73,4.25,42.0
76356,47.83,16.67,42.0
76357,51.2,10.26,42.0
76359,45.45,9.26,42.0
76360,47.15,7.01,42.0
76361,47.23,7.9,42.0
76362,45.91,6.41,42.0
76363,54.51,0.0,42.0
76364,50.56,8.0,42.0
76365,49.28,15.79,42.0
76366,52.88,8.95,42.0
76367,50.01,23.69,42.0
76368,50.42,6.09,42.0
76369,49.0,8.47,42.0
76370,48.7,4.65,42.0
76371,45.07,0.0,42.0
76372,47.6,2.33,42.0
76373,47.66,4.55,42.0
76374,47.89,1.65,42.0
76375,50.9,8.33,42.0
76377,51.47,33.06,42.0
76378,49.88,5.91,42.0
76379,49.19,5.26,42.0
76380,49.94,6.71,42.0
76381,45.05,0.0,42.0
76382,49.69,0.88,42.0
76383,47.31,11.11,42.0
76384,52.73,6.74,42.0
76385,49.39,5.3,42.0
76386,50.94,2.7,42.0
76387,49.89,7.14,42.0
76388,46.39,2.33,42.0
76389,49.2,10.0,42.0
76390,50.3,10.91,42.0
76391,51.49,13.62,42.0
76392,52.47,3.7,42.0
76393,54.55,33.33,42.0
76394,49.91,7.3,42.0
76395,51.57,6.25,42.0
76396,49.7,12.86,42.0
76397,53.3,8.14,42.0
76398,48.1,8.57,42.0
76399,48.62,6.25,42.0
76400,53.96,4.25,42.0
76401,52.04,9.44,42.0
76402,51.13,9.76,42.0
76403,46.83,14.29,42.0
76404,49.52,14.51,42.0
76405,48.66,6.25,42.0
76406,48.85,11.63,42.0
76407,53.65,15.4,42.0
76408,51.03,3.92,42.0
76409,50.7,10.11,42.0
76410,53.55,7.5,42.0
76411,46.78,15.0,42.0
76412,50.97,13.24,42.0
76413,51.97,0.0,42.0
76414,49.81,13.55,42.0
76415,48.48,8.33,42.0
76416,49.55,18.75,42.0
76417,52.96,5.56,42.0
76418,48.95,8.51,42.0
76419,47.56,26.32,42.0
76420,48.27,8.82,42.0
76421,50.12,9.65,42.0
76422,48.28,0.0,42.0
76423,50.27,5.26,42.0
76424,49.78,4.0,42.0
76425,52.16,6.67,42.0
76426,50.32,0.0,42.0
76427,45.12,4.6,42.0
76428,47.37,50.0,42.0
76429,53.32,25.2,42.0
76430,45.83,6.67,42.0
76431,52.22,0.0,42.0
76432,48.16,7.41,42.0
76433,48.37,6.9,42.0
76434,49.51,20.72,42.0
76435,52.08,3.22,42.0
76436,49.57,8.74,42.0
76437,47.84,9.68,42.0
76438,50.0,0.0,42.0
76439,49.18,10.59,42.0
76440,51.21,0.0,42.0
76441,49.77,5.1,42.0
76442,50.0,16.39,42.0
76443,49.69,10.35,42.0
76445,48.05,8.47,42.0
76446,50.07,27.52,42.0
76447,53.12,13.0,42.0
76448,50.23,22.06,42.0
76449,50.82,6.9,42.0
76450,48.24,26.92,42.0
76451,54.71,34.23,42.0
76452,52.11,8.33,42.0
76453,49.29,10.19,42.0
76454,49.48,0.0,42.0
76455,48.75,7.46,42.0
76456,50.95,5.34,42.0
76457,50.95,7.0,42.0
76458,44.09,30.77,42.0
76459,49.27,8.82,42.0
76460,50.0,4.44,42.0
76461,47.73,10.32,42.0
76462,55.77,7.15,42.0
76463,49.57,7.89,42.0
76464,50.46,25.7,42.0
76465,51.5,3.33,42.0
76467,49.53,8.36,42.0
76468,48.02,6.0,42.0
76469,53.29,5.25,42.0
76470,48.89,1.89,42.0
76471,50.0,2.2,42.0
76472,49.58,6.06,42.0
76473,51.48,15.81,42.0
76474,51.85,13.39,42.0
76475,52.5,24.52,42.0
76476,51.09,6.82,42.0
76477,49.23,14.77,42.0
76478,42.29,7.14,42.0
76479,49.33,0.0,42.0
76480,49.14,13.57,42.0
76481,50.18,18.27,42.0
76482,51.98,12.31,42.0
76483,49.1,11.11,42.0
76484,50.83,7.52,42.0
76485,48.31,0.0,42.0
76486,50.05,7.0,42.0
76487,47.45,2.86,42.0
76488,49.16,4.44,42.0
76489,49.28,7.08,42.0
76490,49.36,9.28,42.0
76491,47.4,13.04,42.0
76492,50.76,7.47,42.0
76493,50.36,3.81,42.0
76494,46.63,10.91,42.0
76495,53.52,6.78,42.0
76497,51.78,7.94,42.0
76498,52.82,8.04,42.0
76499,48.54,7.76,42.0
76500,50.27,5.02,42.0
76501,43.75,0.0,42.0
76502,50.19,7.94,42.0
76503,49.85,17.92,42.0
76504,51.82,0.0,42.0
76505,46.81,12.5,42.0
76506,52.22,0.0,42.0
76507,53.07,12.33,42.0
76508,49.19,7.14,42.0
76509,49.53,28.16,42.0
76510,51.09,6.25,42.0
76511,46.75,0.0,42.0
76512,54.29,0.0,42.0
76513,52.18,18.25,42.0
76514,50.93,14.16,42.0
76515,52.3,14.29,42.0
76516,50.83,4.59,42.0
76517,51.15,28.46,42.0
76518,50.47,10.8,42.0
76519,58.67,0.0,42.0
76520,51.79,1.52,42.0
76521,46.58,0.0,42.0
76522,49.85,11.65,42.0
76523,52.51,4.76,42.0
76524,50.71,0.0,42.0
76526,49.19,0.0,42.0
76527,48.56,10.0,42.0
76528,49.36,2.89,42.0
76529,47.13,3.85,42.0
76530,51.17,4.76,42.0
76531,45.38,2.44,42.0
76532,49.99,8.43,42.0
76533,52.71,11.81,42.0
76534,51.52,16.83,42.0
76535,48.8,13.39,42.0
76536,50.91,15.64,42.0
76537,48.86,15.79,42.0
76538,51.0,15.02,42.0
76540,52.04,24.86,42.0
76541,50.74,29.01,42.0
76542,50.37,0.0,42.0
76543,47.97,15.0,42.0
76544,47.32,7.69,42.0
76545,51.6,7.18,42.0
76546,50.61,4.17,42.0
76547,50.28,18.42,42.0
76548,53.85,11.9,42.0
76549,46.76,9.09,42.0
76550,52.12,21.95,42.0
76551,50.6,15.9,42.0
76552,53.24,32.43,42.0
76553,48.21,0.0,42.0
76554,51.61,0.0,42.0
76555,50.18,15.49,42.0
76556,49.13,8.26,42.0
76557,47.37,8.64,42.0
76558,51.11,12.09,42.0
76559,48.29,14.58,42.0
76560,49.25,15.66,42.0
76561,54.09,7.41,42.0
76562,52.16,13.75,42.0
76563,33.01,15.97,42.0
76564,52.26,8.33,42.0
76565,50.25,11.91,42.0
76566,48.13,1.56,42.0
76567,46.86,5.56,42.0
76568,50.44,10.7,42.0
76569,52.7,7.69,42.0
76570,60.84,13.53,42.0
76571,48.1,16.22,42.0
76572,54.62,6.67,42.0
76573,51.4,17.78,42.0
76574,49.01,11.48,42.0
76575,50.82,9.22,42.0
76576,50.03,4.55,42.0
76577,49.85,9.45,42.0
76578,48.71,0.0,42.0
76580,50.38,29.79,42.0
76581,48.59,9.09,42.0
76582,47.3,4.28,42.0
76583,45.48,8.11,42.0
76584,45.41,14.29,42.0
76585,47.69,19.57,42.0
76586,50.15,8.82,42.0
76587,47.28,10.17,42.0
76588,49.92,7.0,42.0
76589,52.58,0.0,42.0
76590,47.25,3.85,42.0
76591,51.79,25.29,42.0
76592,48.92,12.65,42.0
76593,49.4,2.99,42.0
76594,51.09,17.85,42.0
76595,50.66,10.27,42.0
76596,50.5,12.5,42.0
76597,50.23,6.58,42.0
76598,49.51,1.98,42.0
76599,53.94,15.38,42.0
76600,50.22,6.82,42.0
76601,50.64,6.25,42.0
76602,51.17,1.72,42.0
76603,48.5,15.22,42.0
76604,48.04,25.0,42.0
76605,51.02,26.72,42.0
76606,48.4,10.0,42.0
76608,51.17,5.94,42.0
76609,50.11,5.71,42.0
76610,50.92,14.46,42.0
76611,52.43,19.44,42.0
76612,50.57,0.0,42.0
76613,51.73,4.85,42.0
76614,51.06,37.88,42.0
76615,50.0,17.46,42.0
76616,50.28,17.47,42.0
76617,50.71,35.91,42.0
76618,50.1,7.64,42.0
76619,49.65,2.84,42.0
76620,47.07,3.45,42.0
76621,51.19,6.94,42.0
76622,49.24,13.64,42.0
76623,50.87,0.0,42.0
76624,51.94,6.57,42.0
76626,51.72,11.9,42.0
76627,49.13,5.84,42.0
76628,48.97,8.24,42.0
76629,48.85,0.0,42.0
76630,51.15,4.35,42.0
76631,48.61,10.89,42.0
76632,44.63,2.78,42.0
76634,50.0,17.3,42.0
76635,46.05,25.0,42.0
76636,51.15,12.48,42.0
76637,52.46,14.67,42.0
76638,48.42,6.14,42.0
76640,52.77,8.39,42.0
76641,54.24,20.0,42.0
76642,48.21,4.35,42.0
76644,48.43,1.31,42.0
76645,45.91,0.0,42.0
76646,49.15,16.65,42.0
76647,54.27,13.45,42.0
76648,53.58,4.83,42.0
76649,51.61,0.0,42.0
76650,48.9,9.52,42.0
76651,45.71,22.22,42.0
76652,49.54,7.69,42.0
76653,48.84,2.86,42.0
76654,49.35,11.43,42.0
76655,52.69,12.69,42.0
76656,48.47,9.88,42.0
76657,50.63,7.48,42.0
76658,49.96,8.96,42.0
76660,51.44,8.54,42.0
76662,46.85,7.25,42.0
76663,54.24,10.12,42.0
76664,49.2,30.56,42.0
76665,51.19,7.69,42.0
76666,50.62,2.49,42.0
76667,50.0,3.03,42.0
76668,47.93,15.63,42.0
76669,50.45,0.0,42.0
76670,50.53,16.87,42.0
76671,50.29,0.0,42.0
76672,53.59,3.8,42.0
76673,47.13,14.41,42.0
76675,49.36,4.65,42.0
76676,49.7,4.53,42.0
76677,46.2,5.56,42.0
76678,47.78,8.14,42.0
76679,54.21,11.11,42.0
76680,45.83,0.0,42.0
76681,53.43,12.88,42.0
76682,50.32,14.61,42.0
76683,52.08,30.0,42.0
76684,49.81,9.82,42.0
76685,46.58,6.06,42.0
76686,50.87,2.09,42.0
76688,50.75,0.0,42.0
76689,51.87,2.38,42.0
76690,49.24,8.06,42.0
76691,47.03,0.0,42.0
76692,48.96,3.33,42.0
76693,49.14,10.0,42.0
76694,47.1,7.14,42.0
76695,48.92,10.0,42.0
76697,52.27,3.75,42.0
76698,52.52,2.08,42.0
76699,49.26,6.67,42.0
76700,53.17,13.38,42.0
76702,49.94,7.69,42.0
76703,50.23,8.33,42.0
76705,52.14,7.95,42.0
76706,48.83,13.33,42.0
76707,50.82,10.48,42.0
76708,50.36,9.38,42.0
76709,51.34,7.0,42.0
76710,50.49,33.33,42.0
76711,53.16,7.18,42.0
76712,50.46,9.59,42.0
76714,52.78,11.25,42.0
76715,48.89,14.06,42.0
76716,50.28,16.11,42.0
76717,52.97,10.77,42.0
76718,48.65,10.14,42.0
76719,51.62,9.7,42.0
76720,54.56,24.68,42.0
76721,51.25,5.56,42.0
76723,50.06,6.53,42.0
76724,48.46,5.88,42.0
76725,50.36,3.45,42.0
76726,47.63,12.12,42.0
76727,49.9,4.67,42.0
76728,51.66,16.81,42.0
76730,49.6,6.25,42.0
76731,50.58,9.09,42.0
76732,53.72,8.33,42.0
76733,49.26,5.0,42.0
76734,49.28,14.02,42.0
76735,51.71,9.09,42.0
76736,49.4,14.66,42.0
76737,48.63,10.71,42.0
76738,49.16,15.33,42.0
76739,48.2,0.0,42.0
76740,48.8,14.75,42.0
76741,47.93,7.69,42.0
76743,51.22,14.21,42.0
76744,46.28,0.0,42.0
76745,49.27,9.52,42.0
76746,45.5,7.41,42.0
76747,43.47,18.55,42.0
76748,52.23,6.77,42.0
76749,50.51,2.73,42.0
76750,51.16,2.11,42.0
76751,49.96,4.17,42.0
76752,54.44,9.18,42.0
76753,49.89,28.07,42.0
76754,52.66,8.76,42.0
76755,50.18,7.69,42.0
76756,51.46,11.76,42.0
76757,51.19,5.63,42.0
76758,54.24,12.09,42.0
76759,48.35,5.13,42.0
77001,51.82,31.29,42.0
77002,51.39,12.82,42.0
77003,51.0,9.52,42.0
77004,50.62,29.03,42.0
77005,50.23,20.85,42.0
77006,51.78,19.61,42.0
77007,48.71,16.01,42.0
77008,50.3,13.37,42.0
77009,52.14,10.0,42.0
77010,47.76,13.21,42.0
77011,50.43,10.93,42.0
77012,48.24,20.83,42.0
77013,50.14,10.45,42.0
77014,53.51,23.84,42.0
77015,49.11,20.0,42.0
77016,51.89,3.83,42.0
77018,52.04,22.69,42.0
77019,49.57,11.11,42.0
77020,48.45,6.94,42.0
77021,48.03,0.0,42.0
77022,50.25,21.3,42.0
77023,49.42,6.06,42.0
77024,46.25,9.09,42.0
77025,50.46,13.84,42.0
77026,47.62,9.09,42.0
77027,52.55,9.71,42.0
77029,46.49,9.52,42.0
77030,50.04,7.23,42.0
77031,50.02,15.98,42.0
77032,51.41,11.49,42.0
77033,49.77,16.0,42.0
77034,50.7,20.0,42.0
77035,51.48,9.33,42.0
77036,54.14,15.38,42.0
77037,51.07,45.39,42.0
77038,52.23,25.73,42.0
77039,54.01,28.72,42.0
77040,52.17,23.05,42.0
77041,50.73,15.62,42.0
77042,50.72,11.17,42.0
77043,49.22,14.25,42.0
77044,53.85,13.04,42.0
77045,48.69,12.28,42.0
77046,48.86,4.88,42.0
77047,51.08,17.82,42.0
77048,52.13,25.21,42.0
77049,51.26,21.74,42.0
77050,48.97,12.4,42.0
77051,52.07,7.84,42.0
77052,52.22,25.64,42.0
77053,52.7,14.93,42.0
77054,53.24,10.57,42.0
77055,52.21,9.14,42.0
77056,48.03,5.0,42.0
77057,50.87,6.29,42.0
77058,50.95,29.15,42.0
77059,50.69,22.5,42.0
77060,49.39,12.33,42.0
77061,50.98,8.25,42.0
77062,50.54,15.76,42.0
77063,48.26,19.07,42.0
77065,49.74,21.34,42.0
77066,48.74,5.88,42.0
77067,51.35,21.89,42.0
77068,43.59,10.53,42.0
77069,50.58,17.61,42.0
77070,48.95,11.67,42.0
77071,48.06,14.6,42.0
77072,49.76,3.08,42.0
77073,49.83,19.35,42.0
77075,49.91,25.0,42.0
77076,49.57,8.36,42.0
77077,51.38,6.86,42.0
77078,51.2,17.82,42.0
77079,50.78,8.24,42.0
77080,50.0,8.7,42.0
77081,50.09,7.35,42.0
77082,49.78,21.26,42.0
77083,51.05,22.74,42.0
77084,50.6,13.08,42.0
77085,52.71,24.11,42.0
77086,52.72,12.51,42.0
77087,52.88,27.27,42.0
77088,52.17,7.93,42.0
77089,47.86,10.71,42.0
77090,48.12,8.33,42.0
77091,52.42,23.26,42.0
77093,48.4,6.38,42.0
77094,49.77,9.37,42.0
77095,51.81,15.07,42.0
77096,51.66,35.63,42.0
77097,49.02,3.7,42.0
77098,48.76,11.76,42.0
77099,53.11,10.25,42.0
77100,50.99,14.6,42.0
77101,50.81,13.61,42.0
77102,50.33,6.67,42.0
77103,51.77,28.0,42.0
77104,49.73,20.9,42.0
77106,51.31,10.31,42.0
77107,49.04,17.51,42.0
77108,52.38,17.02,42.0
77109,50.09,2.11,42.0
77110,48.66,0.0,42.0
77111,50.92,26.17,42.0
77112,46.79,3.85,42.0
77113,48.83,10.26,42.0
77114,49.63,21.24,42.0
77115,49.56,9.55,42.0
77116,48.32,10.61,42.0
77117,50.65,7.61,42.0
77118,51.66,15.74,42.0
77119,50.68,16.94,42.0
77120,50.61,9.39,42.0
77121,50.47,17.63,42.0
77122,51.49,18.75,42.0
77123,48.84,15.13,42.0
77124,54.13,20.25,42.0
77125,50.52,23.4,42.0
77126,51.41,8.72,42.0
77127,49.61,11.14,42.0
77128,52.66,18.81,42.0
77129,48.01,10.91,42.0
77130,49.7,16.71,42.0
77131,53.21,8.41,42.0
77132,50.54,28.96,42.0
77133,48.38,9.52,42.0
77134,47.37,30.77,42.0
77135,50.84,16.78,42.0
77136,48.07,31.25,42.0
77137,45.12,4.17,42.0
77138,50.85,19.3,42.0
77139,50.99,20.42,42.0
77140,48.24,15.62,42.0
77141,50.26,12.62,42.0
77142,51.65,19.35,42.0
77143,50.58,14.95,42.0
77144,49.0,17.14,42.0
77145,49.49,23.54,42.0
77146,52.1,33.59,42.0
77147,49.25,5.63,42.0
77148,51.41,8.43,42.0
77150,48.62,10.64,42.0
77151,47.28,31.03,42.0
77152,50.51,13.38,42.0
77153,51.11,13.86,42.0
77154,50.39,16.9,42.0
77155,50.7,17.4,42.0
77156,52.48,12.66,42.0
77157,47.94,21.88,42.0
77158,48.97,18.18,42.0
77159,51.56,6.77,42.0
77161,49.22,20.24,42.0
77162,49.82,9.93,42.0
77163,50.44,12.12,42.0
77164,51.89,12.54,42.0
77165,52.73,19.72,42.0
77167,46.01,7.69,42.0
77168,50.82,10.29,42.0
77169,51.69,21.26,42.0
77171,51.62,19.9,42.0
77172,49.96,12.5,42.0
77173,50.53,10.74,42.0
77174,50.12,6.01,42.0
77175,50.72,19.72,42.0
77176,51.09,15.64,42.0
77177,47.87,23.14,42.0
77178,49.6,9.93,42.0
77179,52.91,27.28,42.0
77180,49.15,24.62,42.0
77181,49.91,20.78,42.0
77182,52.33,3.87,42.0
77183,52.27,11.9,42.0
77184,53.36,17.38,42.0
77185,48.78,21.97,42.0
77186,52.39,29.28,42.0
77187,48.46,8.93,42.0
77188,51.21,44.09,42.0
77190,49.53,10.71,42.0
77191,51.13,20.0,42.0
77192,51.78,13.52,42.0
77193,51.45,20.0,42.0
77194,50.68,10.87,42.0
77195,51.88,22.58,42.0
77196,52.8,13.98,42.0
77197,47.59,4.76,42.0
77198,52.61,5.26,42.0
77199,49.83,11.51,42.0
77200,49.59,0.0,42.0
77201,50.46,9.86,42.0
77202,53.03,13.41,42.0
77203,49.62,23.62,42.0
77204,50.25,0.0,42.0
77205,54.48,15.38,42.0
77206,47.37,0.0,42.0
77207,48.8,5.88,42.0
77208,50.18,8.9,42.0
77209,50.47,27.83,42.0
77210,51.51,7.54,42.0
77211,47.44,6.48,42.0
77212,50.0,0.0,42.0
77214,51.48,30.26,42.0
77215,51.74,14.47,42.0
77216,50.68,20.97,42.0
77217,49.83,17.87,42.0
77218,53.03,0.0,42.0
77219,48.98,22.22,42.0
77220,48.75,6.25,42.0
77221,49.24,38.71,42.0
77222,50.25,8.03,42.0
77223,50.09,17.74,42.0
77224,50.0,16.67,42.0
77225,50.06,0.0,42.0
77226,52.06,27.29,42.0
77227,49.94,10.0,42.0
77228,43.85,16.67,42.0
77229,48.33,15.62,42.0
77230,50.96,18.75,42.0
77231,48.8,5.81,42.0
77232,49.61,22.79,42.0
77233,49.51,10.0,42.0
77234,49.73,21.25,42.0
77235,48.92,9.09,42.0
77236,47.83,0.0,42.0
77237,50.33,24.32,42.0
77238,51.53,11.78,42.0
77239,50.37,6.47,42.0
77240,47.94,7.27,42.0
77241,51.73,14.03,42.0
77242,48.63,5.77,42.0
77243,52.16,20.3,42.0
77244,52.4,19.67,42.0
77245,47.14,20.67,42.0
77246,51.4,15.22,42.0
77247,50.77,4.55,42.0
77248,50.37,28.75,42.0
77249,51.32,27.69,42.0
77250,52.1,5.88,42.0
77251,49.86,14.98,42.0
77252,51.0,13.73,42.0
77253,47.24,3.7,42.0
77254,51.18,16.04,42.0
77255,52.56,27.37,42.0
77256,54.02,0.0,42.0
77257,52.31,4.69,42.0
77258,51.27,16.17,42.0
77259,49.81,14.58,42.0
77260,50.96,3.05,42.0
77261,51.24,17.22,42.0
77262,47.64,8.15,42.0
77263,46.12,12.5,42.0
77264,50.47,13.25,42.0
77265,51.62,12.04,42.0
77266,50.07,11.39,42.0
77267,50.37,26.46,42.0
77268,51.26,29.87,42.0
77269,49.18,19.84,42.0
77270,51.8,16.67,42.0
77271,49.65,0.0,42.0
77272,50.87,9.51,42.0
77273,49.35,11.86,42.0
77274,50.7,18.02,42.0
77275,47.4,7.69,42.0
77276,52.17,15.8,42.0
77277,49.76,15.58,42.0
77278,51.3,10.3,42.0
77279,52.14,10.07,42.0
77280,51.14,7.21,42.0
77281,52.11,19.64,42.0
77282,48.56,15.79,42.0
77283,50.79,7.69,42.0
77284,52.54,11.11,42.0
77285,52.88,8.86,42.0
77286,49.58,40.0,42.0
77287,52.87,13.21,42.0
77288,51.94,16.87,42.0
77289,47.06,19.44,42.0
77290,48.16,18.23,42.0
77291,45.36,3.12,42.0
77292,51.36,12.69,42.0
77293,49.93,11.9,42.0
77294,51.12,11.25,42.0
77295,49.45,25.53,42.0
77296,51.4,13.78,42.0
77297,46.48,2.78,42.0
77298,49.65,17.68,42.0
77300,47.33,15.28,42.0
77301,47.0,3.57,42.0
77302,51.55,16.49,42.0
77303,43.64,15.0,42.0
77304,42.11,0.0,42.0
77305,51.82,5.74,42.0
77306,48.31,12.78,42.0
77307,50.17,22.41,42.0
77308,52.8,14.15,42.0
77309,49.63,12.11,42.0
77310,49.27,8.0,42.0
77311,49.78,6.45,42.0
77312,51.66,24.68,42.0
77313,52.11,28.57,42.0
77314,47.76,13.33,42.0
77315,50.46,18.95,42.0
77316,52.39,20.73,42.0
77317,50.63,14.61,42.0
77318,51.66,12.36,42.0
77319,49.26,0.0,42.0
77320,51.19,10.13,42.0
77321,51.89,2.86,42.0
77322,50.02,18.59,42.0
77323,50.98,16.88,42.0
77325,49.29,3.85,42.0
77326,52.68,14.07,42.0
77327,52.47,6.7,42.0
77328,49.37,21.28,42.0
77329,45.42,12.17,42.0
77330,51.12,17.58,42.0
77331,50.63,12.77,42.0
77332,46.4,13.81,42.0
77333,52.74,9.8,42.0
77335,37.88,10.94,42.0
77336,51.55,14.5,42.0
77337,51.15,17.26,42.0
77338,47.91,6.95,42.0
77339,49.52,31.88,42.0
77340,50.76,10.87,42.0
77341,52.4,11.9,42.0
77342,53.97,0.0,42.0
77343,47.05,13.32,42.0
77344,50.07,11.31,42.0
77345,48.37,7.41,42.0
77347,53.97,10.7,42.0
77348,47.54,4.35,42.0
77349,51.52,12.33,42.0
77350,51.15,21.73,42.0
77352,49.6,16.54,42.0
77353,51.56,12.82,42.0
77354,48.86,10.89,42.0
77355,51.09,13.64,42.0
77356,54.9,0.0,42.0
77357,49.75,15.85,42.0
77358,51.2,16.56,42.0
77359,49.47,21.05,42.0
77360,45.82,10.0,42.0
77361,50.0,12.0,42.0
77363,51.31,16.33,42.0
77364,48.46,10.71,42.0
77365,49.93,9.52,42.0
77366,48.79,11.76,42.0
77367,46.56,17.86,42.0
77368,51.96,12.07,42.0
77369,47.38,15.71,42.0
77370,49.49,12.86,42.0
77371,50.74,11.51,42.0
77372,50.88,17.88,42.0
77373,51.38,16.43,42.0
77374,49.18,20.92,42.0
77376,49.34,7.5,42.0
77377,50.25,13.52,42.0
77378,52.27,17.35,42.0
77379,53.65,10.77,42.0
77380,52.79,13.37,42.0
77381,50.41,8.77,42.0
77382,52.22,18.18,42.0
77383,48.5,11.46,42.0
77384,38.92,10.06,42.0
77385,53.06,8.6,42.0
77386,49.41,38.98,42.0
77387,48.42,6.52,42.0
77388,51.89,24.38,42.0
77389,51.54,26.05,42.0
77390,51.7,14.21,42.0
77391,48.69,4.88,42.0
77392,49.23,14.91,42.0
77393,51.37,13.38,42.0
77394,49.62,12.09,42.0
77395,53.33,15.38,42.0
77396,48.98,0.0,42.0
77397,51.2,8.24,42.0
77398,48.8,4.05,42.0
77400,51.85,11.05,42.0
77401,48.62,14.71,42.0
77402,52.04,14.14,42.0
77403,52.22,9.46,42.0
77404,50.39,6.74,42.0
77405,50.18,8.61,42.0
77406,49.78,15.09,42.0
77407,51.51,17.07,42.0
77408,52.68,13.95,42.0
77409,50.85,8.85,42.0
77410,50.65,23.97,42.0
77411,51.29,17.24,42.0
77412,49.64,23.68,42.0
77413,52.08,24.31,42.0
77414,49.84,7.84,42.0
77415,50.9,19.44,42.0
77416,45.08,3.7,42.0
77417,49.37,13.04,42.0
77418,49.58,8.7,42.0
77419,52.37,14.13,42.0
77420,51.11,12.72,42.0
77421,48.01,11.11,42.0
77423,49.56,9.05,42.0
77424,49.49,2.86,42.0
77425,51.27,22.34,42.0
77426,47.61,17.95,42.0
77427,52.65,23.53,42.0
77428,50.42,14.44,42.0
77429,47.72,11.67,42.0
77430,50.06,11.23,42.0
77431,52.77,14.38,42.0
77432,50.9,10.61,42.0
77433,49.37,17.16,42.0
77434,50.3,8.33,42.0
77435,50.96,33.03,42.0
77436,49.54,17.2,42.0
77437,51.58,10.51,42.0
77438,51.73,20.0,42.0
77439,51.07,9.88,42.0
77440,48.36,13.51,42.0
77441,51.93,39.57,42.0
77442,51.8,30.88,42.0
77443,50.67,17.96,42.0
77444,46.75,7.14,42.0
77445,51.52,12.23,42.0
77446,52.07,9.09,42.0
77447,50.01,36.93,42.0
77448,50.08,9.09,42.0
77449,52.08,25.82,42.0
77450,50.96,16.86,42.0
77451,49.27,8.33,42.0
77452,41.54,40.0,42.0
77453,49.65,21.07,42.0
77454,48.55,23.91,42.0
77455,50.46,16.14,42.0
77456,51.22,8.08,42.0
77457,51.62,17.29,42.0
77458,51.23,8.09,42.0
77459,50.78,7.14,42.0
77460,48.49,8.37,42.0
77461,52.39,10.34,42.0
77462,50.19,8.8,42.0
77463,52.08,34.84,42.0
77464,51.38,22.1,42.0
77465,50.61,2.95,42.0
77466,52.02,20.59,42.0
77467,47.83,3.7,42.0
77468,52.07,15.94,42.0
77469,47.49,17.35,42.0
77470,52.86,19.41,42.0
77471,50.37,15.23,42.0
77472,49.25,20.45,42.0
77473,50.8,20.01,42.0
77474,49.78,13.79,42.0
77475,52.11,13.61,42.0
77476,51.49,4.17,42.0
77477,50.72,25.59,42.0
77478,50.71,8.25,42.0
77479,52.06,21.79,42.0
77480,52.83,12.81,42.0
77481,49.46,9.52,42.0
77482,52.15,8.76,42.0
77483,52.45,12.72,42.0
77484,47.06,10.0,42.0
77485,51.07,25.0,42.0
77486,53.01,7.53,42.0
77487,52.94,20.57,42.0
77489,55.11,5.26,42.0
77490,49.31,1.13,42.0
77492,48.86,7.33,42.0
77493,50.99,9.31,42.0
77494,52.07,14.1,42.0
77495,52.37,22.3,42.0
77496,48.68,4.76,42.0
77498,47.68,17.95,42.0
77500,49.09,15.01,42.0
77501,50.62,20.9,42.0
77504,49.86,16.36,42.0
77505,52.1,9.0,42.0
77506,49.74,12.68,42.0
77507,51.88,10.26,42.0
77508,50.95,24.62,42.0
77509,49.48,9.09,42.0
77510,51.7,25.56,42.0
77511,50.91,12.5,42.0
77512,51.54,11.82,42.0
77513,51.18,13.64,42.0
77514,50.74,12.75,42.0
77515,51.23,9.96,42.0
77516,49.82,20.69,42.0
77517,48.87,16.1,42.0
77518,46.28,25.0,42.0
77519,48.99,3.91,42.0
77520,50.78,31.75,42.0
77521,50.1,19.27,42.0
77522,49.47,26.92,42.0
77523,50.54,12.0,42.0
77524,50.94,3.69,42.0
77525,47.63,7.69,42.0
77526,50.18,6.25,42.0
77527,49.16,16.14,42.0
77528,49.72,16.66,42.0
77529,49.75,18.56,42.0
77530,51.34,10.71,42.0
77531,52.88,9.45,42.0
77532,50.0,0.0,42.0
77533,50.33,33.61,42.0
77534,50.42,9.25,42.0
78003,50.52,19.6,42.0
78005,52.54,19.9,42.0
78006,53.02,21.03,42.0
78007,49.82,46.0,42.0
78009,47.46,5.84,42.0
78010,49.74,36.44,42.0
78013,50.73,23.91,42.0
78015,52.02,30.93,42.0
78020,48.09,13.98,42.0
78029,52.35,11.73,42.0
78030,50.19,36.22,42.0
78031,50.43,20.59,42.0
78033,49.83,21.37,42.0
78034,48.65,34.34,42.0
78036,49.8,43.44,42.0
78043,52.63,51.19,42.0
78048,49.77,26.76,42.0
78049,49.47,35.56,42.0
78050,49.8,40.3,42.0
78053,51.03,41.56,42.0
78057,49.73,13.04,42.0
78062,50.32,23.71,42.0
78068,51.58,21.84,42.0
78070,50.17,16.67,42.0
78071,49.63,15.25,42.0
78072,54.15,20.71,42.0
78073,49.05,23.97,42.0
78076,49.36,8.0,42.0
78077,49.22,11.16,42.0
78082,50.58,15.62,42.0
78084,49.67,35.29,42.0
78087,47.32,35.28,42.0
78089,52.63,7.97,42.0
78090,50.23,29.0,42.0
78092,52.21,40.58,42.0
78096,52.77,26.32,42.0
78104,50.69,34.38,42.0
78107,50.96,21.51,42.0
78108,48.29,28.49,42.0
78113,51.29,14.29,42.0
78117,51.72,44.15,42.0
78118,51.25,13.25,42.0
78120,49.56,41.05,42.0
78123,50.87,23.0,42.0
78124,50.27,41.6,42.0
78125,48.71,43.48,42.0
78126,52.45,35.33,42.0
78128,51.96,36.6,42.0
78133,52.49,35.02,42.0
78138,51.5,13.55,42.0
78140,51.7,32.09,42.0
78143,50.96,45.7,42.0
78146,52.46,41.54,42.0
78147,48.68,18.18,42.0
78152,50.88,48.87,42.0
78158,53.58,41.82,42.0
78160,50.93,37.74,42.0
78162,51.54,45.18,42.0
78163,50.95,24.24,42.0
78164,50.88,31.33,42.0
78165,51.26,22.85,42.0
78168,47.9,18.2,42.0
78171,49.88,27.14,42.0
78172,51.44,26.13,42.0
78185,50.26,33.33,42.0
78188,47.64,18.26,42.0
78189,51.34,40.98,42.0
78190,52.02,50.55,42.0
78192,49.18,17.86,42.0
78193,49.59,36.64,42.0
78194,49.77,39.61,42.0
78196,50.72,36.36,42.0
78202,50.11,14.82,42.0
78206,49.72,21.17,42.0
78208,51.11,25.6,42.0
78209,48.67,25.29,42.0
78217,51.29,19.03,42.0
78220,51.95,26.27,42.0
78224,50.4,53.3,42.0
78227,50.86,26.19,42.0
78230,50.89,17.74,42.0
78231,50.32,0.0,42.0
78233,50.36,53.6,42.0
78234,51.63,14.29,42.0
78236,50.17,29.85,42.0
78237,42.59,37.5,42.0
78238,51.42,11.6,42.0
78239,50.7,12.65,42.0
78242,51.67,27.09,42.0
78245,51.22,21.05,42.0
78246,49.67,24.95,42.0
78255,52.32,10.4,42.0
78261,50.66,23.44,42.0
78262,49.54,26.67,42.0
78263,49.48,37.7,42.0
78264,50.77,0.0,42.0
78265,50.29,23.81,42.0
78267,50.82,12.92,42.0
78269,51.54,33.74,42.0
78276,50.08,18.03,42.0
78278,46.65,38.89,42.0
78281,49.31,27.54,42.0
78283,51.84,7.89,42.0
78285,48.42,25.0,42.0
78289,48.95,44.88,42.0
78290,48.98,8.82,42.0
78291,50.11,14.62,42.0
78296,49.88,10.55,42.0
78297,51.17,29.8,42.0
78299,52.12,19.23,42.0
78300,49.76,18.6,42.0
78302,51.81,6.25,42.0
78305,50.0,34.78,42.0
78307,49.67,21.33,42.0
78310,56.15,17.99,42.0
78311,51.7,34.83,42.0
78314,50.04,11.31,42.0
78317,49.42,23.31,42.0
78320,49.56,6.37,42.0
78321,51.24,38.68,42.0
78322,50.34,49.37,42.0
78324,51.57,8.78,42.0
78325,50.66,24.56,42.0
78327,50.54,18.84,42.0
78329,49.32,16.67,42.0
78334,49.63,40.61,42.0
78335,50.3,8.42,42.0
78337,50.81,17.3,42.0
78343,49.84,51.11,42.0
78344,50.78,34.86,42.0
78346,49.78,15.39,42.0
78349,50.41,37.21,42.0
78350,52.41,45.65,42.0
78354,53.4,15.36,42.0
78356,50.29,31.27,42.0
78358,51.47,46.25,42.0
78361,49.79,10.78,42.0
78362,50.63,12.12,42.0
78364,48.77,36.47,42.0
78366,49.29,40.0,42.0
78367,50.91,48.36,42.0
78368,49.86,33.33,42.0
78372,53.02,39.18,42.0
78380,51.61,31.61,42.0
78381,49.49,26.45,42.0
78382,51.8,27.73,42.0
78383,51.0,23.96,42.0
78384,51.05,33.59,42.0
78385,50.46,6.25,42.0
78389,51.27,42.55,42.0
78391,50.58,16.28,42.0
78396,51.61,41.84,42.0
78397,51.94,42.28,42.0
78398,51.17,45.71,42.0
78401,51.98,14.25,42.0
78402,51.14,21.17,42.0
78403,48.4,19.44,42.0
78404,54.25,66.67,42.0
78406,55.48,41.67,42.0
78407,50.15,37.74,42.0
78410,50.27,21.35,42.0
78413,51.27,14.29,42.0
78415,50.97,40.35,42.0
78416,48.42,25.0,42.0
78417,49.84,20.69,42.0
78418,53.1,37.6,42.0
78420,54.46,39.86,42.0
78423,50.75,41.32,42.0
78431,49.55,46.38,42.0
78437,51.75,15.64,42.0
78439,48.92,20.0,42.0
78440,49.55,8.43,42.0
78442,51.51,33.06,42.0
78443,50.24,42.86,42.0
78444,50.34,17.78,42.0
78451,50.31,27.37,42.0
78455,52.26,43.13,42.0
78460,52.23,39.52,42.0
78464,51.88,27.18,42.0
78465,51.62,27.13,42.0
78466,50.67,43.35,42.0
78470,48.01,34.78,42.0
78472,51.08,8.57,42.0
78474,49.17,30.93,42.0
78475,49.6,25.13,42.0
78478,48.66,7.69,42.0
78481,52.91,43.01,42.0
78484,50.09,29.88,42.0
78486,51.53,26.22,42.0
78490,51.69,23.51,42.0
78497,53.99,50.0,42.0
78498,52.45,26.05,42.0
78499,51.07,32.23,42.0
78501,48.37,12.72,42.0
78502,50.39,29.74,42.0
78505,49.58,28.57,42.0
78506,50.73,32.91,42.0
78513,51.47,24.58,42.0
78516,47.9,24.71,42.0
78517,52.87,28.99,42.0
78518,50.0,36.36,42.0
78520,50.1,25.56,42.0
78522,51.77,44.21,42.0
78528,48.26,6.25,42.0
78530,51.57,19.05,42.0
78531,51.43,14.75,42.0
78536,47.6,20.89,42.0
78537,50.2,23.38,42.0
78545,50.84,33.4,42.0
78548,52.04,49.98,42.0
78550,49.44,37.16,42.0
78551,52.27,40.48,42.0
78557,50.75,24.49,42.0
78558,50.28,18.75,42.0
78559,50.2,26.9,42.0
78561,48.77,27.07,42.0
78562,49.64,32.53,42.0
78564,53.33,20.56,42.0
78565,48.68,40.91,42.0
78567,50.86,21.04,42.0
78569,48.77,26.99,42.0
78571,51.03,53.56,42.0
78575,51.61,47.21,42.0
78576,50.09,38.87,42.0
78586,51.79,24.2,42.0
78588,48.15,24.11,42.0
78590,50.67,42.66,42.0
78591,50.98,22.78,42.0
78597,49.74,26.88,42.0
78601,49.61,22.71,42.0
78605,50.67,20.21,42.0
78606,55.56,0.0,42.0
78608,50.34,0.0,42.0
78609,48.4,19.64,42.0
78615,53.37,28.18,42.0
78616,51.4,27.11,42.0
78618,50.1,23.53,42.0
78620,49.31,45.44,42.0
78621,49.9,8.43,42.0
78623,44.63,35.85,42.0
78624,50.19,29.52,42.0
78638,49.99,27.78,42.0
78640,49.69,29.87,42.0
78642,52.68,32.35,42.0
78643,51.83,32.22,42.0
78644,50.18,15.98,42.0
78646,51.67,44.5,42.0
78647,50.71,21.05,42.0
78650,51.1,56.21,42.0
78653,52.09,25.71,42.0
78655,52.19,33.21,42.0
78668,48.94,8.62,42.0
78672,51.8,49.59,42.0
78674,51.86,27.58,42.0
78677,51.06,26.55,42.0
78681,49.1,25.64,42.0
78683,52.04,36.98,42.0
78686,51.84,51.79,42.0
78688,51.38,48.51,42.0
79001,50.14,2.71,42.0
79002,48.72,9.09,42.0
79003,52.16,16.34,42.0
79005,51.02,4.5,42.0
79007,48.05,2.7,42.0
79008,49.27,4.48,42.0
79009,50.92,7.75,42.0
79010,50.22,20.41,42.0
79012,51.52,3.45,42.0
79013,50.39,7.14,42.0
79014,49.19,4.58,42.0
79015,50.52,0.0,42.0
79016,49.76,7.04,42.0
79018,47.95,11.11,42.0
79019,51.34,6.25,42.0
79020,48.83,6.59,42.0
79022,48.33,21.43,42.0
79023,49.18,0.0,42.0
79024,49.76,13.23,42.0
79025,48.52,1.88,42.0
79029,50.89,5.71,42.0
79030,49.37,7.84,42.0
79031,50.36,15.22,42.0
79032,52.84,12.68,42.0
79034,51.7,28.14,42.0
79038,48.94,7.62,42.0
79040,50.57,5.92,42.0
79042,50.57,5.56,42.0
79046,48.0,14.47,42.0
79047,47.78,5.0,42.0
79048,51.31,17.96,42.0
79049,49.68,9.45,42.0
79050,49.5,5.71,42.0
79055,58.9,0.0,42.0
79056,49.15,6.58,42.0
79057,52.41,11.25,42.0
79058,47.49,7.5,42.0
79059,49.26,8.22,42.0
79061,49.69,9.29,42.0
79062,51.05,6.73,42.0
79063,48.74,3.55,42.0
79064,48.95,5.74,42.0
79066,52.44,8.6,42.0
79069,49.49,8.99,42.0
79070,47.23,24.39,42.0
79071,48.81,2.12,42.0
79074,45.03,9.52,42.0
79076,50.72,8.91,42.0
79077,49.46,4.32,42.0
79078,49.45,7.2,42.0
79079,49.85,7.58,42.0
79080,52.82,5.84,42.0
79081,52.68,17.73,42.0
79083,53.23,2.54,42.0
79084,50.11,7.69,42.0
79085,45.93,6.25,42.0
79086,50.46,16.06,42.0
79087,48.66,2.33,42.0
79088,50.25,6.02,42.0
79089,50.0,0.0,42.0
79090,52.15,14.78,42.0
79091,50.08,2.06,42.0
79092,44.6,0.0,42.0
79094,47.35,2.47,42.0
79095,47.61,8.37,42.0
79096,49.51,7.69,42.0
79100,50.0,19.05,42.0
79101,52.07,14.92,42.0
79102,44.49,0.0,42.0
79103,49.87,1.22,42.0
79104,52.29,12.5,42.0
79105,48.67,16.64,42.0
79106,51.91,6.46,42.0
79108,52.8,0.0,42.0
79109,52.5,19.61,42.0
79111,51.93,4.17,42.0
79112,52.23,20.04,42.0
79114,50.77,7.98,42.0
79115,49.53,6.38,42.0
79116,50.98,1.09,42.0
79117,49.84,2.97,42.0
79118,49.56,3.64,42.0
79119,48.21,4.26,42.0
79120,49.33,8.75,42.0
79121,44.93,4.65,42.0
79122,49.44,6.38,42.0
79123,49.93,4.13,42.0
79124,52.68,0.0,42.0
79125,50.92,12.71,42.0
79126,46.92,6.55,42.0
79127,49.82,8.54,42.0
79128,48.65,24.18,42.0
79129,50.17,14.71,42.0
79130,51.85,14.79,42.0
79131,51.34,2.44,42.0
79132,49.57,13.04,42.0
79133,49.49,14.17,42.0
79134,48.3,4.0,42.0
79135,50.67,6.02,42.0
79136,49.29,2.44,42.0
79137,49.01,8.59,42.0
79139,51.85,0.0,42.0
79140,49.66,1.31,42.0
79141,50.48,0.0,42.0
79142,46.0,15.38,42.0
79144,51.36,4.68,42.0
79145,49.61,0.0,42.0
79147,49.52,4.35,42.0
79148,52.47,9.02,42.0
79149,52.1,8.33,42.0
79150,50.18,4.62,42.0
79152,49.56,3.55,42.0
79153,50.64,9.09,42.0
79154,51.81,3.23,42.0
79156,50.26,17.69,42.0
79157,49.97,3.52,42.0
79158,49.61,0.0,42.0
79159,48.13,4.76,42.0
79160,51.83,0.0,42.0
79161,50.89,8.82,42.0
79162,51.88,22.17,42.0
79163,49.71,8.7,42.0
79164,47.6,0.0,42.0
79165,55.68,0.0,42.0
79166,51.83,10.99,42.0
79167,44.91,4.18,42.0
79170,52.75,11.69,42.0
79172,50.93,3.22,42.0
79174,52.78,11.46,42.0
79175,47.79,0.0,42.0
79176,51.4,3.85,42.0
79177,53.19,0.0,42.0
79179,49.54,4.82,42.0
79183,47.97,0.0,42.0
79184,51.64,6.26,42.0
79185,50.35,14.42,42.0
79189,50.47,9.55,42.0
79190,47.19,6.09,42.0
79191,52.65,20.25,42.0
79195,51.42,4.23,42.0
79196,50.86,6.79,42.0
79197,48.04,0.0,42.0
79198,49.28,4.7,42.0
79200,50.26,4.98,42.0
79201,51.16,5.18,42.0
79202,53.97,10.6,42.0
79203,51.9,0.0,42.0
79204,50.22,12.77,42.0
79207,50.4,1.61,42.0
79208,48.29,7.14,42.0
79209,52.52,0.0,42.0
79210,45.78,11.81,42.0
79213,50.34,13.74,42.0
79215,50.74,3.12,42.0
79216,51.07,10.56,42.0
79217,46.49,14.44,42.0
79218,48.19,11.11,42.0
79220,50.92,5.66,42.0
79223,49.97,33.33,42.0
79225,48.23,5.88,42.0
79226,46.0,12.0,42.0
79229,52.03,13.47,42.0
79230,49.37,4.76,42.0
79231,49.18,17.5,42.0
79235,47.8,6.29,42.0
79236,48.35,5.41,42.0
79238,49.55,8.0,42.0
79239,49.78,6.97,42.0
79241,47.46,11.11,42.0
79242,49.33,5.4,42.0
79243,47.96,0.0,42.0
79244,49.34,7.69,42.0
79246,49.58,7.84,42.0
79249,50.78,22.58,42.0
79250,47.63,5.26,42.0
79251,49.72,6.32,42.0
79252,51.02,10.04,42.0
79253,47.22,4.55,42.0
79254,52.19,2.5,42.0
79255,48.61,3.57,42.0
79256,51.35,0.0,42.0
79257,50.29,3.92,42.0
79258,50.05,12.5,42.0
79259,51.51,10.57,42.0
79263,53.29,0.0,42.0
79265,50.65,0.0,42.0
79267,52.39,5.74,42.0
79268,52.62,4.11,42.0
79269,53.22,16.23,42.0
79270,46.0,4.41,42.0
79271,55.9,0.0,42.0
79273,49.36,8.02,42.0
79274,48.44,0.0,42.0
79276,50.53,3.7,42.0
79277,52.27,6.32,42.0
79278,43.25,0.0,42.0
79280,47.28,0.0,42.0
79281,48.3,12.54,42.0
79283,49.79,20.0,42.0
79284,49.64,10.34,42.0
79285,50.59,4.96,42.0
79286,50.0,2.38,42.0
79289,47.99,4.93,42.0
79290,46.75,10.0,42.0
79293,50.0,14.42,42.0
79294,49.12,5.56,42.0
79295,49.13,10.71,42.0
79297,50.98,0.0,42.0
79298,50.66,16.18,42.0
79299,51.37,7.51,42.0
79300,50.21,6.99,42.0
79301,49.79,4.84,42.0
79302,50.28,6.19,42.0
79303,48.61,5.41,42.0
79304,48.33,19.03,42.0
79306,51.69,0.0,42.0
79307,50.49,4.69,42.0
79308,49.22,16.17,42.0
79309,49.56,0.0,42.0
79310,49.29,9.09,42.0
79311,51.62,3.06,42.0
79312,50.0,25.0,42.0
79313,49.27,9.26,42.0
79316,48.46,6.55,42.0
79319,47.78,11.66,42.0
79320,48.15,8.33,42.0
79322,52.14,7.62,42.0
79326,49.62,6.31,42.0
79329,52.88,7.76,42.0
79331,47.24,10.0,42.0
79332,46.85,0.0,42.0
79334,49.04,10.53,42.0
79335,50.24,21.05,42.0
79336,49.71,0.0,42.0
79337,48.69,8.64,42.0
79338,52.56,6.67,42.0
79339,50.55,6.62,42.0
79340,48.5,7.41,42.0
79341,48.82,0.0,42.0
79342,49.76,2.13,42.0
79343,46.52,0.0,42.0
79345,47.71,6.41,42.0
79346,48.31,12.5,42.0
79347,50.62,11.54,42.0
79348,45.32,7.14,42.0
79349,51.63,0.0,42.0
79350,47.34,16.67,42.0
79351,50.6,10.27,42.0
79352,46.45,0.0,42.0
79354,46.88,5.94,42.0
79355,51.16,15.5,42.0
79357,48.11,3.7,42.0
80001,54.28,9.46,42.0
80002,48.51,0.0,42.0
80003,52.66,11.32,42.0
80004,50.81,4.02,42.0
80005,53.01,11.11,42.0
80006,49.77,13.04,42.0
80008,49.45,1.22,42.0
80009,49.96,9.98,42.0
80010,53.05,14.58,42.0
80011,52.37,10.44,42.0
80013,50.97,3.5,42.0
80014,42.03,0.0,42.0
80015,52.24,20.0,42.0
80016,52.97,5.81,42.0
80017,48.23,7.04,42.0
80018,50.61,17.65,42.0
80019,49.7,0.0,42.0
80020,51.99,23.88,42.0
80021,52.53,19.05,42.0
80022,50.44,4.76,42.0
80023,45.78,8.7,42.0
80024,50.99,9.55,42.0
80025,43.05,5.56,42.0
80026,53.12,0.0,42.0
80027,46.67,66.67,42.0
80028,47.06,0.0,42.0
80029,50.86,10.12,42.0
80030,49.28,0.0,42.0
80031,51.03,4.88,42.0
80032,48.51,0.0,42.0
80033,49.1,3.7,42.0
80034,53.18,7.84,42.0
80035,55.07,0.0,42.0
80036,49.39,11.36,42.0
80037,47.17,13.33,42.0
80038,50.0,0.0,42.0
80039,51.32,2.6,42.0
80040,44.71,0.0,42.0
80041,49.58,0.0,42.0
80042,50.0,10.0,42.0
80043,51.01,10.34,42.0
80044,50.24,12.1,42.0
80045,50.99,6.67,42.0
80046,50.0,0.0,42.0
80047,49.74,6.26,42.0
80048,50.79,20.0,42.0
80049,47.74,12.5,42.0
80050,52.42,18.23,42.0
80051,50.29,0.0,42.0
80052,49.59,0.0,42.0
80053,43.59,0.0,42.0
80054,47.73,3.69,42.0
80055,44.51,26.67,42.0
80056,47.12,11.11,42.0
80057,49.35,0.0,42.0
80058,48.48,6.06,42.0
80059,49.35,0.0,42.0
80060,53.97,0.0,42.0
80061,54.55,7.69,42.0
80062,50.18,0.98,42.0
80063,52.28,8.33,42.0
80064,48.1,11.11,42.0
80065,43.82,0.0,42.0
80066,47.84,14.29,42.0
80067,49.74,8.0,42.0
80068,48.84,0.0,42.0
80069,49.02,12.5,42.0
80070,52.47,5.87,42.0
80071,51.34,1.21,42.0
80073,51.92,0.0,42.0
80074,49.54,0.0,42.0
80076,49.81,1.96,42.0
80077,43.52,8.11,42.0
80078,50.67,21.28,42.0
80079,50.69,10.22,42.0
80080,46.62,14.29,42.0
80081,47.37,0.0,42.0
80082,50.9,15.15,42.0
80083,50.34,13.33,42.0
80084,51.67,4.35,42.0
80085,43.24,0.0,42.0
80086,49.76,5.75,42.0
80087,50.12,0.0,42.0
80088,49.35,3.57,42.0
80089,46.68,15.38,42.0
80090,44.74,10.53,42.0
80092,50.58,10.94,42.0
80093,50.15,6.89,42.0
80094,47.89,25.0,42.0
80095,50.47,6.25,42.0
80096,51.28,3.37,42.0
80097,47.62,0.0,42.0
80098,52.75,0.0,42.0
80099,50.7,15.79,42.0
80100,48.64,6.71,42.0
80101,47.79,3.49,42.0
80102,48.45,10.0,42.0
80103,60.34,16.67,42.0
80104,45.93,0.0,42.0
80105,50.0,14.29,42.0
80106,50.0,11.11,42.0
80107,49.91,15.79,42.0
80108,45.45,0.0,42.0
80109,51.61,0.0,42.0
80110,52.65,9.52,42.0
80112,51.29,6.93,42.0
80113,49.41,5.88,42.0
80114,51.17,5.9,42.0
80115,52.26,0.0,42.0
80116,48.67,3.33,42.0
80117,44.65,0.0,42.0
80118,45.69,0.0,42.0
80119,52.32,9.12,42.0
80120,51.06,4.65,42.0
80121,50.69,9.8,42.0
80122,47.78,17.5,42.0
80123,47.94,12.96,42.0
80124,49.45,3.0,42.0
80125,48.75,0.0,42.0
80126,52.64,3.7,42.0
80127,51.49,1.25,42.0
80128,50.31,0.0,42.0
80129,49.92,10.28,42.0
80130,49.82,14.38,42.0
80131,52.07,17.05,42.0
80132,53.24,20.0,42.0
80133,49.53,7.69,42.0
80134,49.38,0.0,42.0
80135,46.31,14.29,42.0
80136,51.81,2.78,42.0
80137,49.16,14.29,42.0
80138,48.8,0.0,42.0
80139,46.67,16.67,42.0
80140,50.0,0.0,42.0
80141,48.86,11.11,42.0
80142,50.59,10.71,42.0
80143,52.42,0.0,42.0
80144,51.44,7.63,42.0
80145,52.26,6.25,42.0
80146,47.21,0.0,42.0
80147,48.5,17.1,42.0
80148,51.01,12.13,42.0
80149,48.38,13.73,42.0
80150,50.45,0.0,42.0
80151,52.36,2.78,42.0
80152,50.0,7.14,42.0
80153,49.65,8.33,42.0
80154,51.17,0.0,42.0
80155,49.18,15.76,42.0
80156,51.27,10.53,42.0
80157,53.19,0.0,42.0
80158,53.66,0.0,42.0
80159,50.22,4.0,42.0
80160,52.8,20.67,42.0
80161,48.56,9.52,42.0
80162,50.04,4.31,42.0
80163,47.77,4.69,42.0
80164,51.91,16.01,42.0
80165,49.18,10.53,42.0
80166,50.99,10.96,42.0
80167,50.66,3.26,42.0
80168,49.52,12.15,42.0
80169,53.12,0.0,42.0
80170,50.0,20.0,42.0
80171,51.19,12.5,42.0
80172,50.52,1.79,42.0
80173,51.17,13.64,42.0
80174,54.43,25.0,42.0
80176,51.52,2.86,42.0
80177,48.91,8.68,42.0
80179,47.95,6.25,42.0
80180,53.85,0.0,42.0
80181,53.66,12.5,42.0
80182,52.99,6.94,42.0
80183,50.54,10.71,42.0
80184,49.14,4.12,42.0
80185,48.03,8.33,42.0
80186,52.03,6.89,42.0
80187,49.78,6.9,42.0
80188,49.32,19.57,42.0
80189,56.67,0.0,42.0
80190,51.39,7.96,42.0
80191,46.55,0.0,42.0
80192,55.69,11.76,42.0
80193,51.03,9.98,42.0
80194,47.37,8.33,42.0
80195,50.0,7.69,42.0
80196,47.77,3.96,42.0
80198,49.7,14.05,42.0
80199,49.92,17.59,42.0
80200,53.44,5.88,42.0
80201,46.34,0.0,42.0
80202,50.63,13.79,42.0
80203,54.55,0.0,42.0
80204,50.41,4.84,42.0
80205,52.05,2.22,42.0
80206,43.44,0.0,42.0
80207,51.61,14.29,42.0
80208,52.71,0.0,42.0
80210,48.68,33.33,42.0
80211,53.97,9.43,42.0
80212,52.49,11.11,42.0
80213,46.52,21.34,42.0
80214,51.03,12.5,42.0
80215,49.55,8.33,42.0
80216,47.02,14.29,42.0
80217,48.61,40.0,42.0
80218,45.73,0.0,42.0
80219,50.75,20.0,42.0
80220,46.46,8.33,42.0
80221,49.08,13.79,42.0
80222,52.74,1.79,42.0
80223,49.51,0.0,42.0
80224,47.29,20.0,42.0
80225,48.7,23.53,42.0
80226,50.71,3.85,42.0
80227,49.93,9.29,42.0
80228,53.19,8.57,42.0
80229,52.01,5.71,42.0
80230,48.09,2.94,42.0
80231,50.0,0.0,42.0
80232,47.85,3.45,42.0
80233,50.66,0.0,42.0
80234,51.42,12.0,42.0
80235,52.5,3.58,42.0
80236,49.64,4.08,42.0
80237,51.69,11.21,42.0
80238,47.98,12.5,42.0
80239,47.27,20.0,42.0
80240,51.12,13.33,42.0
80241,50.31,6.32,42.0
80242,50.12,15.0,42.0
80243,50.0,0.0,42.0
80244,47.98,13.33,42.0
80245,51.21,2.7,42.0
80246,49.42,11.11,42.0
80247,49.26,3.06,42.0
80248,51.12,7.7,42.0
80249,46.89,6.9,42.0
80250,51.14,2.78,42.0
80251,50.74,6.06,42.0
80252,51.4,0.0,42.0
80253,52.31,5.12,42.0
80256,52.28,13.97,42.0
80258,53.85,0.0,42.0
80259,43.75,10.0,42.0
80260,49.82,23.75,42.0
80261,48.73,32.51,42.0
80262,48.96,9.68,42.0
80263,43.75,0.0,42.0
80264,45.35,0.0,42.0
80265,48.91,0.0,42.0
80266,47.34,18.18,42.0
80267,47.77,4.0,42.0
80268,52.34,10.87,42.0
80269,49.11,10.0,42.0
80270,42.86,0.0,42.0
80271,53.33,6.38,42.0
80272,49.19,0.0,42.0
80273,51.88,14.81,42.0
80274,51.95,6.06,42.0
80275,50.6,0.0,42.0
80276,47.13,6.45,42.0
80278,49.03,0.0,42.0
80279,52.02,1.69,42.0
80280,50.36,0.0,42.0
80281,46.75,10.0,42.0
80282,49.12,7.41,42.0
80283,44.58,0.0,42.0
80284,51.84,4.42,42.0
80285,49.23,23.33,42.0
80287,48.13,14.81,42.0
80288,50.67,0.0,42.0
80290,50.11,5.57,42.0
80291,50.88,36.67,42.0
80292,50.78,0.0,42.0
80293,50.96,8.9,42.0
80294,51.79,0.0,42.0
80295,47.15,5.56,42.0
80296,49.53,2.68,42.0
80297,47.62,33.33,42.0
80298,50.88,0.0,42.0
80299,45.59,20.0,42.0
80300,46.54,12.5,42.0
80301,48.08,7.41,42.0
80302,51.78,11.11,42.0
80303,49.42,6.5,42.0
80304,46.15,7.69,42.0
80305,50.85,28.18,42.0
80306,46.32,8.33,42.0
80307,48.72,0.0,42.0
80308,51.62,4.88,42.0
80310,49.78,3.23,42.0
80311,49.65,6.67,42.0
80312,49.21,8.33,42.0
80313,51.1,9.09,42.0
80314,46.84,35.29,42.0
80315,47.86,17.86,42.0
80316,50.67,18.04,42.0
80317,52.36,6.9,42.0
80318,50.43,4.71,42.0
80319,52.5,20.59,42.0
80320,46.98,10.53,42.0
80321,53.52,7.14,42.0
80322,48.81,0.0,42.0
80324,52.14,0.0,42.0
80325,45.1,0.0,42.0
80326,51.02,25.0,42.0
80327,49.39,0.0,42.0
80328,49.9,2.17,42.0
80329,50.91,11.11,42.0
80330,51.22,0.0,42.0
80331,51.1,20.69,42.0
80332,49.77,3.2,42.0
80333,53.54,6.25,42.0
80334,54.08,0.0,42.0
80335,49.4,4.17,42.0
80336,45.57,12.5,42.0
80337,52.78,10.0,42.0
80338,53.83,9.76,42.0
80339,48.05,7.69,42.0
80340,47.95,0.0,42.0
80341,50.1,7.44,42.0
80342,46.31,13.46,42.0
80343,48.36,4.76,42.0
80344,49.45,16.67,42.0
80345,50.44,4.17,42.0
80346,40.12,6.25,42.0
80347,49.69,0.0,42.0
80348,45.36,0.0,42.0
80349,49.61,0.0,42.0
80350,51.71,14.29,42.0
80351,49.36,20.69,42.0
80352,50.32,6.67,42.0
80353,52.87,0.0,42.0
80354,48.04,5.0,42.0
80355,48.08,0.0,42.0
80356,45.65,14.29,42.0
80357,48.7,0.0,42.0
80358,54.01,6.67,42.0
80359,48.79,10.71,42.0
80360,52.33,3.16,42.0
80361,50.0,28.57,42.0
80362,47.9,0.0,42.0
80364,47.8,7.25,42.0
80365,49.16,5.26,42.0
80366,48.71,4.88,42.0
80367,50.57,6.25,42.0
80368,53.25,4.76,42.0
80369,49.38,13.64,42.0
80371,40.82,0.0,42.0
80372,51.61,18.18,42.0
80373,53.8,1.64,42.0
80374,48.87,18.52,42.0
80375,49.75,9.75,42.0
80376,49.92,19.72,42.0
80377,47.89,13.54,42.0
80378,44.12,0.0,42.0
80379,50.21,32.45,42.0
80380,49.87,5.26,42.0
80381,39.47,0.0,42.0
80383,47.52,25.0,42.0
80384,48.59,0.0,42.0
80385,50.0,13.51,42.0
80386,45.81,5.0,42.0
80387,50.62,9.68,42.0
80388,52.38,13.04,42.0
80390,50.24,7.5,42.0
80391,51.65,0.0,42.0
80392,51.61,2.08,42.0
80393,49.86,0.0,42.0
80395,45.51,6.67,42.0
80396,47.27,9.68,42.0
80397,51.43,16.67,42.0
80399,52.15,28.13,42.0
80400,45.89,10.01,42.0
80401,46.83,7.69,42.0
80402,56.64,0.0,42.0
80403,49.69,5.26,42.0
80404,45.52,0.0,42.0
80405,49.14,11.11,42.0
80406,50.97,5.5,42.0
80407,55.32,23.08,42.0
80408,46.54,3.07,42.0
80409,48.37,4.55,42.0
80410,53.56,4.17,42.0
80411,49.6,3.7,42.0
80412,52.94,8.2,42.0
80413,47.92,0.0,42.0
80414,48.62,40.0,42.0
80415,52.28,7.04,42.0
80416,51.71,7.62,42.0
80417,51.62,4.23,42.0
80418,47.62,0.0,42.0
80420,47.02,11.11,42.0
80421,49.08,2.94,42.0
80422,50.82,12.28,42.0
80423,45.94,9.59,42.0
80424,51.2,38.46,42.0
80425,51.35,7.69,42.0
80426,50.1,20.12,42.0
80427,46.77,2.78,42.0
80428,50.75,0.0,42.0
80429,47.15,0.0,42.0
80430,53.4,0.0,42.0
80431,48.81,11.19,42.0
80432,50.0,7.14,42.0
80433,57.89,0.0,42.0
80434,54.89,4.76,42.0
80435,48.89,20.0,42.0
80436,48.56,6.08,42.0
80437,50.0,0.0,42.0
80438,50.83,5.88,42.0
80439,51.79,0.0,42.0
80440,51.97,0.0,42.0
80442,50.94,0.81,42.0
80443,50.18,2.92,42.0
80444,50.51,6.25,42.0
80445,55.34,0.0,42.0
80446,47.6,13.89,42.0
80449,49.23,0.0,42.0
80450,56.25,0.0,42.0
80451,47.06,0.0,42.0
80452,50.39,13.73,42.0
80453,49.61,0.0,42.0
80455,44.83,12.5,42.0
80456,48.56,2.04,42.0
80458,51.43,18.7,42.0
80459,50.0,22.22,42.0
80460,50.98,0.0,42.0
80461,48.47,23.81,42.0
80462,50.61,7.14,42.0
80463,50.81,8.82,42.0
80464,48.81,3.49,42.0
80465,51.04,0.0,42.0
80466,47.33,0.0,42.0
80467,50.53,4.35,42.0
80468,52.91,6.67,42.0
80469,56.79,4.35,42.0
80470,47.71,0.0,42.0
80472,50.6,0.0,42.0
80473,48.63,6.25,42.0
80474,46.82,7.89,42.0
80475,46.05,7.81,42.0
80476,50.3,2.86,42.0
80477,49.78,9.52,42.0
80478,51.03,0.0,42.0
80479,49.27,13.41,42.0
80480,46.02,0.0,42.0
80481,48.37,2.7,42.0
80482,55.63,0.0,42.0
80484,49.78,6.92,42.0
80485,50.23,14.29,42.0
80486,50.41,11.86,42.0
80487,51.9,6.76,42.0
80488,50.85,4.94,42.0
80489,52.18,8.45,42.0
80490,52.05,4.55,42.0
80491,52.24,0.0,42.0
80493,48.07,3.85,42.0
80494,47.76,26.67,42.0
80495,49.13,14.86,42.0
80496,49.01,23.08,42.0
80497,51.69,20.0,42.0
80498,50.7,10.77,42.0
80499,47.7,31.03,42.0
80500,48.64,14.29,42.0
80501,52.33,4.35,42.0
80502,48.98,0.0,42.0
80503,51.61,27.27,42.0
80504,55.22,0.0,42.0
80505,50.17,0.0,42.0
80507,50.74,12.5,42.0
80508,43.14,33.33,42.0
80509,50.33,2.27,42.0
80511,46.77,22.22,42.0
80512,50.19,5.89,42.0
80513,49.44,6.25,42.0
80514,47.2,9.09,42.0
80515,47.95,8.33,42.0
80516,49.47,0.0,42.0
80517,48.13,14.29,42.0
80518,51.72,0.0,42.0
80519,48.63,0.0,42.0
80520,50.0,0.0,42.0
80521,52.61,10.53,42.0
80522,46.73,9.09,42.0
80523,48.67,7.65,42.0
80524,50.64,4.26,42.0
80525,48.6,7.69,42.0
80526,51.61,5.38,42.0
80527,50.14,11.73,42.0
80529,48.04,11.11,42.0
80530,49.99,10.0,42.0
80531,46.79,0.0,42.0
80533,54.0,5.99,42.0
80535,43.79,5.56,42.0
80536,48.41,10.5,42.0
80537,44.83,0.0,42.0
80538,49.53,22.22,42.0
80540,48.7,4.55,42.0
80541,52.07,0.0,42.0
80542,51.28,4.65,42.0
80543,50.82,9.09,42.0
80544,51.09,5.26,42.0
80545,48.74,9.21,42.0
80546,51.35,5.36,42.0
80547,48.0,0.0,42.0
80548,53.49,0.0,42.0
80549,50.17,5.97,42.0
80550,47.69,13.33,42.0
80552,50.75,2.09,42.0
80553,49.28,8.33,42.0
80554,50.76,12.99,42.0
80555,48.43,12.24,42.0
80556,50.0,12.5,42.0
80557,50.0,5.42,42.0
80558,50.46,10.71,42.0
80559,50.0,11.11,42.0
80560,47.47,4.17,42.0
80561,53.43,6.87,42.0
80562,46.86,35.0,42.0
80563,50.0,0.0,42.0
80565,46.51,27.27,42.0
80566,50.74,11.21,42.0
80568,51.84,6.45,42.0
80569,48.35,5.88,42.0
80570,51.69,6.36,42.0
80571,50.39,12.24,42.0
80572,49.73,12.9,42.0
80573,46.54,5.13,42.0
80574,50.0,0.0,42.0
80575,57.5,0.0,42.0
80576,49.9,3.85,42.0
80577,51.52,17.65,42.0
80578,50.94,6.1,42.0
80579,52.15,7.69,42.0
80580,52.08,0.0,42.0
80582,51.29,15.22,42.0
80583,48.37,20.0,42.0
80584,50.5,11.11,42.0
80585,53.17,7.03,42.0
80586,49.42,6.25,42.0
80587,43.4,0.0,42.0
80588,52.75,6.45,42.0
80589,46.23,0.0,42.0
80590,48.14,7.41,42.0
80591,49.31,6.25,42.0
80592,48.53,2.44,42.0
80593,50.51,7.14,42.0
80595,48.89,18.52,42.0
80596,50.47,4.55,42.0
80597,50.24,1.25,42.0
80598,50.87,5.42,42.0
80599,46.84,0.0,42.0
80600,50.69,1.44,42.0
80601,50.43,8.57,42.0
80602,50.41,0.0,42.0
80603,52.81,4.35,42.0
80604,51.25,0.0,42.0
80605,47.4,8.0,42.0
80606,54.04,6.83,42.0
80607,51.89,0.0,42.0
80609,50.29,8.1,42.0
80611,50.82,7.95,42.0
80613,54.25,12.07,42.0
80614,48.58,10.0,42.0
80615,51.28,15.22,42.0
80616,48.47,5.56,42.0
80617,47.03,15.38,42.0
80618,51.33,5.15,42.0
80619,49.59,5.19,42.0
80620,53.87,8.35,42.0
80621,49.85,1.67,42.0
80622,51.27,5.26,42.0
80623,53.03,5.19,42.0
80624,50.95,14.81,42.0
80625,50.61,9.87,42.0
80626,51.79,22.41,42.0
80627,51.81,20.9,42.0
80628,47.85,1.49,42.0
80629,49.07,33.33,42.0
80630,51.16,6.93,42.0
80631,49.61,10.0,42.0
80632,52.79,21.91,42.0
80633,46.88,7.02,42.0
80634,50.06,8.26,42.0
80635,50.52,2.28,42.0
80637,52.99,9.38,42.0
80638,49.09,0.0,42.0
80639,48.47,20.4,42.0
80640,49.62,8.33,42.0
80642,48.79,0.0,42.0
80643,52.54,20.41,42.0
80644,50.39,3.28,42.0
80645,48.59,10.21,42.0
80646,50.63,11.11,42.0
80647,46.59,0.0,42.0
80648,46.83,0.0,42.0
80649,49.77,5.24,42.0
80650,49.11,12.16,42.0
80651,51.15,0.0,42.0
80652,46.9,7.45,42.0
80654,49.14,16.12,42.0
80655,47.33,15.84,42.0
80656,50.28,4.34,42.0
80657,52.1,9.38,42.0
80658,47.22,0.0,42.0
80659,54.94,12.58,42.0
80661,52.07,18.27,42.0
80662,50.38,16.0,42.0
80663,48.13,6.06,42.0
80664,47.34,0.0,42.0
80665,50.34,18.18,42.0
80666,50.0,0.0,42.0
80667,41.91,21.05,42.0
80668,48.71,16.67,42.0
80669,48.47,5.62,42.0
80670,50.31,14.29,42.0
80671,46.15,0.0,42.0
80672,51.29,16.35,42.0
80673,49.18,0.0,42.0
80674,52.7,18.13,42.0
80675,47.55,14.29,42.0
80676,56.29,6.67,42.0
80677,50.98,6.43,42.0
80678,49.72,9.49,42.0
80679,50.17,6.98,42.0
80680,50.93,5.3,42.0
80681,48.39,0.0,42.0
80682,48.83,5.0,42.0
80683,52.0,11.11,42.0
80684,55.45,9.09,42.0
80685,51.91,5.36,42.0
80686,48.9,14.93,42.0
80687,52.63,15.38,42.0
80688,53.74,7.22,42.0
80690,50.23,24.56,42.0
80691,51.17,0.0,42.0
80692,50.4,4.07,42.0
80693,49.02,13.77,42.0
80694,48.86,15.15,42.0
80695,50.02,7.14,42.0
80696,51.54,35.79,42.0
80697,47.06,0.0,42.0
80698,52.49,15.0,42.0
80699,43.1,0.0,42.0
80700,50.61,2.37,42.0
80701,51.32,24.63,42.0
80702,51.66,39.48,42.0
80703,48.4,0.0,42.0
80704,51.03,13.56,42.0
80705,47.56,0.0,42.0
80706,50.19,6.55,42.0
80707,50.6,12.5,42.0
80708,53.5,0.0,42.0
80709,51.43,5.0,42.0
80710,49.45,10.65,42.0
80711,50.5,1.21,42.0
80713,48.67,9.52,42.0
80714,52.09,7.26,42.0
80716,52.05,8.33,42.0
80717,49.98,18.09,42.0
80718,50.69,12.69,42.0
80719,48.08,0.0,42.0
80721,53.82,14.29,42.0
80722,52.38,13.19,42.0
80723,49.4,13.64,42.0
80724,52.6,19.48,42.0
80725,52.55,25.6,42.0
80726,49.0,16.0,42.0
80728,52.0,0.0,42.0
80729,51.41,0.0,42.0
80730,50.85,24.32,42.0
80732,51.6,0.0,42.0
80733,51.73,0.0,42.0
80734,50.68,8.33,42.0
80735,54.55,18.75,42.0
80736,49.79,5.88,42.0
80737,48.45,0.0,42.0
80738,46.83,0.0,42.0
80740,47.63,14.81,42.0
80741,50.82,0.0,42.0
80742,54.55,20.0,42.0
80743,53.68,7.14,42.0
80744,55.17,0.0,42.0
80746,49.26,7.96,42.0
80747,48.53,0.0,42.0
80748,48.96,4.76,42.0
80749,49.84,10.71,42.0
80750,45.58,11.11,42.0
80751,49.31,12.5,42.0
80752,51.11,14.86,42.0
80753,44.35,18.18,42.0
80754,50.26,10.26,42.0
80755,48.57,13.33,42.0
80756,55.56,0.0,42.0
80757,54.36,0.0,42.0
80758,53.66,0.0,42.0
80759,50.5,7.41,42.0
80760,47.18,6.33,42.0
80762,48.96,5.26,42.0
80763,50.91,9.68,42.0
80764,47.98,3.7,42.0
80765,49.77,10.96,42.0
80766,49.79,10.18,42.0
80767,50.43,5.88,42.0
80769,53.12,5.56,42.0
80770,45.84,0.0,42.0
80771,43.33,16.67,42.0
80773,46.24,7.69,42.0
80774,51.66,13.33,42.0
80775,48.93,7.27,42.0
80776,50.92,9.09,42.0
80777,53.96,22.22,42.0
80778,46.28,7.69,42.0
80779,50.06,6.94,42.0
80780,52.56,5.53,42.0
80781,46.65,10.95,42.0
80782,50.47,13.89,42.0
80783,47.56,0.0,42.0
80784,51.1,16.0,42.0
80785,52.33,14.22,42.0
80786,53.19,0.0,42.0
80787,52.04,0.0,42.0
80788,47.98,12.5,42.0
80789,49.66,5.56,42.0
80790,49.42,0.0,42.0
80791,51.97,20.29,42.0
80792,48.76,14.81,42.0
80793,51.02,10.95,42.0
80794,53.19,0.0,42.0
80795,51.23,5.12,42.0
80796,45.6,0.0,42.0
80797,50.0,0.0,42.0
80798,51.43,13.36,42.0
80799,51.8,9.2,42.0
80800,49.64,7.69,42.0
80801,50.81,3.64,42.0
80802,50.39,3.85,42.0
80803,49.59,3.85,42.0
80804,50.94,15.0,42.0
80805,50.62,0.0,42.0
80806,48.65,5.63,42.0
80807,48.77,4.76,42.0
80808,49.77,5.01,42.0
80809,49.2,6.47,42.0
80810,48.89,16.67,42.0
80811,48.57,0.0,42.0
80812,43.18,6.67,42.0
80813,47.37,0.0,42.0
80814,49.87,9.55,42.0
80815,49.33,10.96,42.0
80819,51.19,0.0,42.0
80820,54.83,5.88,42.0
80821,46.36,0.0,42.0
80822,48.2,0.0,42.0
80823,44.44,6.25,42.0
80824,48.81,8.33,42.0
80825,45.54,0.0,42.0
80826,48.84,4.41,42.0
80827,51.78,7.84,42.0
80828,51.06,0.0,42.0
80829,54.02,0.0,42.0
80832,51.65,0.0,42.0
80833,49.25,0.0,42.0
80834,49.93,7.65,42.0
80835,49.68,13.51,42.0
80836,49.17,20.0,42.0
81001,51.87,22.22,42.0
81002,50.75,7.46,42.0
81003,50.65,2.53,42.0
81004,53.91,15.5,42.0
81005,48.46,4.5,42.0
81006,47.09,35.29,42.0
81007,49.47,14.29,42.0
81008,50.51,17.39,42.0
81009,45.9,0.0,42.0
81010,46.9,4.66,42.0
81011,52.87,14.06,42.0
81012,48.09,9.09,42.0
81013,50.14,6.45,42.0
81014,51.45,5.88,42.0
81015,54.55,0.0,42.0
81016,50.17,14.29,42.0
81017,47.66,6.67,42.0
81018,50.87,9.21,42.0
81019,47.68,8.33,42.0
81020,47.37,11.54,42.0
81021,52.97,7.9,42.0
81022,50.24,35.29,42.0
81023,47.0,0.0,42.0
81024,46.28,16.67,42.0
81025,47.69,42.31,42.0
81026,49.11,9.68,42.0
81027,50.63,4.76,42.0
81028,48.74,0.0,42.0
81029,48.66,0.0,42.0
81030,46.85,13.89,42.0
81031,49.5,1.0,42.0
81032,51.59,8.91,42.0
81033,51.92,3.26,42.0
81034,49.76,11.11,42.0
81035,48.62,5.56,42.0
81036,50.11,7.77,42.0
81037,49.78,5.33,42.0
81038,52.03,15.42,42.0
81039,51.23,7.59,42.0
81040,52.39,4.76,42.0
81041,45.28,0.0,42.0
81042,49.82,7.11,42.0
81043,51.1,10.0,42.0
81044,49.44,20.69,42.0
81045,50.39,12.57,42.0
81046,52.35,10.71,42.0
81047,46.84,5.88,42.0
81048,52.82,5.09,42.0
81049,54.63,5.0,42.0
81050,47.54,22.58,42.0
81051,50.02,11.83,42.0
81052,49.18,14.16,42.0
81053,49.11,7.69,42.0
81054,49.58,7.61,42.0
81055,51.51,6.9,42.0
81056,50.94,7.14,42.0
81058,52.36,11.11,42.0
81059,49.24,21.09,42.0
81060,53.22,5.96,42.0
81061,52.36,15.79,42.0
81062,47.52,8.24,42.0
81063,52.63,9.38,42.0
81064,50.92,12.62,42.0
81065,52.06,12.83,42.0
81066,48.61,3.23,42.0
81067,51.67,9.72,42.0
81068,48.73,14.29,42.0
81069,56.17,16.9,42.0
81070,50.09,13.41,42.0
81071,51.9,22.22,42.0
81072,49.5,0.0,42.0
81073,48.35,11.76,42.0
81074,49.51,11.11,42.0
81075,50.38,6.52,42.0
81076,48.19,14.19,42.0
81077,51.23,18.92,42.0
81078,47.7,7.07,42.0
81079,50.3,13.58,42.0
81080,49.25,0.0,42.0
81081,53.7,7.1,42.0
81082,45.69,0.0,42.0
81083,49.29,27.78,42.0
81084,51.18,8.44,42.0
81085,46.67,0.0,42.0
81086,47.99,12.44,42.0
81087,48.49,13.33,42.0
81088,47.85,9.09,42.0
81089,53.38,10.0,42.0
81090,51.5,8.0,42.0
81092,51.61,11.96,42.0
81093,46.62,18.18,42.0
81094,54.44,0.0,42.0
81095,55.71,0.0,42.0
81096,48.19,4.99,42.0
81097,51.55,12.02,42.0
81098,49.64,10.94,42.0
81099,53.21,11.32,42.0
81100,50.56,19.95,42.0
81101,51.63,8.41,42.0
81102,51.74,26.67,42.0
81103,44.35,0.0,42.0
81104,50.69,14.58,42.0
81105,52.57,6.73,42.0
81106,50.42,9.07,42.0
81108,46.02,18.18,42.0
81109,53.34,8.12,42.0
81110,47.0,0.0,42.0
81111,51.95,0.0,42.0
81112,51.26,11.88,42.0
81114,51.79,6.67,42.0
81115,50.26,4.44,42.0
81116,51.35,12.57,42.0
81117,49.23,6.78,42.0
81118,50.0,8.33,42.0
81119,52.71,6.9,42.0
81120,52.15,7.58,42.0
81121,48.26,0.0,42.0
81122,53.62,20.0,42.0
81123,47.31,0.0,42.0
81124,50.61,3.89,42.0
81125,49.26,5.41,42.0
81126,47.54,6.67,42.0
81127,46.25,25.0,42.0
81128,50.94,3.24,42.0
81129,46.92,0.0,42.0
81130,53.16,10.56,42.0
81131,51.97,11.54,42.0
81132,53.81,9.4,42.0
81133,46.29,18.6,42.0
81134,48.28,25.0,42.0
81135,45.56,0.0,42.0
81136,46.11,15.38,42.0
81137,44.83,0.0,42.0
81138,49.08,0.0,42.0
81139,50.92,8.22,42.0
81140,53.09,15.21,42.0
81141,45.45,7.69,42.0
81142,49.63,7.41,42.0
81143,49.5,7.09,42.0
81144,51.14,9.75,42.0
81145,51.63,13.64,42.0
81146,49.38,10.0,42.0
81147,51.28,5.5,42.0
81148,53.19,0.0,42.0
81149,49.55,11.18,42.0
81150,49.56,19.49,42.0
81151,46.02,6.67,42.0
81152,48.13,20.69,42.0
81154,55.26,0.0,42.0
81156,52.12,13.75,42.0
81157,50.75,15.49,42.0
81158,45.93,0.0,42.0
81159,52.86,20.57,42.0
81160,50.82,20.18,42.0
81161,48.21,0.0,42.0
81162,52.35,13.04,42.0
81163,53.59,8.73,42.0
81164,49.72,22.0,42.0
81165,49.61,4.76,42.0
81166,51.06,0.0,42.0
81167,46.73,0.0,42.0
81168,50.65,6.79,42.0
81169,43.88,0.0,42.0
81170,51.84,2.27,42.0
81171,48.39,5.58,42.0
81172,51.92,0.0,42.0
81173,47.05,26.67,42.0
81174,50.9,11.29,42.0
81175,51.02,10.53,42.0
81176,51.92,0.0,42.0
81177,50.21,23.91,42.0
81178,48.3,12.5,42.0
81179,46.83,16.0,42.0
81180,46.62,27.78,42.0
81181,47.49,6.25,42.0
81182,49.38,4.97,42.0
81183,49.26,0.0,42.0
81184,45.45,0.0,42.0
81185,49.79,4.55,42.0
81186,46.88,0.0,42.0
81187,51.15,13.04,42.0
81188,49.61,3.7,42.0
81189,42.34,38.46,42.0
81190,49.19,7.41,42.0
81191,52.69,19.23,42.0
81192,48.45,6.17,42.0
81193,45.24,12.0,42.0
81195,50.72,14.06,42.0
81196,48.67,6.1,42.0
81197,50.0,16.67,42.0
81198,48.67,8.94,42.0
81199,48.7,0.0,42.0
81200,50.97,15.0,42.0
81201,51.41,15.94,42.0
81202,48.98,13.0,42.0
81203,48.42,10.42,42.0
81204,51.58,7.69,42.0
81205,49.73,0.0,42.0
81206,48.32,17.74,42.0
81207,41.16,0.0,42.0
81208,50.45,17.24,42.0
81209,51.14,10.94,42.0
81210,49.49,9.09,42.0
81211,50.81,12.28,42.0
81212,48.0,25.0,42.0
81213,42.7,14.29,42.0
81214,48.25,37.5,42.0
81215,51.58,12.99,42.0
81216,46.67,4.76,42.0
81217,47.55,21.38,42.0
81218,51.76,16.25,42.0
81219,51.04,11.41,42.0
81220,51.65,19.13,42.0
81221,48.95,0.0,42.0
81222,52.86,6.48,42.0
81223,46.03,33.33,42.0
81224,49.0,0.0,42.0
81225,51.36,13.43,42.0
81227,50.71,4.66,42.0
81228,49.66,21.28,42.0
81229,46.92,16.67,42.0
81230,49.47,5.84,42.0
81231,48.29,4.0,42.0
81232,49.92,15.09,42.0
81233,48.98,9.46,42.0
81234,46.15,33.33,42.0
81235,49.2,7.69,42.0
81236,51.91,20.83,42.0
81237,46.67,38.46,42.0
81238,51.28,7.56,42.0
81239,48.88,3.9,42.0
81240,49.51,8.33,42.0
81242,51.97,4.76,42.0
81243,53.49,18.18,42.0
81244,53.76,5.14,42.0
81245,45.26,14.9,42.0
81246,48.41,15.38,42.0
81247,49.11,5.56,42.0
81248,49.03,17.67,42.0
81249,49.53,3.66,42.0
81250,50.35,12.5,42.0
81251,48.48,7.89,42.0
81252,46.9,5.56,42.0
81253,46.64,5.88,42.0
81254,50.79,6.48,42.0
81255,49.02,20.83,42.0
81256,51.19,14.29,42.0
81257,53.12,7.24,42.0
81258,49.18,8.7,42.0
81259,50.67,4.76,42.0
81261,48.6,17.24,42.0
81262,46.13,23.53,42.0
81263,52.48,12.5,42.0
81264,50.0,0.0,42.0
81265,46.15,0.0,42.0
81266,52.57,10.96,42.0
81267,52.83,2.33,42.0
81268,50.0,0.0,42.0
81269,50.01,0.0,42.0
81270,49.1,17.65,42.0
81271,51.51,19.02,42.0
81272,50.63,5.26,42.0
81273,51.65,5.76,42.0
81274,47.92,22.22,42.0
81275,50.76,11.11,42.0
81276,50.0,17.37,42.0
81277,48.67,5.66,42.0
81278,45.7,0.0,42.0
81279,50.59,4.17,42.0
81280,50.96,5.26,42.0
81281,50.85,8.58,42.0
81282,46.15,0.0,42.0
81283,49.25,14.43,42.0
81284,54.47,7.56,42.0
81285,52.96,11.11,42.0
81286,55.39,11.25,42.0
81287,46.65,16.67,42.0
81288,51.92,11.27,42.0
81289,51.49,8.33,42.0
81290,50.86,0.0,42.0
81291,47.76,4.08,42.0
81292,51.2,2.13,42.0
81293,46.3,3.45,42.0
81294,49.68,10.47,42.0
81295,47.4,6.52,42.0
81297,51.67,16.07,42.0
81298,50.15,22.43,42.0
81299,49.99,14.29,42.0
81300,49.06,0.0,42.0
81302,51.79,12.5,42.0
81303,52.8,7.45,42.0
81304,52.5,18.75,42.0
81305,48.27,8.33,42.0
81306,51.65,7.26,42.0
81307,49.83,6.85,42.0
81308,54.05,4.09,42.0
81309,47.58,26.92,42.0
81310,51.03,9.09,42.0
81311,49.73,4.54,42.0
81312,50.54,7.46,42.0
81313,52.41,16.67,42.0
81314,49.67,7.69,42.0
81315,50.82,15.56,42.0
81316,50.2,4.76,42.0
81317,51.01,6.86,42.0
81318,49.29,10.0,42.0
81319,49.86,9.35,42.0
81320,53.46,0.0,42.0
81321,48.35,25.0,42.0
81322,47.57,4.76,42.0
81323,51.13,5.56,42.0
81324,47.17,16.67,42.0
81325,49.85,7.69,42.0
81326,49.41,11.43,42.0
82001,48.98,5.45,42.0
82002,51.59,7.45,42.0
82003,53.36,3.85,42.0
82004,50.0,8.33,42.0
82005,49.0,10.34,42.0
82006,44.62,12.5,42.0
82007,47.86,14.29,42.0
82008,51.37,14.92,42.0
82009,56.1,0.0,42.0
82010,52.02,0.0,42.0
82011,49.62,5.32,42.0
82012,47.0,4.21,42.0
82013,52.22,5.93,42.0
82014,49.64,10.53,42.0
82015,47.5,7.69,42.0
82016,53.62,21.43,42.0
82017,49.21,12.08,42.0
82018,51.11,15.28,42.0
82019,49.91,9.86,42.0
82020,47.71,10.66,42.0
82021,52.33,5.0,42.0
82022,51.73,3.23,42.0
82023,51.48,4.08,42.0
82024,49.91,10.53,42.0
82025,50.48,13.98,42.0
82026,50.08,13.24,42.0
82027,50.4,13.59,42.0
82028,48.2,11.39,42.0
82029,49.32,15.0,42.0
82030,49.39,11.63,42.0
82031,50.46,6.36,42.0
82032,48.24,4.05,42.0
82033,50.73,6.51,42.0
82034,55.81,0.0,42.0
82035,52.03,6.48,42.0
82036,52.67,7.14,42.0
82037,53.31,9.44,42.0
82038,50.27,7.43,42.0
82039,47.26,11.59,42.0
82040,48.58,3.13,42.0
82041,50.62,0.0,42.0
82042,51.14,5.95,42.0
82043,48.51,10.0,42.0
82044,51.15,17.09,42.0
82045,47.83,12.9,42.0
82046,47.13,0.0,42.0
82047,47.06,0.0,42.0
82048,50.1,14.45,42.0
82049,50.37,6.67,42.0
82050,51.7,10.91,42.0
82051,48.33,9.59,42.0
82052,51.19,14.34,42.0
82053,52.28,7.41,42.0
82054,52.21,6.9,42.0
82055,51.17,27.27,42.0
82056,44.76,12.5,42.0
82057,51.05,7.8,42.0
82058,50.44,0.0,42.0
82059,48.26,4.76,42.0
82060,50.52,9.09,42.0
82061,50.58,22.22,42.0
82062,51.25,9.4,42.0
82063,49.0,5.66,42.0
82064,45.6,11.11,42.0
82065,48.97,11.14,42.0
82066,47.58,7.41,42.0
82067,47.66,0.0,42.0
82068,45.41,0.0,42.0
82069,44.71,21.48,42.0
82070,52.94,14.29,42.0
82071,54.05,25.0,42.0
82072,49.21,5.83,42.0
82073,49.79,7.45,42.0
82074,51.13,13.33,42.0
82075,50.52,16.88,42.0
82076,50.31,7.91,42.0
82077,46.34,0.0,42.0
82078,48.0,11.11,42.0
82079,51.11,6.94,42.0
82080,50.67,4.08,42.0
82081,45.06,5.88,42.0
82082,47.24,19.05,42.0
82083,46.61,0.0,42.0
82084,51.46,0.0,42.0
82085,48.1,10.26,42.0
82086,51.49,7.69,42.0
82087,52.32,9.96,42.0
82088,51.76,9.76,42.0
82089,53.59,6.0,42.0
82090,49.14,9.27,42.0
82091,52.38,0.0,42.0
82092,48.73,3.57,42.0
82093,53.68,6.9,42.0
82094,52.42,9.02,42.0
82095,48.39,4.55,42.0
82096,50.33,8.1,42.0
82097,51.68,4.5,42.0
82098,49.54,17.6,42.0
82099,47.53,2.12,42.0
82100,51.59,6.25,42.0
82101,50.98,13.38,42.0
82102,51.29,5.88,42.0
82103,48.0,16.67,42.0
82104,51.61,5.95,42.0
82105,50.37,7.73,42.0
82106,50.62,12.5,42.0
82107,52.94,0.0,42.0
82108,50.07,5.51,42.0
82109,49.5,5.88,42.0
82110,51.85,6.38,42.0
82111,49.04,3.33,42.0
82112,51.44,8.22,42.0
82113,50.55,4.95,42.0
82114,51.98,8.82,42.0
82115,50.47,8.67,42.0
82116,48.7,0.0,42.0
82117,50.25,9.43,42.0
82118,54.0,20.0,42.0
82119,48.74,7.25,42.0
82120,48.47,7.41,42.0
82121,51.75,13.25,42.0
82122,52.41,14.29,42.0
82123,51.01,12.32,42.0
82124,52.74,9.6,42.0
82125,51.72,7.55,42.0
82126,51.93,9.12,42.0
82127,49.22,5.48,42.0
82128,45.95,20.0,42.0
82129,47.14,0.0,42.0
82130,50.0,7.69,42.0
82131,52.17,8.59,42.0
82132,49.58,4.33,42.0
82133,53.33,0.0,42.0
82134,52.53,6.33,42.0
82135,49.75,12.21,42.0
82136,50.61,8.88,42.0
82137,48.35,14.02,42.0
82138,53.7,5.88,42.0
82139,48.65,16.67,42.0
82140,46.94,13.04,42.0
82141,50.21,6.62,42.0
82142,48.84,11.89,42.0
82143,51.76,12.5,42.0
82144,50.36,8.96,42.0
82145,49.59,5.64,42.0
82146,50.0,0.0,42.0
82147,52.08,8.33,42.0
82148,49.77,7.27,42.0
82149,49.4,8.18,42.0
82150,49.55,16.63,42.0
82151,49.88,3.03,42.0
82152,53.53,13.16,42.0
82153,50.2,5.56,42.0
82154,47.52,0.0,42.0
82155,51.1,12.82,42.0
82156,48.28,0.0,42.0
82157,49.56,16.67,42.0
82158,50.9,6.25,42.0
82159,49.19,8.51,42.0
82160,50.2,8.33,42.0
82161,50.96,7.52,42.0
82162,47.79,7.41,42.0
82163,54.72,66.67,42.0
82164,51.85,22.22,42.0
82165,51.2,4.44,42.0
82166,50.59,3.85,42.0
82167,50.47,8.77,42.0
82168,47.95,8.05,42.0
82169,50.59,10.22,42.0
82170,50.61,3.61,42.0
82171,49.4,10.0,42.0
82172,50.47,8.7,42.0
82173,48.68,4.35,42.0
82174,49.63,17.39,42.0
82175,51.96,25.0,42.0
82176,47.88,21.25,42.0
82177,50.0,5.88,42.0
82178,48.7,15.19,42.0
82179,53.12,5.49,42.0
82180,46.54,1.89,42.0
82181,49.77,13.33,42.0
82182,49.48,0.0,42.0
82183,49.87,0.0,42.0
82184,50.31,5.48,42.0
82185,49.6,8.33,42.0
82186,52.58,8.04,42.0
82187,51.43,9.36,42.0
82188,48.59,7.82,42.0
82189,50.87,15.37,42.0
82190,50.74,16.08,42.0
82191,51.93,0.0,42.0
82192,49.04,10.81,42.0
82193,47.32,6.67,42.0
82194,54.11,8.14,42.0
82195,50.24,5.48,42.0
83001,51.6,18.83,42.0
83002,48.72,0.0,42.0
83003,48.56,16.37,42.0
83004,51.76,9.12,42.0
83005,46.93,8.7,42.0
83006,48.82,9.09,42.0
83007,52.54,11.86,42.0
83008,50.33,12.05,42.0
83009,54.16,15.38,42.0
83010,48.32,4.76,42.0
83011,50.14,12.82,42.0
83012,51.36,10.0,42.0
83013,43.6,10.53,42.0
83014,50.08,6.25,42.0
83015,46.38,9.31,42.0
83016,52.53,17.01,42.0
83017,49.73,12.93,42.0
83018,49.41,12.54,42.0
83019,51.49,10.11,42.0
83021,49.86,13.03,42.0
83022,48.0,0.0,42.0
83023,51.4,8.91,42.0
83025,48.97,12.69,42.0
83026,48.76,6.55,42.0
83027,50.86,17.04,42.0
83028,49.58,7.0,42.0
83029,51.11,17.24,42.0
83030,51.35,13.67,42.0
83031,49.64,9.35,42.0
83032,52.89,11.13,42.0
83033,51.12,11.3,42.0
83034,52.84,18.01,42.0
83035,51.05,19.26,42.0
83036,52.62,9.9,42.0
83037,51.97,6.84,42.0
83038,45.66,6.53,42.0
83039,48.97,31.58,42.0
83040,49.37,0.0,42.0
83041,49.61,9.66,42.0
83042,50.07,5.63,42.0
83043,51.09,4.23,42.0
83044,47.55,8.01,42.0
83045,53.42,2.44,42.0
83046,50.72,13.41,42.0
83047,51.21,12.91,42.0
83048,52.21,10.73,42.0
83049,51.04,11.94,42.0
83050,51.56,10.97,42.0
83051,50.18,9.41,42.0
83052,46.89,4.0,42.0
83053,49.12,21.12,42.0
83054,48.62,12.55,42.0
83055,51.07,13.71,42.0
83056,51.53,6.83,42.0
83057,50.84,11.23,42.0
83058,51.32,15.66,42.0
83059,51.0,8.44,42.0
83060,48.9,4.76,42.0
83061,52.22,10.48,42.0
83062,53.95,14.18,42.0
83063,50.9,12.85,42.0
83064,51.66,11.65,42.0
83065,52.17,10.65,42.0
83066,49.07,11.11,42.0
83067,50.15,5.34,42.0
83068,51.15,12.55,42.0
83069,52.91,12.29,42.0
83070,54.01,7.62,42.0
83071,52.29,8.73,42.0
83072,52.09,12.32,42.0
83073,51.31,8.94,42.0
83074,50.23,4.17,42.0
83075,50.27,6.77,42.0
83076,48.39,7.33,42.0
83077,49.31,12.95,42.0
83078,47.57,0.0,42.0
83079,50.89,9.97,42.0
83080,48.07,12.33,42.0
83081,50.14,16.82,42.0
83082,30.7,5.6,42.0
83083,51.39,14.27,42.0
83084,50.59,9.8,42.0
83085,51.25,13.45,42.0
83086,50.5,7.49,42.0
83087,51.99,15.36,42.0
83088,49.66,14.28,42.0
83089,49.26,15.25,42.0
83090,51.0,15.12,42.0
83091,50.42,10.7,42.0
83092,50.91,8.18,42.0
83093,50.68,18.09,42.0
83094,50.64,12.63,42.0
83095,50.67,17.81,42.0
83096,50.64,13.58,42.0
83097,50.93,21.35,42.0
83098,53.36,18.24,42.0
83099,52.29,7.45,42.0
83100,50.81,8.14,42.0
83101,52.41,8.76,42.0
83102,49.69,7.14,42.0
83103,50.26,18.54,42.0
83104,50.95,14.55,42.0
83105,49.02,0.0,42.0
83106,50.04,15.16,42.0
83107,51.51,11.31,42.0
83108,51.93,15.97,42.0
83109,50.24,12.0,42.0
83110,48.82,8.05,42.0
83111,50.92,8.74,42.0
83112,53.12,18.5,42.0
83113,49.72,16.25,42.0
83114,49.25,4.76,42.0
83115,52.57,8.49,42.0
83116,51.23,15.84,42.0
83117,51.91,9.32,42.0
83118,54.0,13.32,42.0
83119,55.19,7.76,42.0
83120,52.51,12.88,42.0
83121,53.23,10.89,42.0
83122,48.71,0.0,42.0
83123,55.17,16.27,42.0
83124,51.46,14.22,42.0
83125,51.57,11.39,42.0
83126,52.17,11.29,42.0
83127,49.74,9.89,42.0
83128,49.17,9.38,42.0
83129,54.06,14.42,42.0
83130,51.36,9.48,42.0
83131,50.86,14.57,42.0
83132,50.59,14.24,42.0
83133,50.11,11.9,42.0
83134,51.02,8.28,42.0
83135,49.98,7.46,42.0
83136,50.94,11.93,42.0
83137,52.37,13.22,42.0
83138,51.22,10.55,42.0
83139,48.43,12.81,42.0
83140,51.02,10.35,42.0
83141,51.05,11.87,42.0
83142,49.92,9.52,42.0
83143,50.51,8.63,42.0
83144,52.84,13.29,42.0
83145,51.18,8.86,42.0
83146,49.64,6.06,42.0
83147,44.44,100.0,42.0
83148,50.04,8.44,42.0
83149,52.67,9.86,42.0
83150,50.63,20.86,42.0
83151,48.19,12.08,42.0
83152,49.9,7.77,42.0
83153,52.0,8.42,42.0
83154,51.09,5.88,42.0
84001,51.73,15.9,42.0
84002,51.14,17.99,42.0
84003,53.56,7.32,42.0
84004,52.32,11.36,42.0
84005,50.26,11.76,42.0
84006,53.73,33.33,42.0
84007,53.04,14.68,42.0
84008,48.87,12.31,42.0
84009,51.06,13.84,42.0
84010,51.22,16.18,42.0
84011,45.57,41.42,42.0
84012,53.7,11.51,42.0
84013,47.39,20.0,42.0
84014,49.17,15.29,42.0
84015,49.32,3.75,42.0
84016,51.71,7.71,42.0
84017,52.5,13.03,42.0
84018,52.26,14.32,42.0
84019,51.16,7.82,42.0
84020,51.67,12.85,42.0
84021,54.65,0.0,42.0
84022,49.89,11.6,42.0
84023,41.67,9.09,42.0
84024,51.56,13.77,42.0
84025,51.13,13.46,42.0
84026,51.68,17.9,42.0
84027,52.16,14.85,42.0
84028,50.28,12.61,42.0
84029,50.45,11.67,42.0
84030,50.33,11.51,42.0
84031,53.46,7.4,42.0
84032,49.58,16.02,42.0
84033,49.12,8.33,42.0
84034,51.15,15.39,42.0
84035,51.63,8.11,42.0
84036,51.53,19.37,42.0
84037,51.75,10.14,42.0
84038,50.12,10.93,42.0
84039,50.59,10.65,42.0
84040,47.68,7.69,42.0
84041,51.74,19.05,42.0
84042,51.97,13.38,42.0
84043,51.98,10.26,42.0
84044,50.03,6.8,42.0
84045,52.2,0.0,42.0
84046,47.25,13.33,42.0
84047,52.02,8.89,42.0
84048,56.16,11.11,42.0
84049,49.03,6.6,42.0
84050,52.64,15.32,42.0
84051,51.6,10.34,42.0
84052,50.24,17.83,42.0
84053,51.01,9.03,42.0
84054,53.72,11.23,42.0
84055,50.83,21.88,42.0
84056,51.51,11.64,42.0
84057,52.16,0.0,42.0
84058,51.13,25.0,42.0
84059,46.15,0.0,42.0
84060,53.33,0.0,42.0
84061,49.06,14.31,42.0
84062,51.54,11.84,42.0
84063,49.61,0.0,42.0
84064,51.89,5.84,42.0
84065,51.95,14.04,42.0
84066,47.49,13.04,42.0
84067,51.36,7.28,42.0
84068,52.31,16.48,42.0
84069,53.48,10.74,42.0
84070,49.92,12.83,42.0
84071,50.1,11.0,42.0
84072,51.2,9.58,42.0
84073,50.57,11.84,42.0
84074,51.72,14.69,42.0
84075,50.74,11.86,42.0
84076,50.4,15.83,42.0
84077,49.37,12.2,42.0
84078,50.75,4.18,42.0
84079,50.38,19.05,42.0
84080,52.8,8.88,42.0
84081,53.46,14.87,42.0
84082,50.38,7.11,42.0
84083,50.97,10.96,42.0
84084,51.03,16.8,42.0
84085,49.43,13.16,42.0
84086,50.9,13.45,42.0
84087,52.64,9.67,42.0
84088,52.39,16.09,42.0
84089,52.24,17.5,42.0
84090,51.52,17.69,42.0
84091,51.34,10.9,42.0
84092,49.3,9.46,42.0
84093,50.79,15.91,42.0
84094,50.7,8.55,42.0
84095,50.91,17.86,42.0
84096,52.39,10.71,42.0
84097,49.61,9.16,42.0
84098,52.75,5.26,42.0
84099,52.57,11.09,42.0
84100,46.0,40.0,42.0
84101,52.28,23.17,42.0
84102,49.74,11.11,42.0
84103,53.18,19.2,42.0
84104,52.75,9.07,42.0
84105,50.87,13.87,42.0
84106,52.25,5.5,42.0
84107,24.56,1.07,42.0
84108,51.96,17.26,42.0
84109,47.31,7.14,42.0
84110,44.0,0.0,42.0
84111,49.29,10.94,42.0
84112,46.37,15.1,42.0
84113,50.28,22.97,42.0
84114,51.53,10.0,42.0
84115,49.62,14.55,42.0
84116,52.21,8.22,42.0
84117,49.54,8.39,42.0
84118,52.53,7.95,42.0
84119,51.35,17.03,42.0
84120,47.41,22.22,42.0
84121,55.4,12.5,42.0
84122,51.35,10.45,42.0
84123,49.37,6.14,42.0
84124,48.65,15.31,42.0
84125,48.15,0.0,42.0
84126,50.06,12.35,42.0
84127,51.6,8.54,42.0
84128,66.67,33.33,42.0
84129,52.01,7.3,42.0
84130,53.09,23.08,42.0
84131,51.68,20.25,42.0
84132,51.93,14.25,42.0
84133,51.76,14.29,42.0
84134,47.83,17.34,42.0
84135,49.73,19.26,42.0
84136,51.68,13.85,42.0
84137,53.79,10.96,42.0
84138,52.14,9.26,42.0
84139,51.37,8.06,42.0
84140,52.87,7.95,42.0
84141,52.82,12.12,42.0
84142,51.66,16.91,42.0
84143,56.69,4.11,42.0
84144,51.76,18.52,42.0
84145,51.41,15.73,42.0
84146,51.06,10.9,42.0
84147,50.6,19.69,42.0
84148,51.05,9.23,42.0
84149,51.0,9.27,42.0
84150,50.67,8.06,42.0
84151,50.19,13.33,42.0
85001,54.05,7.09,42.0
85002,52.08,2.16,42.0
85003,51.07,8.62,42.0
85004,53.55,1.14,42.0
85005,52.42,2.02,42.0
85006,48.65,7.32,42.0
85008,50.77,12.02,42.0
85009,50.36,6.97,42.0
85010,51.04,5.1,42.0
85011,51.66,7.56,42.0
85012,51.53,4.19,42.0
85013,47.4,4.81,42.0
85014,48.3,4.76,42.0
85015,49.19,6.6,42.0
85016,49.62,9.24,42.0
85017,50.47,5.81,42.0
85018,52.28,3.86,42.0
85019,50.47,11.64,42.0
85020,51.72,12.45,42.0
85022,50.45,4.21,42.0
85023,47.62,5.26,42.0
85024,48.98,2.69,42.0
85025,48.57,7.46,42.0
85026,49.38,8.28,42.0
85028,51.9,3.57,42.0
85029,51.08,3.83,42.0
85031,49.62,6.6,42.0
85033,50.75,4.0,42.0
85034,50.04,4.53,42.0
85035,52.35,10.82,42.0
85036,49.91,4.0,42.0
85038,50.61,7.14,42.0
85039,49.71,6.54,42.0
85040,52.09,3.49,42.0
85042,52.04,4.11,42.0
85045,50.05,2.89,42.0
85046,49.34,7.96,42.0
85047,52.54,9.8,42.0
85049,49.89,4.76,42.0
85050,51.1,1.92,42.0
85051,51.11,7.25,42.0
85054,48.2,3.57,42.0
85055,50.09,7.07,42.0
85056,48.84,15.71,42.0
85058,49.99,9.72,42.0
85059,53.61,7.89,42.0
85061,49.38,10.79,42.0
85062,49.55,4.3,42.0
85064,49.58,7.53,42.0
85065,50.13,6.02,42.0
85066,48.33,5.48,42.0
85067,48.3,1.91,42.0
85070,51.05,4.08,42.0
85071,52.06,3.45,42.0
85072,49.77,4.85,42.0
85073,48.05,6.55,42.0
85074,52.36,0.0,42.0
85076,50.29,12.26,42.0
85077,47.36,9.52,42.0
85078,50.97,2.99,42.0
85080,49.06,5.87,42.0
85081,49.64,13.53,42.0
85082,49.12,8.77,42.0
85083,50.42,6.13,42.0
85084,49.84,5.6,42.0
85086,49.4,3.16,42.0
85087,45.88,5.88,42.0
85088,51.95,8.38,42.0
85089,50.61,8.24,42.0
85090,49.58,6.23,42.0
85092,51.53,11.38,42.0
85093,50.08,4.39,42.0
85094,50.2,8.6,42.0
85095,49.62,5.61,42.0
85096,49.71,5.25,42.0
85097,49.54,6.32,42.0
85098,49.36,11.38,42.0
85099,49.49,11.15,42.0
85100,50.57,7.98,42.0
85101,48.68,4.0,42.0
85102,48.27,5.71,42.0
85103,49.1,5.83,42.0
85104,49.11,9.87,42.0
85105,46.38,0.0,42.0
85106,53.56,7.56,42.0
85108,51.37,10.56,42.0
85109,49.36,11.06,42.0
85110,52.64,8.1,42.0
85111,51.02,3.5,42.0
85112,50.03,9.45,42.0
85113,51.16,10.24,42.0
85114,53.31,11.86,42.0
85115,48.28,6.9,42.0
85116,50.31,11.11,42.0
85117,49.25,7.55,42.0
85118,50.33,8.94,42.0
85119,49.61,3.66,42.0
85120,50.05,3.25,42.0
85121,50.1,10.91,42.0
85123,54.01,16.0,42.0
85125,48.43,2.22,42.0
85126,50.37,9.84,42.0
85127,53.51,7.2,42.0
85128,53.56,8.14,42.0
85129,50.7,7.19,42.0
85130,47.16,5.52,42.0
85131,51.11,5.19,42.0
85132,49.79,1.42,42.0
85133,52.32,4.35,42.0
85134,51.12,4.24,42.0
85135,50.69,3.87,42.0
85136,54.47,16.67,42.0
85137,48.42,4.44,42.0
85138,49.44,7.64,42.0
85139,50.65,6.67,42.0
85140,50.5,1.36,42.0
85141,48.9,1.52,42.0
85142,47.43,7.76,42.0
85143,50.42,5.56,42.0
85144,48.05,5.42,42.0
85145,46.4,4.24,42.0
85146,50.03,11.68,42.0
85147,48.85,7.18,42.0
85148,49.02,7.64,42.0
85149,49.08,0.0,42.0
85151,49.91,7.71,42.0
85152,50.91,6.16,42.0
85153,49.71,7.89,42.0
85154,50.51,4.96,42.0
85155,51.5,17.32,42.0
85156,53.4,9.52,42.0
85157,51.37,10.53,42.0
85158,50.57,1.68,42.0
85159,50.51,6.63,42.0
85160,49.89,11.5,42.0
85161,50.75,8.33,42.0
85162,50.97,6.23,42.0
85163,53.63,7.38,42.0
85164,52.82,7.64,42.0
85167,48.63,6.41,42.0
85169,49.58,4.13,42.0
85171,50.33,0.0,42.0
85172,50.15,6.38,42.0
85174,49.11,3.16,42.0
85175,49.45,7.69,42.0
85176,53.53,17.28,42.0
85177,51.02,4.68,42.0
85178,50.33,11.56,42.0
85179,48.66,6.2,42.0
85181,48.94,6.95,42.0
85182,50.59,8.96,42.0
85184,49.43,3.57,42.0
85185,52.51,7.69,42.0
85186,49.63,5.81,42.0
85187,50.78,5.25,42.0
85188,48.66,5.94,42.0
85189,50.26,4.33,42.0
85190,50.27,7.79,42.0
85191,52.64,13.9,42.0
85192,48.47,2.35,42.0
85193,49.66,5.76,42.0
85194,53.61,12.69,42.0
85196,49.01,8.56,42.0
85197,50.18,6.66,42.0
85198,49.88,7.75,42.0
85199,48.18,4.92,42.0
85200,48.43,3.57,42.0
85201,48.98,17.86,42.0
85202,49.67,5.87,42.0
85204,52.71,5.05,42.0
85205,50.95,4.05,42.0
85206,49.14,13.69,42.0
85207,49.24,2.86,42.0
85208,48.99,11.45,42.0
85209,51.71,4.69,42.0
85210,49.04,3.63,42.0
85211,49.32,6.85,42.0
85213,50.4,6.83,42.0
85214,49.51,5.86,42.0
85215,49.74,4.7,42.0
85216,49.59,7.33,42.0
85218,49.39,6.4,42.0
85220,48.37,5.21,42.0
85221,51.5,6.02,42.0
85222,54.73,11.01,42.0
85223,50.68,7.2,42.0
85226,52.04,7.8,42.0
85227,52.48,9.52,42.0
85229,49.19,2.13,42.0
85231,50.92,9.68,42.0
85232,46.85,5.73,42.0
85234,53.27,7.29,42.0
85235,48.11,9.52,42.0
85236,50.32,7.02,42.0
85237,51.18,3.05,42.0
85238,51.63,15.21,42.0
85239,49.16,5.56,42.0
85240,49.35,6.98,42.0
85242,49.66,9.88,42.0
85243,51.95,3.94,42.0
85244,50.1,4.87,42.0
85245,53.85,11.11,42.0
85246,50.61,4.37,42.0
85247,47.52,10.18,42.0
85248,49.15,2.56,42.0
85250,49.97,6.06,42.0
85251,49.53,4.29,42.0
85252,50.34,0.0,42.0
85254,49.53,5.54,42.0
85255,51.18,5.71,42.0
85256,49.93,7.8,42.0
85259,50.61,10.14,42.0
85260,48.68,2.44,42.0
85261,50.11,0.0,42.0
85262,49.44,8.77,42.0
85264,50.93,4.55,42.0
85265,51.03,5.33,42.0
85266,49.18,6.96,42.0
85267,48.99,3.4,42.0
85268,50.14,5.2,42.0
85269,51.79,17.22,42.0
85273,49.34,4.53,42.0
85274,50.47,0.0,42.0
85276,46.91,2.46,42.0
85277,48.73,6.99,42.0
85278,52.18,3.95,42.0
85280,49.92,8.12,42.0
85281,50.24,8.6,42.0
85282,47.95,4.26,42.0
85284,50.62,7.84,42.0
85285,48.11,2.38,42.0
85286,49.61,3.56,42.0
85287,50.64,0.0,42.0
85288,52.07,9.21,42.0
85289,50.54,1.89,42.0
85290,48.89,9.85,42.0
85291,49.54,11.68,42.0
85292,46.66,5.43,42.0
85293,48.33,8.9,42.0
85294,53.44,6.7,42.0
85295,49.43,8.59,42.0
85296,49.57,5.6,42.0
85297,47.88,8.91,42.0
85298,52.08,8.07,42.0
85300,50.09,8.75,42.0
85301,47.78,6.74,42.0
85302,49.76,8.36,42.0
85303,51.68,4.34,42.0
85304,52.62,5.17,42.0
85305,52.86,5.41,42.0
85306,48.18,9.32,42.0
86001,47.14,5.16,42.0
86002,48.14,10.17,42.0
86003,48.99,20.0,42.0
86004,51.87,31.82,42.0
86005,49.69,4.61,42.0
86006,49.46,5.77,42.0
86007,50.71,11.2,42.0
86008,46.76,3.22,42.0
86009,50.17,7.95,42.0
86010,47.28,6.17,42.0
86011,52.0,11.76,42.0
86012,45.45,0.0,42.0
86013,47.32,14.29,42.0
86014,49.97,10.73,42.0
86015,51.61,3.66,42.0
86016,50.88,13.48,42.0
86017,49.49,6.97,42.0
86018,49.87,3.45,42.0
86019,50.4,7.99,42.0
86020,52.18,13.64,42.0
86022,51.6,5.0,42.0
86023,50.59,3.85,42.0
86024,49.25,11.59,42.0
86025,51.2,5.0,42.0
86026,47.52,1.75,42.0
86027,52.94,21.57,42.0
86028,50.97,14.55,42.0
86029,52.21,4.55,42.0
86031,52.25,11.17,42.0
86032,50.14,9.68,42.0
86034,47.24,5.56,42.0
86035,52.63,6.67,42.0
86036,49.88,6.96,42.0
86037,52.83,2.86,42.0
86038,51.73,13.04,42.0
86039,51.53,3.37,42.0
86040,45.83,0.0,42.0
86041,53.66,19.67,42.0
86042,49.77,5.06,42.0
86044,53.39,4.65,42.0
86045,51.04,13.57,42.0
86046,52.39,10.97,42.0
86047,44.8,1.96,42.0
86048,51.35,6.19,42.0
86049,50.1,8.16,42.0
86050,49.76,8.7,42.0
86051,48.83,9.09,42.0
86052,48.77,4.57,42.0
86053,49.47,10.42,42.0
86054,49.43,7.31,42.0
86055,50.57,11.11,42.0
86058,50.17,20.83,42.0
86059,49.95,7.55,42.0
86061,51.72,3.53,42.0
86062,46.75,16.1,42.0
86063,47.3,8.33,42.0
86064,55.04,8.14,42.0
86065,49.38,6.19,42.0
86066,52.84,11.11,42.0
86068,50.63,6.25,42.0
86069,47.06,4.76,42.0
86070,52.98,13.19,42.0
86072,49.14,5.08,42.0
86073,51.35,8.66,42.0
86074,47.83,7.62,42.0
86075,48.44,4.17,42.0
86076,49.14,15.64,42.0
86077,51.36,9.35,42.0
86078,55.09,5.83,42.0
86079,47.76,5.45,42.0
86080,50.15,3.92,42.0
86081,48.79,14.06,42.0
86082,51.52,8.38,42.0
86083,52.03,7.55,42.0
86084,50.32,0.0,42.0
86085,47.17,0.0,42.0
86086,51.0,5.64,42.0
86087,45.9,5.0,42.0
86088,52.93,22.5,42.0
86089,51.91,21.01,42.0
86090,50.0,0.0,42.0
86091,48.43,7.88,42.0
86092,52.23,5.51,42.0
86093,52.15,0.0,42.0
86094,50.82,13.43,42.0
86095,51.32,9.42,42.0
86096,47.68,7.25,42.0
86097,47.13,3.75,42.0
86098,48.61,0.0,42.0
86099,50.7,13.0,42.0
86100,52.72,21.11,42.0
86102,50.38,9.23,42.0
86103,54.54,10.14,42.0
86104,49.1,14.28,42.0
86105,48.63,8.57,42.0
86106,44.25,0.0,42.0
86107,51.17,8.83,42.0
86108,50.61,3.33,42.0
86109,51.08,27.78,42.0
86110,47.77,5.0,42.0
86111,51.94,5.56,42.0
86112,54.03,2.23,42.0
86113,51.05,9.89,42.0
86114,50.48,14.63,42.0
86115,49.73,11.98,42.0
86116,48.81,13.1,42.0
86117,50.55,1.79,42.0
86118,49.46,0.0,42.0
86119,49.39,4.31,42.0
86120,50.72,3.85,42.0
86121,51.06,5.38,42.0
86122,45.59,0.0,42.0
86123,49.92,9.98,42.0
86124,50.55,10.08,42.0
86125,49.48,2.0,42.0
86126,47.04,5.4,42.0
86127,49.75,0.0,42.0
86128,53.13,4.37,42.0
86129,49.42,7.84,42.0
86130,47.25,5.51,42.0
86131,52.04,8.72,42.0
86132,47.49,21.05,42.0
86133,50.32,15.6,42.0
86134,49.29,5.26,42.0
86135,49.32,17.65,42.0
86136,52.39,3.12,42.0
86137,52.35,8.42,42.0
86138,48.5,0.0,42.0
86139,51.6,11.85,42.0
86140,51.08,10.55,42.0
86141,47.96,9.01,42.0
86142,48.58,4.51,42.0
86143,46.86,0.0,42.0
86144,50.93,17.18,42.0
86145,49.69,15.13,42.0
86147,49.25,14.81,42.0
86148,50.15,8.97,42.0
86149,50.28,3.03,42.0
86150,47.72,9.52,42.0
86151,50.52,5.26,42.0
86152,50.09,5.0,42.0
86153,49.16,4.71,42.0
86154,45.71,6.67,42.0
86156,52.3,12.0,42.0
86157,52.84,23.37,42.0
86158,51.72,18.17,42.0
86159,54.18,4.17,42.0
86160,52.88,10.86,42.0
86161,51.24,5.56,42.0
86162,45.37,16.67,42.0
86163,50.86,23.58,42.0
86164,50.68,7.3,42.0
86165,52.35,11.21,42.0
86167,53.29,5.08,42.0
86169,50.3,2.98,42.0
86170,47.88,8.57,42.0
86171,49.14,2.81,42.0
86172,56.5,0.0,42.0
86173,49.4,3.08,42.0
86174,51.29,7.34,42.0
86175,50.49,3.4,42.0
86176,47.17,0.0,42.0
86177,53.57,14.29,42.0
86178,50.74,11.61,42.0
86180,51.6,20.15,42.0
86181,44.95,20.0,42.0
86182,48.53,14.66,42.0
86183,50.43,6.41,42.0
86184,47.31,4.61,42.0
86186,49.59,7.45,42.0
86187,47.44,2.16,42.0
86189,41.05,6.67,42.0
86190,52.09,7.59,42.0
86191,48.84,8.33,42.0
86192,49.43,0.0,42.0
86193,49.56,5.4,42.0
86194,53.57,21.99,42.0
86195,49.27,2.27,42.0
86196,50.0,8.7,42.0
86197,49.19,0.0,42.0
86198,49.95,7.17,42.0
86200,49.85,2.53,42.0
86201,47.22,10.53,42.0
86202,54.62,3.85,42.0
86203,49.07,4.17,42.0
86204,50.81,21.38,42.0
86205,48.04,0.0,42.0
86206,46.67,0.0,42.0
86207,55.63,8.27,42.0
86209,50.8,9.69,42.0
86210,50.59,7.9,42.0
86211,51.43,5.0,42.0
86213,50.03,8.51,42.0
86214,53.61,20.29,42.0
86217,48.92,10.71,42.0
86218,50.24,11.76,42.0
86220,51.13,0.0,42.0
86221,49.23,6.73,42.0
86222,52.45,17.7,42.0
86223,49.82,7.26,42.0
86224,52.34,12.61,42.0
86225,50.08,4.07,42.0
86226,51.19,16.61,42.0
86227,52.21,0.0,42.0
86228,48.68,12.5,42.0
86229,51.08,3.7,42.0
86230,53.53,0.0,42.0
86233,49.7,9.93,42.0
86234,53.05,3.23,42.0
86235,51.52,11.86,42.0
86236,53.1,5.0,42.0
86237,51.24,2.7,42.0
86239,48.26,7.69,42.0
86241,51.43,9.68,42.0
86242,49.38,3.45,42.0
86244,48.92,9.82,42.0
86245,51.83,12.29,42.0
86246,52.43,1.43,42.0
86247,50.05,5.55,42.0
86248,48.19,4.39,42.0
86249,51.61,10.0,42.0
86250,48.45,0.0,42.0
86252,49.38,7.02,42.0
86253,48.93,4.26,42.0
86254,48.43,12.09,42.0
86255,51.38,4.17,42.0
86256,50.89,15.52,42.0
86257,47.23,2.7,42.0
86258,50.94,13.79,42.0
86260,46.96,4.0,42.0
86261,52.91,19.81,42.0
86262,50.1,7.03,42.0
86263,52.98,14.96,42.0
86264,50.96,6.72,42.0
86265,50.21,1.87,42.0
86266,53.23,0.0,42.0
86268,50.27,11.21,42.0
86269,50.26,0.0,42.0
86270,50.92,0.0,42.0
86271,46.86,13.58,42.0
86272,50.62,10.34,42.0
86273,50.13,2.75,42.0
86274,52.77,3.23,42.0
86275,48.8,6.9,42.0
86276,53.82,6.32,42.0
86279,49.17,8.16,42.0
86280,47.85,6.9,42.0
86281,50.37,8.89,42.0
86284,48.68,7.69,42.0
86285,52.81,10.2,42.0
86286,46.3,2.7,42.0
86287,45.36,9.37,42.0
86288,50.46,14.0,42.0
86289,43.16,4.85,42.0
86290,52.24,9.55,42.0
86291,41.0,0.0,42.0
86292,49.31,7.83,42.0
86293,44.61,10.29,42.0
86294,52.01,11.01,42.0
86295,52.91,10.6,42.0
86296,49.36,4.35,42.0
86297,51.46,17.48,42.0
86298,50.18,11.0,42.0
86299,47.8,5.13,42.0
86300,50.27,11.36,42.0
87001,53.34,13.88,42.0
87002,52.02,10.31,42.0
87003,50.68,8.22,42.0
87004,46.77,8.33,42.0
87005,49.95,7.15,42.0
87006,51.25,5.16,42.0
87007,47.45,11.11,42.0
87008,45.07,9.09,42.0
87009,49.62,10.0,42.0
87011,52.75,9.56,42.0
87012,48.59,12.2,42.0
87013,48.09,18.97,42.0
87014,52.66,5.33,42.0
87015,50.85,12.12,42.0
87016,48.99,14.29,42.0
87017,50.56,4.44,42.0
87018,49.24,18.37,42.0
87019,51.26,13.85,42.0
87020,49.31,11.53,42.0
87021,49.73,14.15,42.0
87022,48.33,17.65,42.0
87023,50.27,25.0,42.0
87024,50.97,6.52,42.0
87025,50.92,17.05,42.0
87027,50.83,8.0,42.0
87028,48.95,3.39,42.0
87029,51.69,7.11,42.0
87030,49.95,3.23,42.0
87031,50.76,8.7,42.0
87032,54.22,4.35,42.0
87033,47.81,4.17,42.0
87034,52.23,4.17,42.0
87035,47.45,6.29,42.0
87036,51.61,5.08,42.0
87037,51.76,4.76,42.0
87038,50.72,11.01,42.0
87039,50.43,8.33,42.0
87040,52.59,6.09,42.0
87041,51.84,7.27,42.0
87042,51.8,10.53,42.0
87043,47.5,0.0,42.0
87044,49.98,0.0,42.0
87045,50.55,7.5,42.0
87046,50.59,4.62,42.0
87047,49.06,9.55,42.0
87048,51.62,18.79,42.0
87049,51.49,5.17,42.0
87050,52.17,16.37,42.0
87051,51.47,7.02,42.0
87052,53.37,0.0,42.0
87053,52.81,0.0,42.0
87054,54.13,4.14,42.0
87056,47.35,0.0,42.0
87057,51.37,11.54,42.0
87058,53.47,7.14,42.0
87059,55.39,5.37,42.0
87060,51.78,5.25,42.0
87061,49.64,3.7,42.0
87062,47.72,6.98,42.0
87063,48.13,10.24,42.0
87064,51.73,5.39,42.0
87065,53.55,15.7,42.0
87066,49.53,8.41,42.0
87067,48.06,0.0,42.0
87068,48.48,7.87,42.0
87069,47.3,0.0,42.0
87070,50.3,19.15,42.0
87071,51.86,2.47,42.0
87072,49.75,11.54,42.0
87073,48.62,20.0,42.0
87074,51.54,0.0,42.0
87075,53.84,21.89,42.0
87076,44.72,25.0,42.0
87077,50.63,8.99,42.0
87078,48.3,7.25,42.0
87079,48.13,5.63,42.0
87080,53.29,0.0,42.0
87081,50.55,11.27,42.0
87082,52.12,4.88,42.0
87083,52.45,2.27,42.0
87084,49.7,12.5,42.0
87085,53.53,16.3,42.0
87086,49.61,12.35,42.0
87087,54.93,7.18,42.0
87088,49.48,9.03,42.0
87089,53.01,5.04,42.0
87090,48.2,10.0,42.0
87091,48.85,4.58,42.0
87092,49.83,13.78,42.0
87093,48.53,14.29,42.0
87094,49.93,18.52,42.0
87095,48.45,6.67,42.0
87096,50.54,4.82,42.0
87097,50.01,7.59,42.0
87099,48.8,0.0,42.0
87100,51.24,0.0,42.0
87101,50.41,0.0,42.0
87103,53.03,7.25,42.0
87104,51.06,10.0,42.0
87105,50.34,5.48,42.0
87106,52.01,7.75,42.0
87107,51.3,7.41,42.0
87108,51.63,6.45,42.0
87109,47.4,5.0,42.0
87110,51.32,8.3,42.0
87111,52.37,9.02,42.0
87112,49.61,11.32,42.0
87113,51.59,11.73,42.0
87114,53.5,16.44,42.0
87115,50.52,18.18,42.0
87116,51.75,3.49,42.0
87117,47.47,4.44,42.0
87118,49.78,9.92,42.0
87119,54.35,13.27,42.0
87120,49.54,2.78,42.0
87121,52.03,4.08,42.0
87122,49.92,8.87,42.0
87123,48.97,27.27,42.0
87124,47.54,6.06,42.0
87125,51.62,13.99,42.0
87126,51.83,6.06,42.0
87127,52.16,7.72,42.0
87128,49.24,7.17,42.0
87129,48.73,6.25,42.0
87130,50.0,6.25,42.0
87131,50.11,3.57,42.0
87132,46.61,20.0,42.0
87133,49.8,2.25,42.0
87134,50.0,0.0,42.0
87135,50.54,2.86,42.0
87137,54.35,0.0,42.0
87138,49.81,7.02,42.0
87139,50.44,6.9,42.0
87140,50.7,6.67,42.0
87141,49.09,5.8,42.0
87142,47.18,13.87,42.0
87143,49.13,12.04,42.0
87144,49.8,8.9,42.0
87145,52.02,4.55,42.0
87146,53.7,8.99,42.0
87147,48.94,33.33,42.0
87148,50.75,12.5,42.0
87149,49.72,0.0,42.0
87150,48.14,5.06,42.0
87151,48.61,9.26,42.0
87152,50.15,9.71,42.0
87153,48.75,15.19,42.0
87154,53.57,9.1,42.0
87155,48.04,5.68,42.0
87156,51.24,16.34,42.0
87157,50.92,8.53,42.0
87158,50.56,5.17,42.0
87159,50.8,20.0,42.0
87160,46.87,6.55,42.0
87161,54.39,8.36,42.0
87162,52.48,10.53,42.0
87163,44.87,0.0,42.0
87164,48.26,8.52,42.0
87165,45.39,0.0,42.0
87166,49.43,11.63,42.0
87167,48.59,10.0,42.0
87168,51.03,1.98,42.0
87169,50.67,9.34,42.0
87170,50.95,4.55,42.0
87172,51.18,4.55,42.0
87174,50.49,8.42,42.0
87176,47.84,17.86,42.0
87177,50.2,11.63,42.0
87178,50.01,7.66,42.0
87179,47.46,4.55,42.0
87180,49.36,1.92,42.0
87181,51.15,15.78,42.0
87182,53.4,4.49,42.0
87183,50.53,9.69,42.0
87185,50.59,7.74,42.0
87186,49.06,17.1,42.0
87187,52.44,7.65,42.0
87188,49.55,10.25,42.0
87189,48.41,0.0,42.0
87190,51.19,4.17,42.0
87191,50.57,5.86,42.0
87192,50.67,23.13,42.0
87193,55.93,0.0,42.0
87194,48.88,8.33,42.0
87195,47.62,0.0,42.0
87197,48.09,6.18,42.0
87198,50.88,6.06,42.0
87199,50.0,3.23,42.0
87200,49.15,12.5,42.0
87201,51.38,13.2,42.0
87202,49.71,10.47,42.0
87203,49.66,5.56,42.0
87204,50.57,0.0,42.0
87205,51.17,16.85,42.0
87206,50.94,0.0,42.0
88001,45.83,0.0,42.0
88002,53.73,16.67,42.0
88003,51.61,0.0,42.0
88004,47.86,7.69,42.0
88005,48.9,12.5,42.0
88006,49.7,15.15,42.0
88007,50.0,0.0,42.0
88008,46.53,0.0,42.0
88009,51.26,4.59,42.0
88010,49.73,0.0,42.0
88011,50.31,10.18,42.0
88012,51.07,4.3,42.0
88013,56.18,14.29,42.0
88014,48.77,0.0,42.0
88015,50.21,0.0,42.0
88016,50.83,4.61,42.0
88017,50.33,20.0,42.0
88019,49.66,20.0,42.0
88020,53.68,16.67,42.0
88021,51.49,4.35,42.0
88022,48.17,0.0,42.0
88023,41.38,11.11,42.0
88024,47.75,10.0,42.0
88025,47.83,33.33,42.0
88026,49.3,17.14,42.0
88027,52.78,0.0,42.0
88028,49.5,20.89,42.0
88029,50.58,5.76,42.0
88030,48.3,8.33,42.0
88031,55.56,0.0,42.0
88032,51.49,4.49,42.0
88033,51.03,0.0,42.0
88035,48.25,0.0,42.0
88036,50.0,0.0,42.0
88037,48.06,9.76,42.0
88038,41.38,0.0,42.0
88039,52.52,3.7,42.0
88040,48.19,16.0,42.0
88041,53.27,33.33,42.0
88042,51.25,0.0,42.0
88043,48.84,0.0,42.0
88044,50.43,6.68,42.0
88045,40.23,12.82,42.0
88046,45.38,0.0,42.0
88047,53.28,5.26,42.0
88048,48.63,3.04,42.0
88049,51.92,0.0,42.0
88050,51.33,9.68,42.0
88051,50.81,0.0,42.0
88052,53.19,0.0,42.0
88053,48.61,14.29,42.0
88054,48.74,17.65,42.0
88055,45.96,0.0,42.0
88056,46.59,9.09,42.0
88057,43.33,0.0,42.0
88058,47.87,0.0,42.0
88059,51.89,3.23,42.0
88060,50.0,0.0,42.0
88061,46.64,4.35,42.0
88062,43.01,0.0,42.0
88063,46.62,0.0,42.0
88064,55.24,0.0,42.0
88065,51.47,6.9,42.0
88066,57.58,0.0,42.0
88068,50.9,8.0,42.0
88069,45.59,8.33,42.0
88070,56.9,7.14,42.0
88071,45.45,20.0,42.0
88073,51.0,8.7,42.0
88074,44.23,0.0,42.0
88075,51.23,7.98,42.0
88076,51.16,0.0,42.0
88077,45.94,1.83,42.0
88078,54.07,5.71,42.0
88079,51.85,8.33,42.0
88080,47.33,19.23,42.0
88081,53.22,4.81,42.0
88082,51.4,10.0,42.0
88083,50.23,5.56,42.0
88084,50.45,16.67,42.0
88085,48.69,5.26,42.0
88086,50.53,7.13,42.0
88087,52.0,21.98,42.0
88088,49.28,4.17,42.0
88089,46.79,3.58,42.0
88090,52.44,8.74,42.0
88091,50.58,2.69,42.0
88092,51.37,2.0,42.0
88093,48.72,0.0,42.0
88094,52.08,8.28,42.0
88095,51.37,5.73,42.0
88096,39.29,37.5,42.0
88097,48.78,33.33,42.0
88098,51.0,13.95,42.0
88099,50.77,14.75,42.0
88100,50.98,0.0,42.0
88101,51.16,11.71,42.0
88102,46.99,0.0,42.0
88103,48.75,0.0,42.0
88104,54.99,10.53,42.0
88105,50.81,23.08,42.0
88106,49.53,4.65,42.0
88107,44.0,0.0,42.0
88108,49.03,6.45,42.0
88109,49.65,11.11,42.0
88110,50.68,0.0,42.0
88111,47.03,14.19,42.0
88113,50.0,11.11,42.0
88114,51.47,7.32,42.0
88115,51.42,4.47,42.0
88116,51.14,5.54,42.0
88117,49.3,0.0,42.0
88118,52.42,1.61,42.0
88119,51.63,0.0,42.0
88120,49.75,2.3,42.0
88121,48.79,3.85,42.0
88122,49.45,2.51,42.0
88123,52.44,0.0,42.0
88124,49.73,5.8,42.0
88125,54.24,0.0,42.0
88126,50.95,8.46,42.0
88127,47.46,16.67,42.0
88128,49.81,2.98,42.0
88129,46.46,0.0,42.0
88130,51.37,0.0,42.0
88131,48.95,7.41,42.0
88132,50.58,16.9,42.0
88133,51.26,13.33,42.0
88134,53.07,12.5,42.0
88135,50.23,8.54,42.0
88136,51.36,11.94,42.0
88137,45.88,0.0,42.0
88138,49.37,14.29,42.0
88139,45.0,18.18,42.0
88140,50.27,0.0,42.0
88141,48.14,8.7,42.0
88142,49.98,17.39,42.0
88143,49.09,10.34,42.0
88144,53.57,0.0,42.0
88145,47.69,0.0,42.0
88146,49.44,5.56,42.0
88147,49.37,12.2,42.0
88148,50.64,10.06,42.0
88149,40.38,20.0,42.0
88150,53.77,4.47,42.0
88151,52.98,14.32,42.0
88152,51.19,9.52,42.0
88153,48.5,4.35,42.0
88154,49.55,15.14,42.0
88155,50.0,20.0,42.0
88156,42.95,14.29,42.0
88157,51.09,6.76,42.0
88158,51.51,6.88,42.0
88159,49.71,11.11,42.0
88160,51.37,14.51,42.0
88161,47.79,5.26,42.0
88162,51.18,0.0,42.0
88163,52.26,10.34,42.0
88164,47.42,0.0,42.0
88165,50.65,5.62,42.0
88166,48.15,4.76,42.0
88167,51.1,12.5,42.0
88168,50.0,0.0,42.0
88169,52.26,0.0,42.0
88170,50.13,4.35,42.0
88171,57.45,0.0,42.0
88172,47.23,0.0,42.0
88173,50.2,8.89,42.0
88174,48.98,7.69,42.0
88175,51.59,10.64,42.0
88176,50.2,2.77,42.0
88177,49.32,13.64,42.0
88178,51.22,23.85,42.0
88179,51.16,0.0,42.0
88180,56.8,0.0,42.0
88181,52.65,5.1,42.0
88182,51.01,0.0,42.0
88183,52.19,9.86,42.0
88184,51.85,2.07,42.0
88185,49.48,0.0,42.0
88186,48.94,0.0,42.0
88187,48.98,0.0,42.0
88188,50.3,3.12,42.0
88189,52.59,7.69,42.0
88190,51.03,8.51,42.0
88192,48.57,0.0,42.0
88193,51.03,0.0,42.0
88194,45.22,22.22,42.0
88195,46.67,16.67,42.0
88196,52.17,13.78,42.0
88197,46.72,16.99,42.0
88198,50.47,17.31,42.0
88199,50.0,12.5,42.0
88200,55.36,20.0,42.0
88201,49.14,9.89,42.0
88202,50.79,5.56,42.0
88203,49.03,6.06,42.0
88205,47.04,12.12,42.0
88206,52.5,6.58,42.0
88208,54.12,0.0,42.0
88209,53.09,7.78,42.0
88210,50.3,0.0,42.0
88212,50.59,0.0,42.0
88213,49.21,10.0,42.0
88214,51.32,0.0,42.0
88215,47.3,0.0,42.0
88216,50.35,6.58,42.0
88218,51.73,5.53,42.0
88219,50.0,0.0,42.0
88220,50.0,0.0,42.0
88221,48.13,0.0,42.0
88222,52.97,5.0,42.0
88223,50.88,0.0,42.0
88224,51.24,2.84,42.0
88225,48.98,10.08,42.0
88226,51.18,13.33,42.0
88227,47.3,0.0,42.0
88228,47.75,15.38,42.0
88229,50.57,0.0,42.0
88230,45.71,0.0,42.0
88231,49.69,10.87,42.0
88232,53.42,0.0,42.0
88233,47.54,12.5,42.0
88236,43.2,12.5,42.0
88237,51.17,0.0,42.0
88238,45.47,0.0,42.0
88239,50.0,14.29,42.0
88240,47.27,4.55,42.0
88241,50.22,2.48,42.0
88242,51.16,0.0,42.0
88243,50.51,7.14,42.0
88244,51.54,11.58,42.0
88245,52.23,12.12,42.0
88246,52.02,14.65,42.0
88247,49.77,8.24,42.0
88248,54.02,5.88,42.0
88249,56.35,0.0,42.0
88250,49.59,0.0,42.0
88251,51.44,5.1,42.0
88252,50.99,0.0,42.0
88253,50.98,15.49,42.0
88254,51.25,0.0,42.0
88255,51.65,0.0,42.0
88256,46.37,5.56,42.0
88257,48.63,10.0,42.0
88258,54.32,3.23,42.0
88259,53.11,7.41,42.0
88260,50.65,9.09,42.0
88261,50.1,1.79,42.0
88262,48.68,4.88,42.0
88263,47.38,0.0,42.0
88264,54.1,16.67,42.0
88265,45.83,0.0,42.0
88266,51.28,3.7,42.0
88267,47.97,5.66,42.0
88268,46.72,6.67,42.0
88269,47.05,0.0,42.0
88270,52.57,7.94,42.0
88271,48.58,6.22,42.0
88272,51.52,0.0,42.0
88273,50.59,16.28,42.0
88274,50.62,14.29,42.0
88275,45.3,4.76,42.0
88276,49.34,14.66,42.0
88277,43.41,0.0,42.0
88278,47.69,0.0,42.0
88279,48.08,0.0,42.0
88280,47.01,11.11,42.0
88281,48.63,5.56,42.0
88283,42.5,0.0,42.0
88284,48.23,9.37,42.0
88285,50.34,2.96,42.0
88286,51.02,8.33,42.0
88287,46.48,0.0,42.0
88288,50.0,0.0,42.0
88289,50.63,3.18,42.0
88290,52.59,0.0,42.0
88291,51.79,0.0,42.0
88292,49.74,11.12,42.0
88293,45.83,18.12,42.0
88294,50.2,3.78,42.0
88295,48.68,9.09,42.0
88296,52.46,0.0,42.0
88297,49.17,7.69,42.0
88298,43.55,11.11,42.0
88299,48.81,0.0,42.0
88300,51.18,6.25,42.0
88301,54.31,6.06,42.0
88302,49.63,4.74,42.0
88303,47.87,4.76,42.0
88304,52.09,10.62,42.0
88305,49.38,0.0,42.0
88306,44.44,0.0,42.0
88307,52.63,0.0,42.0
88308,50.91,6.45,42.0
88309,49.43,0.0,42.0
88310,51.87,4.55,42.0
88311,54.05,0.0,42.0
88312,47.21,7.14,42.0
88313,48.32,9.3,42.0
88314,46.53,14.29,42.0
88315,52.04,5.88,42.0
88316,42.86,0.0,42.0
88317,50.76,4.89,42.0
88318,49.34,9.09,42.0
88319,51.75,3.81,42.0
88320,49.84,22.86,42.0
88321,54.47,10.07,42.0
88322,48.11,2.08,42.0
88324,50.66,11.11,42.0
88325,44.38,7.69,42.0
88326,50.58,0.0,42.0
88327,51.74,6.34,42.0
88328,49.2,3.33,42.0
88330,52.82,0.0,42.0
88331,47.17,0.0,42.0
88332,49.3,4.76,42.0
88333,50.42,9.09,42.0
88334,50.93,0.0,42.0
88335,55.32,9.09,42.0
88336,46.58,16.67,42.0
88338,48.0,0.0,42.0
88340,48.03,10.88,42.0
88341,50.1,7.69,42.0
88342,50.81,6.67,42.0
88343,48.43,7.14,42.0
88344,51.79,20.0,42.0
88345,49.45,0.0,42.0
88346,48.87,1.77,42.0
88347,50.0,0.0,42.0
88348,50.35,7.69,42.0
88349,49.73,3.68,42.0
88350,50.0,0.0,42.0
88351,51.94,9.59,42.0
88352,48.21,0.0,42.0
88353,53.0,0.0,42.0
88354,50.56,5.88,42.0
88355,53.91,6.47,42.0
88356,47.57,4.17,42.0
88357,49.42,3.51,42.0
88358,49.69,5.87,42.0
88359,40.91,0.0,42.0
88360,47.64,0.0,42.0
88361,48.94,8.62,42.0
88362,52.21,0.0,42.0
88363,49.36,0.0,42.0
88364,46.58,0.0,42.0
88365,53.29,16.67,42.0
88366,53.53,4.16,42.0
88367,52.05,5.71,42.0
88368,49.32,0.0,42.0
88369,50.99,4.71,42.0
88370,51.32,0.0,42.0
88371,50.37,8.7,42.0
88372,52.46,5.27,42.0
88373,45.19,0.0,42.0
88374,43.48,0.0,42.0
88375,49.38,15.22,42.0
88376,49.98,6.56,42.0
88377,42.28,0.0,42.0
88378,57.29,10.0,42.0
88379,48.28,2.63,42.0
88380,50.96,0.0,42.0
88381,47.89,0.0,42.0
88382,44.44,16.67,42.0
88383,54.86,12.71,42.0
88385,49.82,7.94,42.0
88386,50.51,10.2,42.0
88387,45.36,6.25,42.0
88388,47.93,9.09,42.0
88389,48.24,0.0,42.0
88390,40.0,0.0,42.0
88391,49.75,14.71,42.0
88394,48.94,0.0,42.0
88395,52.68,0.0,42.0
88398,47.59,0.0,42.0
88399,47.57,10.0,42.0
88400,52.77,8.63,42.0
88401,52.1,3.67,42.0
88402,38.1,2.06,42.0
88403,45.31,0.0,42.0
88404,47.76,0.0,42.0
88406,49.62,0.0,42.0
88407,48.94,0.0,42.0
88408,51.02,8.68,42.0
88409,49.12,9.91,42.0
88410,54.85,0.0,42.0
88411,55.17,0.0,42.0
88412,48.73,0.0,42.0
88413,52.75,11.37,42.0
88415,51.2,10.08,42.0
88416,67.62,0.0,42.0
88417,48.32,7.89,42.0
88418,51.68,2.44,42.0
88419,45.52,0.0,42.0
88421,48.54,7.69,42.0
88423,52.34,5.43,42.0
88424,53.92,9.11,42.0
88425,49.46,5.27,42.0
88426,52.7,6.16,42.0
88427,47.01,20.0,42.0
88428,49.66,7.94,42.0
88429,49.52,11.38,42.0
88430,49.95,0.0,42.0
88431,52.03,0.0,42.0
88432,43.79,5.88,42.0
88433,45.21,11.11,42.0
88434,50.49,8.33,42.0
88435,49.49,8.7,42.0
88436,48.61,18.18,42.0
88437,48.0,14.29,42.0
88438,50.38,6.09,42.0
88439,49.28,13.13,42.0
88440,52.38,6.67,42.0
88441,50.0,0.0,42.0
88442,50.76,8.55,42.0
88443,49.43,0.0,42.0
88444,49.49,3.23,42.0
88445,49.38,9.05,42.0
88446,53.25,0.0,42.0
88447,51.24,5.5,42.0
88448,48.88,0.0,42.0
88449,50.71,0.0,42.0
88450,53.55,0.0,42.0
88451,52.36,7.83,42.0
88452,50.77,0.0,42.0
88453,52.94,0.0,42.0
88454,53.59,12.68,42.0
88455,51.0,11.11,42.0
88456,48.81,0.0,42.0
88457,54.68,0.0,42.0
88458,46.42,13.04,42.0
88459,44.19,20.0,42.0
88460,50.4,1.54,42.0
88461,52.0,0.0,42.0
88462,50.43,8.38,42.0
88463,49.38,12.12,42.0
88464,47.68,10.72,42.0
88465,52.85,7.0,42.0
88466,48.84,0.0,42.0
88467,49.46,14.75,42.0
88468,53.56,5.4,42.0
88469,57.0,14.29,42.0
88470,49.43,8.78,42.0
88471,44.33,0.0,42.0
88472,47.83,0.0,42.0
88473,47.56,0.0,42.0
88474,53.12,0.0,42.0
88475,52.54,0.0,42.0
88476,50.45,7.14,42.0
88477,48.48,0.0,42.0
88478,43.9,0.0,42.0
88479,48.51,7.14,42.0
88480,46.71,5.88,42.0
88481,50.26,5.97,42.0
88482,39.29,0.0,42.0
88483,50.24,14.8,42.0
88484,50.67,9.62,42.0
88485,46.27,0.0,42.0
88486,52.31,7.43,42.0
88487,50.24,5.7,42.0
88488,50.3,4.35,42.0
88489,47.41,16.19,42.0
88490,45.9,9.52,42.0
88491,50.78,0.0,42.0
88492,50.0,0.0,42.0
88493,44.0,100.0,42.0
88494,38.66,12.5,42.0
88495,50.27,13.04,42.0
88496,45.21,7.69,42.0
88497,49.6,1.92,42.0
88498,49.94,15.0,42.0
88499,47.13,6.25,42.0
88500,46.77,14.47,42.0
88501,50.0,14.29,42.0
88502,48.15,15.38,42.0
88503,48.3,0.0,42.0
88504,50.0,0.0,42.0
88505,48.72,11.11,42.0
88506,50.31,3.85,42.0
88507,50.51,12.5,42.0
88508,56.62,0.0,42.0
88509,45.37,20.0,42.0
88510,46.22,6.25,42.0
88511,56.25,0.0,42.0
88512,45.96,3.12,42.0
88513,52.53,5.94,42.0
88514,46.3,0.0,42.0
88515,52.94,38.46,42.0
88516,53.86,11.01,42.0
88517,51.1,5.26,42.0
88518,48.15,0.0,42.0
88519,50.29,17.91,42.0
88520,50.54,6.93,42.0
88521,51.29,14.29,42.0
88522,44.78,14.29,42.0
88523,53.12,16.67,42.0
88524,49.9,5.66,42.0
88525,46.72,16.67,42.0
88526,53.44,5.43,42.0
88527,52.86,5.0,42.0
88528,53.64,11.76,42.0
88529,50.47,15.38,42.0
88530,51.45,5.17,42.0
88531,50.44,13.57,42.0
88532,46.67,22.22,42.0
89002,47.89,9.09,42.0
89003,52.05,11.62,42.0
89004,50.83,10.98,42.0
89005,56.41,6.18,42.0
89006,46.31,11.76,42.0
89007,51.08,8.36,42.0
89008,52.63,0.0,42.0
89009,49.63,15.79,42.0
89010,57.14,5.88,42.0
89011,48.62,21.43,42.0
89012,47.13,0.0,42.0
89013,52.28,8.41,42.0
89014,52.54,9.09,42.0
89015,52.05,12.5,42.0
89016,48.84,0.0,42.0
89017,48.62,0.0,42.0
89018,50.62,5.26,42.0
89019,50.67,8.33,42.0
89020,52.21,0.0,42.0
89021,48.09,0.0,42.0
89022,51.85,9.52,42.0
89023,51.04,10.44,42.0
89024,52.74,14.17,42.0
89025,52.23,9.59,42.0
89027,48.29,0.0,42.0
89028,60.66,11.11,42.0
89029,48.58,9.18,42.0
89030,52.22,8.59,42.0
89031,51.45,9.09,42.0
89032,46.67,0.0,42.0
89033,50.64,8.07,42.0
89034,46.85,6.9,42.0
89035,51.0,5.0,42.0
89036,49.09,12.5,42.0
89037,47.29,15.31,42.0
89038,50.0,15.38,42.0
89039,48.0,0.0,42.0
89040,55.14,21.43,42.0
89041,52.06,3.7,42.0
89042,48.19,11.11,42.0
89043,54.0,6.25,42.0
89044,49.06,13.33,42.0
89045,51.17,6.9,42.0
89046,52.89,6.68,42.0
89048,44.59,3.23,42.0
89049,47.83,0.0,42.0
89050,49.61,2.11,42.0
89051,46.31,12.77,42.0
89053,48.64,7.69,42.0
89054,47.96,7.5,42.0
89055,52.19,3.74,42.0
89056,51.79,5.17,42.0
89057,49.2,4.35,42.0
89058,50.88,14.29,42.0
89059,50.37,1.7,42.0
89060,48.57,18.1,42.0
89061,49.66,7.69,42.0
89062,55.05,13.22,42.0
89063,48.69,17.72,42.0
89064,38.78,20.0,42.0
89065,52.0,0.0,42.0
89066,50.0,7.36,42.0
89067,49.11,5.26,42.0
89068,51.94,5.92,42.0
89069,51.13,3.39,42.0
89071,46.32,0.0,42.0
89072,55.63,6.67,42.0
89073,51.68,8.59,42.0
89074,50.53,6.78,42.0
89075,49.66,9.55,42.0
89076,47.22,6.76,42.0
89077,54.96,10.66,42.0
89079,49.24,10.17,42.0
89080,50.9,8.93,42.0
89081,43.82,0.0,42.0
89083,49.59,16.43,42.0
89084,48.41,2.86,42.0
89085,50.56,6.49,42.0
89086,51.14,7.56,42.0
89087,53.3,4.17,42.0
89088,48.42,8.89,42.0
89089,52.67,0.0,42.0
89091,52.21,3.68,42.0
89092,47.74,0.0,42.0
89093,48.28,10.0,42.0
89094,50.76,7.53,42.0
89095,52.14,0.0,42.0
89096,49.26,6.81,42.0
89098,46.15,8.57,42.0
89099,51.12,4.37,42.0
89100,51.05,7.8,42.0
89101,48.06,8.16,42.0
89102,50.99,11.17,42.0
89104,46.49,2.78,42.0
89105,50.69,17.78,42.0
89108,48.96,6.46,42.0
89111,45.22,7.52,42.0
89112,52.83,9.52,42.0
89113,50.53,14.04,42.0
89115,50.55,0.0,42.0
89116,50.94,21.62,42.0
89117,45.93,10.0,42.0
89118,53.41,9.09,42.0
89119,54.72,11.46,42.0
89120,44.29,0.0,42.0
89122,52.65,15.22,42.0
89123,52.44,13.04,42.0
89124,48.91,3.93,42.0
89125,52.29,4.0,42.0
89127,48.97,10.67,42.0
89128,49.57,6.25,42.0
89129,49.75,18.53,42.0
89130,50.15,6.49,42.0
89131,49.1,5.56,42.0
89132,49.09,14.29,42.0
89133,46.94,8.33,42.0
89134,49.67,3.61,42.0
89136,49.7,11.23,42.0
89137,52.36,6.67,42.0
89139,50.44,11.47,42.0
89141,42.02,36.36,42.0
89142,47.55,6.1,42.0
89143,47.38,3.24,42.0
89144,49.31,6.1,42.0
89145,50.25,11.43,42.0
89146,51.76,0.0,42.0
89147,50.53,5.26,42.0
89148,51.15,9.55,42.0
89149,52.13,0.0,42.0
89150,50.54,10.18,42.0
89151,49.2,6.14,42.0
89152,49.65,4.69,42.0
89153,52.9,5.14,42.0
89154,51.74,10.71,42.0
89155,49.5,9.84,42.0
89156,49.85,2.63,42.0
89158,53.35,10.76,42.0
89159,49.99,8.85,42.0
89160,48.96,13.41,42.0
89161,46.89,13.04,42.0
89162,48.88,17.19,42.0
89163,50.97,0.0,42.0
89164,50.0,0.0,42.0
89165,46.72,9.09,42.0
89167,51.03,6.73,42.0
89168,46.86,10.0,42.0
89169,52.6,4.58,42.0
89170,48.7,0.0,42.0
89171,51.05,3.7,42.0
89172,50.39,20.41,42.0
89173,48.7,6.52,42.0
89175,43.38,0.0,42.0
89176,46.38,0.0,42.0
89177,53.06,0.0,42.0
89179,50.72,13.08,42.0
89180,48.56,11.9,42.0
89181,50.74,0.0,42.0
89182,46.55,0.0,42.0
89183,51.61,25.0,42.0
89184,49.22,0.0,42.0
89186,50.68,3.83,42.0
89187,51.81,20.0,42.0
89188,51.0,9.09,42.0
89189,50.15,15.09,42.0
89190,50.55,5.0,42.0
89191,46.67,100.0,42.0
89194,50.0,8.33,42.0
89195,51.48,13.67,42.0
89196,48.53,11.62,42.0
89197,50.56,5.3,42.0
89198,50.92,15.61,42.0
89199,47.02,5.45,42.0
89200,46.82,8.0,42.0
89201,50.31,16.41,42.0
89202,49.98,0.0,42.0
89203,48.94,10.53,42.0
89204,53.64,7.28,42.0
89205,48.6,4.51,42.0
89206,51.2,9.33,42.0
89208,32.46,6.25,42.0
89209,48.22,6.54,42.0
89210,48.09,0.0,42.0
89211,45.76,14.29,42.0
89212,52.84,2.5,42.0
89214,47.18,0.0,42.0
89215,49.1,12.5,42.0
89216,51.4,0.0,42.0
89217,52.55,21.74,42.0
89218,50.62,11.11,42.0
89219,42.66,14.29,42.0
89220,53.45,3.33,42.0
89221,47.74,13.34,42.0
89222,47.03,3.7,42.0
89223,49.7,18.87,42.0
89224,53.9,5.26,42.0
89225,38.64,0.0,42.0
89226,51.59,5.26,42.0
89227,51.72,6.86,42.0
89228,49.93,11.94,42.0
89229,48.35,11.86,42.0
89230,51.99,10.57,42.0
89232,48.14,14.81,42.0
89233,51.42,0.0,42.0
89234,49.17,27.27,42.0
89235,50.6,6.74,42.0
89236,52.64,14.55,42.0
89237,48.79,7.64,42.0
89238,54.44,7.69,42.0
89239,50.29,11.79,42.0
89240,50.34,13.33,42.0
89242,51.92,5.0,42.0
89244,40.96,0.0,42.0
89245,51.48,12.36,42.0
89246,47.48,5.26,42.0
89247,52.99,4.63,42.0
89248,58.54,11.11,42.0
89249,51.95,0.0,42.0
89250,52.22,0.0,42.0
89251,46.81,11.11,42.0
89252,45.56,5.88,42.0
89253,49.21,7.14,42.0
89254,51.02,12.5,42.0
89255,51.16,8.95,42.0
89256,50.96,15.56,42.0
89257,51.64,4.33,42.0
89259,48.0,0.0,42.0
89261,55.48,7.41,42.0
89262,49.03,5.56,42.0
89263,52.31,8.2,42.0
89264,48.13,10.74,42.0
89265,47.9,11.69,42.0
89266,50.31,0.0,42.0
89267,52.85,17.65,42.0
89268,50.43,5.56,42.0
89270,52.55,8.33,42.0
89271,49.56,0.0,42.0
89272,50.2,16.67,42.0
89273,45.98,10.59,42.0
89274,50.4,9.25,42.0
89276,49.47,8.4,42.0
89277,45.06,0.0,42.0
89278,50.39,10.45,42.0
89279,51.99,15.12,42.0
89280,50.14,0.0,42.0
89281,47.18,11.11,42.0
89282,49.83,12.96,42.0
89283,49.42,7.84,42.0
89284,53.07,16.67,42.0
89285,46.23,23.01,42.0
89286,50.89,17.5,42.0
89287,51.58,9.04,42.0
89288,51.95,5.88,42.0
89289,47.05,22.58,42.0
89290,53.7,0.0,42.0
89291,46.97,4.88,42.0
89292,47.22,0.0,42.0
89295,53.08,16.67,42.0
89296,47.97,0.0,42.0
89297,50.47,0.0,42.0
89298,49.43,7.54,42.0
89299,44.44,0.0,42.0
89300,47.5,0.0,42.0
89302,44.95,13.64,42.0
89303,47.96,11.77,42.0
89304,48.81,7.94,42.0
89306,49.57,9.15,42.0
89307,51.37,9.84,42.0
89308,50.01,0.0,42.0
89309,53.99,8.94,42.0
89310,49.06,9.09,42.0
89311,51.48,7.75,42.0
89312,54.15,4.76,42.0
89313,48.3,5.01,42.0
89314,52.22,13.33,42.0
89315,51.63,6.67,42.0
89316,48.59,0.0,42.0
89318,49.36,6.73,42.0
89319,48.85,20.58,42.0
89320,54.35,0.0,42.0
89321,50.77,1.67,42.0
89323,50.0,0.0,42.0
89324,52.65,4.0,42.0
89325,47.2,11.11,42.0
89326,50.89,10.43,42.0
89327,50.41,17.02,42.0
89328,47.82,10.26,42.0
89329,41.98,22.22,42.0
89331,46.7,0.0,42.0
89332,49.07,9.85,42.0
89333,47.56,28.57,42.0
89334,50.08,22.92,42.0
89335,51.06,4.91,42.0
89336,45.39,4.2,42.0
89337,53.3,8.33,42.0
89338,51.72,12.3,42.0
89339,46.32,0.0,42.0
89341,49.49,9.8,42.0
89342,51.35,5.36,42.0
89344,51.82,8.69,42.0
89345,51.39,4.42,42.0
89346,54.99,25.4,42.0
89347,46.93,5.88,42.0
89348,52.8,8.21,42.0
89349,46.37,0.0,42.0
89350,49.97,0.0,42.0
89351,48.08,8.87,42.0
89352,53.64,20.83,42.0
89353,48.92,0.0,42.0
89354,51.12,9.5,42.0
89355,48.56,10.0,42.0
89359,51.39,2.86,42.0
89360,50.27,0.0,42.0
89361,53.47,0.0,42.0
89362,51.43,4.76,42.0
89363,43.88,9.09,42.0
89364,53.75,3.38,42.0
89365,48.44,12.2,42.0
89367,49.63,5.36,42.0
89368,53.29,12.64,42.0
89369,49.74,7.33,42.0
89370,52.28,10.09,42.0
89371,55.22,30.0,42.0
89373,51.16,12.07,42.0
89374,43.33,0.0,42.0
89375,44.05,25.0,42.0
89376,46.67,7.14,42.0
89377,45.59,0.0,42.0
89378,50.36,7.67,42.0
89379,48.92,6.25,42.0
89380,55.07,9.34,42.0
89382,53.89,10.95,42.0
89383,50.46,0.0,42.0
89384,51.76,6.94,42.0
89385,42.86,0.0,42.0
89386,47.79,0.0,42.0
89387,53.47,10.54,42.0
89388,48.32,10.99,42.0
89390,48.62,11.32,42.0
89391,51.36,5.31,42.0
89392,51.52,3.7,42.0
89393,49.09,0.0,42.0
89394,48.19,11.11,42.0
89395,51.94,7.69,42.0
89397,49.1,0.0,42.0
89398,53.09,7.69,42.0
89399,49.81,10.71,42.0
89400,49.47,5.26,42.0
89402,47.64,4.55,42.0
89403,51.69,25.0,42.0
89404,48.04,15.56,42.0
89405,47.78,15.38,42.0
89406,42.17,0.0,42.0
89407,55.61,7.37,42.0
89408,50.66,11.94,42.0
89409,44.26,20.0,42.0
89410,47.12,10.0,42.0
89411,50.76,9.01,42.0
89412,57.33,0.0,42.0
89413,48.72,20.0,42.0
89414,49.92,1.49,42.0
89415,48.69,11.11,42.0
89416,50.15,11.43,42.0
89417,53.21,0.0,42.0
89418,52.06,6.08,42.0
89419,54.02,9.57,42.0
89420,50.46,16.44,42.0
89422,48.84,0.0,42.0
89423,57.02,18.18,42.0
89424,52.24,13.33,42.0
89425,49.22,13.79,42.0
89426,53.41,4.76,42.0
89427,51.69,8.82,42.0
89428,49.51,10.53,42.0
89430,52.02,11.45,42.0
89431,48.39,0.0,42.0
89432,51.46,2.18,42.0
89433,48.34,11.54,42.0
89434,49.78,8.34,42.0
89436,48.39,8.14,42.0
89437,49.78,6.45,42.0
89438,50.2,22.29,42.0
89439,49.03,7.58,42.0
89440,49.54,7.32,42.0
89441,53.18,4.42,42.0
89442,48.95,8.33,42.0
89443,51.36,9.4,42.0
89445,51.92,0.0,42.0
89446,51.08,11.63,42.0
89447,47.13,5.88,42.0
89449,51.09,10.24,42.0
89450,48.82,5.77,42.0
89451,47.27,9.68,42.0
89452,45.81,5.04,42.0
89453,53.95,19.57,42.0
89456,50.08,0.0,42.0
89458,49.69,15.38,42.0
89459,51.19,2.78,42.0
89460,51.44,4.98,42.0
89461,52.75,8.79,42.0
89462,45.81,9.01,42.0
89463,47.86,13.04,42.0
89464,52.89,9.83,42.0
89465,52.9,6.9,42.0
89466,47.74,14.29,42.0
89467,49.39,19.17,42.0
89468,49.06,2.05,42.0
89469,51.35,2.24,42.0
89470,53.6,0.0,42.0
89471,48.44,13.73,42.0
89472,53.06,11.11,42.0
89474,49.97,6.45,42.0
89475,49.07,0.0,42.0
89477,47.42,0.0,42.0
89478,50.33,5.38,42.0
89479,44.83,9.84,42.0
89480,49.18,11.35,42.0
89481,39.25,9.09,42.0
89482,46.85,0.0,42.0
89483,50.19,6.66,42.0
89485,52.26,4.17,42.0
89486,50.99,14.29,42.0
90001,51.0,20.95,42.0
90002,52.41,14.71,42.0
90003,50.89,16.98,42.0
90004,52.1,18.75,42.0
90005,47.87,13.95,42.0
90006,44.71,9.22,42.0
90007,46.27,13.04,42.0
90008,52.35,15.47,42.0
90009,51.4,9.71,42.0
90010,49.71,18.09,42.0
90011,47.33,23.01,42.0
90012,51.85,23.92,42.0
90013,48.12,23.33,42.0
90014,48.37,6.98,42.0
90015,50.4,20.0,42.0
90016,46.85,33.33,42.0
90017,45.83,11.76,42.0
90018,49.3,24.39,42.0
90019,50.32,0.0,42.0
90020,50.21,16.67,42.0
90021,49.9,13.51,42.0
90022,51.85,16.45,42.0
90023,49.65,8.16,42.0
90024,46.1,13.33,42.0
90025,47.54,11.11,42.0
90026,50.67,18.69,42.0
90027,49.24,28.57,42.0
90028,48.25,2.43,42.0
90029,51.52,21.66,42.0
90030,52.38,0.0,42.0
90031,52.1,10.71,42.0
90032,50.8,15.05,42.0
90033,51.41,8.75,42.0
90034,51.87,8.86,42.0
90035,51.98,18.51,42.0
90036,49.55,31.63,42.0
90037,49.6,19.03,42.0
90039,51.58,22.83,42.0
90041,51.2,10.09,42.0
90042,50.31,24.41,42.0
90043,48.97,7.7,42.0
90044,51.27,25.0,42.0
90045,51.17,6.9,42.0
90046,46.71,0.0,42.0
90047,49.37,22.03,42.0
90048,50.37,30.0,42.0
90049,51.74,17.86,42.0
90050,51.78,25.0,42.0
90051,45.62,10.0,42.0
90052,52.39,9.95,42.0
90053,50.7,9.35,42.0
90054,51.11,23.91,42.0
90055,49.38,11.76,42.0
90056,50.16,5.43,42.0
90057,49.93,28.75,42.0
90058,53.07,15.69,42.0
90059,51.33,15.0,42.0
90060,51.08,0.0,42.0
90061,46.51,0.0,42.0
90062,48.17,6.9,42.0
90063,47.1,9.09,42.0
90064,47.09,7.41,42.0
90065,49.06,10.53,42.0
90066,49.58,0.0,42.0
90067,49.42,13.39,42.0
90068,49.72,19.76,42.0
90069,51.07,10.0,42.0
90070,48.89,8.79,42.0
90071,50.63,9.05,42.0
90072,50.85,13.39,42.0
90074,51.96,6.45,42.0
90075,51.28,18.1,42.0
90076,52.78,28.44,42.0
90077,49.03,10.0,42.0
90078,52.33,12.5,42.0
90079,51.61,10.34,42.0
90080,47.95,4.5,42.0
90081,51.02,6.33,42.0
90082,46.9,20.69,42.0
90083,49.24,0.0,42.0
90084,48.77,9.68,42.0
90085,39.76,0.0,42.0
90086,52.34,31.82,42.0
90087,52.27,15.16,42.0
90088,50.2,16.88,42.0
90089,51.92,9.22,42.0
90090,51.23,7.69,42.0
90091,51.73,17.18,42.0
90093,48.87,6.77,42.0
90094,35.81,8.29,42.0
90095,48.63,8.51,42.0
90096,47.43,20.0,42.0
90097,51.66,12.75,42.0
90098,52.96,19.05,42.0
90099,53.17,12.7,42.0
90100,49.57,0.0,42.0
90101,48.02,4.17,42.0
90102,49.0,14.61,42.0
90103,50.65,40.0,42.0
90104,51.58,16.61,42.0
90105,49.44,13.04,42.0
91001,48.44,17.41,42.0
91016,51.9,7.95,42.0
91017,50.52,26.22,42.0
91021,50.56,17.37,42.0
91022,45.24,12.5,42.0
91027,50.92,15.41,42.0
91035,49.33,11.11,42.0
91037,49.45,14.29,42.0
91038,48.29,20.49,42.0
91041,49.57,29.48,42.0
91044,51.78,26.18,42.0
91045,52.28,14.43,42.0
91047,49.46,16.8,42.0
91064,50.0,38.22,42.0
91067,49.57,0.0,42.0
91069,48.92,11.11,42.0
91075,43.75,33.33,42.0
91079,50.68,26.42,42.0
91080,50.14,11.49,42.0
91081,48.54,15.7,42.0
91085,50.73,20.59,42.0
91086,52.12,20.82,42.0
91093,47.36,57.89,42.0
91095,51.29,20.79,42.0
91097,53.61,19.54,42.0
91098,50.94,8.89,42.0
91099,51.32,14.59,42.0
91100,51.29,16.95,42.0
91103,50.77,19.52,42.0
91105,51.73,20.0,42.0
91106,51.67,15.62,42.0
91109,50.85,18.18,42.0
91111,50.52,31.86,42.0
91112,53.57,20.0,42.0
91114,51.75,27.46,42.0
91115,51.41,21.13,42.0
91121,50.86,18.37,42.0
91122,51.01,51.5,42.0
91129,49.91,18.62,42.0
91130,49.2,23.15,42.0
91131,49.02,23.81,42.0
91132,50.56,19.13,42.0
91135,50.13,19.28,42.0
91136,48.51,14.45,42.0
91137,51.11,13.16,42.0
91145,59.72,60.0,42.0
91148,48.48,0.0,42.0
91156,50.76,14.55,42.0
91159,50.37,17.88,42.0
91161,51.79,15.69,42.0
91174,50.31,10.48,42.0
91175,52.06,20.11,42.0
91179,51.41,18.18,42.0
91180,51.56,29.73,42.0
91184,49.61,13.63,42.0
91186,50.82,27.54,42.0
91191,52.23,22.58,42.0
91195,50.59,14.08,42.0
91198,49.59,18.21,42.0
91200,52.8,17.7,42.0
91201,52.47,22.59,42.0
91204,50.14,26.51,42.0
91207,51.99,12.46,42.0
91215,53.94,10.02,42.0
91216,51.76,26.95,42.0
91223,51.05,10.34,42.0
91225,52.55,34.43,42.0
91226,52.23,20.61,42.0
91228,51.64,14.62,42.0
91232,51.7,17.22,42.0
91235,35.09,5.81,42.0
91240,47.44,10.0,42.0
91243,50.72,25.7,42.0
91244,49.39,18.11,42.0
91247,48.68,18.87,42.0
91248,51.35,6.67,42.0
91249,49.59,29.23,42.0
91272,49.55,50.66,42.0
91273,48.71,10.21,42.0
91274,48.63,36.17,42.0
91275,50.65,40.86,42.0
91284,49.72,19.58,42.0
91286,49.53,4.68,42.0
91292,48.65,28.74,42.0
91293,48.42,15.9,42.0
91294,49.14,9.86,42.0
91312,49.84,39.01,42.0
91315,49.95,18.01,42.0
91318,49.67,22.22,42.0
91319,50.41,33.78,42.0
91326,50.61,25.83,42.0
91330,50.33,23.95,42.0
91332,46.72,20.78,42.0
91333,51.28,21.06,42.0
91338,51.79,28.97,42.0
91339,49.53,21.8,42.0
91340,51.53,17.15,42.0
91345,52.2,19.65,42.0
91347,52.52,31.48,42.0
91359,52.04,13.64,42.0
91363,51.44,27.58,42.0
91374,49.79,0.0,42.0
91376,51.26,24.1,42.0
91377,49.84,32.2,42.0
91378,50.71,16.67,42.0
91386,51.82,26.15,42.0
91390,50.55,14.6,42.0
91393,49.37,14.88,42.0
91399,51.6,11.11,42.0
91405,51.78,18.98,42.0
91408,48.93,28.11,42.0
91411,50.55,45.45,42.0
91412,49.59,11.11,42.0
91414,48.4,2.63,42.0
91421,51.81,24.73,42.0
91425,49.7,21.74,42.0
91432,51.3,19.72,42.0
91433,52.36,17.49,42.0
91434,52.07,19.51,42.0
91435,46.54,25.93,42.0
91441,51.45,9.9,42.0
91457,50.91,25.85,42.0
91458,50.91,31.91,42.0
91461,48.88,21.08,42.0
91463,51.11,13.64,42.0
91468,49.94,14.28,42.0
91469,49.49,12.87,42.0
91471,49.47,49.87,42.0
91473,49.68,31.82,42.0
91477,49.2,39.55,42.0
91479,51.0,15.14,42.0
91482,47.84,18.87,42.0
91494,50.42,25.8,42.0
91495,51.38,6.45,42.0
91507,51.87,16.67,42.0
91508,50.44,14.81,42.0
91511,49.9,6.47,42.0
91514,52.43,15.68,42.0
91519,49.58,20.49,42.0
91521,51.13,13.59,42.0
91525,52.28,19.84,42.0
91526,50.89,33.33,42.0
91533,50.55,13.04,42.0
91534,51.12,42.78,42.0
91538,51.07,48.61,42.0
91540,52.31,19.92,42.0
91544,50.42,14.04,42.0
91546,49.85,34.26,42.0
91547,48.36,16.01,42.0
91549,51.08,18.55,42.0
91552,51.26,13.82,42.0
91553,51.81,30.51,42.0
91556,51.24,23.81,42.0
91560,49.68,27.91,42.0
91568,49.84,27.38,42.0
91570,52.3,17.68,42.0
91573,52.3,20.91,42.0
91577,51.49,18.58,42.0
91578,49.39,22.22,42.0
91579,52.18,28.68,42.0
91581,48.19,29.67,42.0
91587,51.74,27.01,42.0
91589,50.85,22.69,42.0
91593,50.78,35.26,42.0
91599,50.21,16.41,42.0
91600,51.95,28.19,42.0
91602,53.99,18.18,42.0
91613,49.29,35.29,42.0
91617,51.52,25.5,42.0
91619,48.58,40.0,42.0
91629,49.28,10.91,42.0
91630,51.13,28.19,42.0
91631,50.88,26.96,42.0
91634,49.78,23.8,42.0
91635,50.8,44.39,42.0
91639,50.8,12.64,42.0
91645,52.26,45.52,42.0
91648,49.55,21.53,42.0
91649,51.1,20.0,42.0
91654,49.92,15.62,42.0
91657,52.22,13.13,42.0
91659,51.21,13.28,42.0
91661,51.31,32.42,42.0
91662,47.53,19.12,42.0
91665,50.9,20.65,42.0
91666,49.8,22.08,42.0
91667,51.48,32.26,42.0
91671,48.21,14.83,42.0
91679,51.92,39.69,42.0
91685,50.74,21.24,42.0
91687,52.0,14.87,42.0
91689,51.7,27.99,42.0
91691,52.0,26.39,42.0
91692,49.9,16.8,42.0
92002,51.92,44.19,42.0
92004,52.19,36.94,42.0
92007,51.94,19.95,42.0
92009,53.14,40.1,42.0
92012,53.22,48.25,42.0
92014,51.78,48.83,42.0
92019,52.09,31.83,42.0
92020,52.56,40.35,42.0
92022,51.78,42.72,42.0
92023,52.23,33.69,42.0
92024,51.53,28.91,42.0
92025,51.84,29.39,42.0
92026,52.64,46.54,42.0
92032,53.53,33.76,42.0
92033,52.64,43.88,42.0
92035,52.45,42.08,42.0
92036,50.89,11.66,42.0
92040,52.14,46.5,42.0
92044,53.66,46.19,42.0
92046,52.07,30.11,42.0
92047,51.42,43.4,42.0
92048,52.26,37.81,42.0
92049,52.85,43.75,42.0
92050,50.83,23.37,42.0
92051,54.25,52.15,42.0
92060,51.37,37.29,42.0
92062,52.0,42.21,42.0
92063,52.37,42.33,42.0
92064,52.04,50.15,42.0
92071,52.95,49.93,42.0
92072,52.6,42.68,42.0
92073,52.31,43.55,42.0
92075,52.68,42.15,42.0
92076,52.23,53.12,42.0
92077,52.12,49.1,42.0
92078,52.36,11.26,42.0
93001,46.77,9.49,42.0
93005,50.37,12.02,42.0
93006,51.49,18.82,42.0
93007,50.31,6.9,42.0
93008,50.0,7.84,42.0
93010,51.07,9.95,42.0
93013,49.92,12.98,42.0
93014,50.35,4.85,42.0
93015,51.43,19.44,42.0
93027,47.68,5.99,42.0
93029,50.58,8.65,42.0
93030,52.14,7.03,42.0
93031,51.31,9.04,42.0
93032,51.75,17.9,42.0
93033,51.38,31.01,42.0
93039,49.54,13.85,42.0
93045,54.08,31.16,42.0
93046,51.71,13.46,42.0
93047,51.34,11.48,42.0
93048,50.58,25.81,42.0
93049,52.35,26.79,42.0
93050,51.98,13.81,42.0
93051,51.49,22.11,42.0
93053,51.7,12.84,42.0
93055,50.38,21.34,42.0
93057,51.04,15.64,42.0
93061,51.1,21.48,42.0
93062,53.26,30.67,42.0
93063,51.91,15.76,42.0
93064,52.17,17.08,42.0
93066,48.91,12.46,42.0
93070,50.65,22.66,42.0
93071,50.38,7.67,42.0
93072,50.13,4.46,42.0
93073,50.93,10.81,42.0
93074,51.15,12.65,42.0
93077,51.28,21.88,42.0
93078,50.37,9.53,42.0
93079,50.91,5.6,42.0
94001,52.62,13.76,42.0
94002,52.44,23.89,42.0
94003,51.58,29.85,42.0
94004,52.73,13.44,42.0
94011,52.84,9.65,42.0
94015,51.15,39.75,42.0
94016,50.64,35.57,42.0
94017,51.88,16.09,42.0
94018,53.54,36.97,42.0
94019,52.12,16.5,42.0
94021,52.09,15.47,42.0
94022,51.23,18.41,42.0
94028,52.6,19.02,42.0
94033,51.37,29.0,42.0
94034,48.58,21.51,42.0
94037,51.13,25.21,42.0
94038,52.48,26.72,42.0
94041,50.02,21.98,42.0
94042,51.71,33.96,42.0
94043,52.15,30.24,42.0
94044,52.6,14.53,42.0
94046,53.18,29.45,42.0
94047,51.67,24.18,42.0
94048,52.06,32.31,42.0
94052,53.39,43.65,42.0
94053,51.93,22.2,42.0
94054,51.91,10.51,42.0
94055,51.25,23.14,42.0
94056,50.29,22.68,42.0
94058,52.57,35.63,42.0
94059,52.58,21.8,42.0
94060,51.78,16.29,42.0
94065,52.32,28.08,42.0
94067,53.58,44.69,42.0
94068,52.99,37.49,42.0
94069,52.34,36.68,42.0
94070,52.16,20.22,42.0
94071,51.96,28.33,42.0
94073,52.25,21.38,42.0
94074,51.64,7.16,42.0
94075,52.5,21.59,42.0
94076,51.57,22.0,42.0
94077,51.22,11.83,42.0
94078,49.88,6.96,42.0
94079,51.78,22.74,42.0
94080,53.44,49.75,42.0
94081,50.66,14.86,42.0
95002,49.77,21.89,42.0
95008,49.83,15.03,42.0
95011,44.9,8.07,42.0
95012,44.71,10.0,42.0
95014,52.58,33.47,42.0
95018,50.39,13.73,42.0
95019,51.31,10.48,42.0
95023,50.15,15.84,42.0
95024,50.22,13.8,42.0
95026,50.5,25.1,42.0
95028,50.64,18.92,42.0
95039,51.62,26.18,42.0
95040,52.08,21.99,42.0
95042,52.25,24.46,42.0
95046,50.68,22.22,42.0
95051,52.42,28.39,42.0
95052,52.05,13.51,42.0
95054,51.42,17.97,42.0
95055,53.09,25.55,42.0
95056,50.53,11.54,42.0
95058,48.42,10.32,42.0
95059,48.93,24.32,42.0
95060,51.39,22.92,42.0
95061,50.93,27.08,42.0
95063,51.7,15.82,42.0
95074,51.46,28.87,42.0
95078,51.14,24.75,42.0
95088,49.82,6.01,42.0
95091,51.08,20.73,42.0
95094,52.01,8.5,42.0
95101,50.9,2.15,42.0
95102,50.2,26.46,42.0
95110,50.22,35.29,42.0
95116,50.82,9.77,42.0
95119,47.5,9.11,42.0
95120,50.76,27.75,42.0
95127,50.46,18.93,42.0
95134,51.29,14.2,42.0
95139,50.91,10.29,42.0
95141,40.62,0.0,42.0
95142,50.42,14.59,42.0
95144,54.69,12.5,42.0
95149,50.56,18.56,42.0
95150,47.79,10.17,42.0
95151,50.84,22.73,42.0
95154,52.57,16.22,42.0
95157,46.48,23.08,42.0
95166,49.09,26.82,42.0
95169,49.24,26.71,42.0
95170,48.02,25.0,42.0
95176,51.0,27.15,42.0
95177,51.81,18.7,42.0
95181,52.34,36.25,42.0
95183,50.54,27.45,42.0
95197,52.46,25.34,42.0
95199,52.97,17.89,42.0
95203,52.36,27.72,42.0
95205,51.84,17.49,42.0
95210,53.89,39.05,42.0
95211,52.67,23.61,42.0
95212,53.21,0.0,42.0
95213,49.94,27.94,42.0
95214,46.55,42.86,42.0
95218,52.55,21.16,42.0
95219,52.7,24.56,42.0
95229,52.94,19.37,42.0
95241,52.61,15.9,42.0
95250,51.76,12.79,42.0
95252,51.81,16.43,42.0
95253,47.66,35.25,42.0
95254,49.57,16.67,42.0
95256,49.88,20.5,42.0
95257,51.34,32.06,42.0
95258,53.73,22.8,42.0
95268,49.85,5.17,42.0
95270,50.48,7.14,42.0
95271,46.7,14.24,42.0
95277,52.15,8.35,42.0
95280,51.12,5.81,42.0
95287,48.58,17.65,42.0
95288,51.74,24.58,42.0
95295,55.29,38.1,42.0
95298,48.52,20.08,42.0
95301,45.58,4.17,42.0
95303,47.34,20.0,42.0
95304,47.44,27.81,42.0
95306,52.57,25.26,42.0
95308,50.62,21.17,42.0
95309,47.11,28.57,42.0
95313,54.24,26.51,42.0
95316,51.84,26.92,42.0
95323,51.59,19.95,42.0
95328,46.94,20.35,42.0
95331,52.63,20.0,42.0
95341,51.3,22.22,42.0
95348,47.72,33.87,42.0
95351,50.77,12.91,42.0
95352,52.27,22.88,42.0
95353,49.97,22.15,42.0
95355,52.81,9.86,42.0
95365,51.34,12.26,42.0
95369,53.31,34.72,42.0
95370,52.81,17.8,42.0
95371,51.56,17.43,42.0
95379,51.72,33.33,42.0
95387,55.56,14.29,42.0
95388,51.32,17.58,42.0
95392,50.96,23.24,42.0
95394,50.5,18.84,42.0
95395,49.37,16.04,42.0
95409,49.39,23.13,42.0
95422,46.66,27.5,42.0
95424,51.57,12.28,42.0
95426,50.75,32.98,42.0
95427,51.16,15.39,42.0
95428,52.23,30.48,42.0
95429,47.91,13.16,42.0
95430,50.59,25.78,42.0
95436,50.85,16.25,42.0
95438,47.41,26.67,42.0
95445,52.92,22.72,42.0
95446,49.83,30.85,42.0
95447,45.6,26.09,42.0
95450,50.98,35.92,42.0
95452,51.29,24.35,42.0
95456,50.4,14.71,42.0
95459,52.57,24.32,42.0
95462,51.68,35.48,42.0
95476,48.57,19.57,42.0
95480,50.59,27.76,42.0
95483,52.79,19.67,42.0
95487,49.76,6.8,42.0
95488,51.04,14.41,42.0
95489,51.19,20.31,42.0
95491,52.37,24.3,42.0
95492,49.48,0.0,42.0
95493,49.39,9.09,42.0
95500,51.34,20.16,42.0
95504,51.89,23.72,42.0
95509,51.72,14.73,42.0
95510,50.23,23.73,42.0
95523,49.23,13.96,42.0
95527,48.58,14.29,42.0
95529,48.76,25.93,42.0
95535,49.09,28.3,42.0
95539,51.79,19.94,42.0
95541,52.3,10.64,42.0
95543,47.78,5.26,42.0
95554,51.41,23.94,42.0
95555,52.54,21.63,42.0
95563,51.6,26.78,42.0
95566,50.74,15.69,42.0
95572,51.02,15.24,42.0
95574,50.88,27.29,42.0
95580,51.3,35.09,42.0
95582,51.88,20.72,42.0
95584,51.77,27.94,42.0
95585,51.06,7.5,42.0
95592,48.99,25.34,42.0
95594,50.12,20.69,42.0
95598,52.4,24.07,42.0
95604,52.63,13.51,42.0
95607,52.12,19.33,42.0
95610,50.43,21.88,42.0
95611,50.94,25.0,42.0
95612,50.54,12.4,42.0
95625,51.99,20.33,42.0
95627,51.52,17.54,42.0
95628,52.34,32.81,42.0
95633,51.89,0.0,42.0
95637,50.64,21.88,42.0
95641,51.61,22.01,42.0
95651,51.78,19.27,42.0
95652,51.24,19.88,42.0
95656,49.44,32.39,42.0
95658,50.35,26.61,42.0
95660,49.19,17.72,42.0
95675,51.13,17.11,42.0
95676,50.85,19.95,42.0
95678,50.0,32.97,42.0
95680,50.74,6.08,42.0
95682,46.56,18.09,42.0
95690,49.85,25.64,42.0
97101,56.61,5.53,42.0
97102,52.41,4.29,42.0
97103,54.11,14.59,42.0
97104,55.1,7.38,42.0
97105,54.19,4.62,42.0
97106,53.59,7.03,42.0
97107,51.93,6.17,42.0
97108,50.22,7.14,42.0
97109,55.54,9.77,42.0
97110,50.94,2.48,42.0
97111,51.86,7.73,42.0
97112,54.34,6.22,42.0
97113,54.54,14.92,42.0
97114,55.41,9.53,42.0
97115,54.97,10.07,42.0
97116,54.18,5.48,42.0
97117,53.04,7.47,42.0
97118,52.89,17.69,42.0
97119,52.02,5.05,42.0
97120,57.08,6.4,42.0
97121,51.55,4.79,42.0
97122,54.98,4.96,42.0
97124,54.51,15.94,42.0
97125,53.32,8.71,42.0
97126,51.62,2.05,42.0
97128,53.11,7.99,42.0
97129,52.84,6.91,42.0
97130,48.88,2.82,42.0
97131,48.34,5.52,42.0
97132,53.51,9.51,42.0
97133,52.31,8.09,42.0
97134,55.13,3.68,42.0
97201,51.79,1.33,42.0
97202,50.65,6.21,42.0
97203,52.52,2.55,42.0
97204,55.16,9.77,42.0
97205,53.45,15.02,42.0
97206,52.26,13.53,42.0
97207,52.07,11.23,42.0
97208,49.49,4.48,42.0
97209,55.95,11.78,42.0
97210,53.38,8.07,42.0
97211,49.44,0.0,42.0
97212,53.12,3.67,42.0
97213,55.05,10.32,42.0
97214,53.98,3.68,42.0
97215,49.75,1.39,42.0
97216,53.27,3.05,42.0
97217,52.67,7.34,42.0
97218,52.02,2.63,42.0
97219,49.49,2.59,42.0
97220,53.09,3.87,42.0
97221,53.59,9.94,42.0
97222,53.85,7.9,42.0
97223,52.99,7.73,42.0
97224,54.47,8.76,42.0
97225,52.89,5.71,42.0
97226,50.77,7.13,42.0
97227,53.46,8.7,42.0
97228,52.75,3.26,42.0
97229,56.7,19.83,42.0
97230,56.07,10.84,42.0
97231,54.82,16.88,42.0
97232,53.1,5.43,42.0
97233,51.69,6.96,42.0
97234,54.2,7.27,42.0
97301,30.47,4.28,42.0
97302,54.08,10.9,42.0
97303,47.95,1.77,42.0
97304,50.79,11.37,42.0
97305,53.2,8.25,42.0
97306,48.7,8.87,42.0
97307,52.63,8.34,42.0
97308,50.45,4.64,42.0
97309,51.46,21.09,42.0
97310,43.84,7.81,42.0
97311,51.44,10.71,42.0
97312,52.32,6.44,42.0
97313,51.48,9.95,42.0
97314,40.97,0.0,42.0
97352,27.68,0.0,42.0
97353,37.95,5.18,42.0
97356,46.13,3.64,42.0
97357,51.16,9.09,42.0
97358,27.15,2.38,42.0
97360,53.09,4.59,42.0
97361,47.77,1.45,42.0
97362,38.43,3.39,42.0
97401,52.47,12.06,42.0
97402,53.36,7.49,42.0
97403,51.35,5.22,42.0
97404,49.96,13.47,42.0
97405,51.15,6.76,42.0
97406,51.01,5.04,42.0
97407,52.3,2.41,42.0
97408,51.99,13.37,42.0
97409,52.91,5.55,42.0
97410,51.87,4.97,42.0
97411,53.66,13.23,42.0
97412,51.42,4.28,42.0
97413,50.89,8.86,42.0
97414,52.5,3.96,42.0
97415,51.43,11.26,42.0
97416,52.37,9.34,42.0
97417,50.46,3.63,42.0
97418,51.63,10.42,42.0
97419,50.22,0.55,42.0
97420,51.72,6.7,42.0
97421,48.81,2.29,42.0
97422,51.76,6.21,42.0
97423,50.49,3.35,42.0
97424,49.43,2.78,42.0
